PlayerID,LastName,FirstName,Bats,Pitches,Team
alvaj002,Alvarez,Juan,L,L,ANA
andeg001,Anderson,Garret,L,L,ANA
baugj001,Baughman,Justin,R,R,ANA
belct001,Belcher,Tim,R,R,ANA
bottk001,Bottenfield,Kent,R,R,ANA
cleme001,Clemente,Edgard,R,R,ANA
coopb001,Cooper,Brian,R,R,ANA
dickj001,Dickson,Jason,L,R,ANA
disag001,Disarcina,Gary,R,R,ANA
durrt001,Durrington,Trent,R,R,ANA
erstd001,Erstad,Darin,L,L,ANA
ethes001,Etherton,Seth,R,R,ANA
fyhrm001,Fyhrie,Mike,R,R,ANA
gantr001,Gant,Ron,R,R,ANA
gil-b001,Gil,Benji,R,R,ANA
glaut001,Glaus,Troy,R,R,ANA
hases001,Hasegawa,Shigetoshi,R,R,ANA
hillk001,Hill,Ken,R,R,ANA
hincb001,Hinchliffe,Brett,R,R,ANA
holtm001,Holtz,Mike,L,L,ANA
johnk002,Johnson,Keith,R,R,ANA
karls001,Karl,Scott,L,L,ANA
kenna001,Kennedy,Adam,L,R,ANA
levia001,Levine,Al,L,R,ANA
luulk001,Luuloa,Keith,R,R,ANA
merck001,Mercker,Kent,L,L,ANA
molib001,Molina,Bengie,R,R,ANA
ortir002,Ortiz,Ramon,R,R,ANA
palmo001,Palmeiro,Orlando,L,L,ANA
perct001,Percival,Troy,R,R,ANA
petkm001,Petkovsek,Mark,R,R,ANA
potel001,Pote,Lou,R,R,ANA
salmt001,Salmon,Tim,R,R,ANA
schos001,Schoeneweis,Scott,L,L,ANA
spies001,Spiezio,Scott,B,R,ANA
stock001,Stocker,Kevin,B,R,ANA
turnd001,Turnbow,Derrick,R,R,ANA
vaugm001,Vaughn,Mo,L,R,ANA
walbm001,Walbeck,Matt,B,R,ANA
wardb001,Ward,Bryan,L,L,ANA
washj001,Washburn,Jarrod,L,L,ANA
weave001,Weaver,Eric,R,R,ANA
webeb001,Weber,Ben,R,R,ANA
wisem001,Wise,Matt,R,R,ANA
woots001,Wooten,Shawn,R,R,ANA
andeb002,Anderson,Brian,L,L,ARI
barar001,Barajas,Rod,R,R,ARI
bautd001,Bautista,Danny,R,R,ARI
bellj001,Bell,Jay,R,R,ARI
cabra001,Cabrera,Alex,R,R,ARI
colbg001,Colbrunn,Greg,R,R,ARI
contj001,Conti,Jason,L,R,ARI
counc001,Counsell,Craig,L,R,ARI
daalo001,Daal,Omar,L,L,ARI
delld001,Dellucci,David,L,L,ARI
durae001,Durazo,Erubiel,L,L,ARI
figun001,Figueroa,Nelson,B,R,ARI
finls001,Finley,Steve,L,L,ARI
fox-a001,Fox,Andy,L,R,ARI
friah001,Frias,Hanley,B,R,ARI
gilkb001,Gilkey,Bernard,R,R,ARI
gonzl001,Gonzalez,Luis,L,R,ARI
guzmg001,Guzman,Geraldo,R,R,ARI
harrl001,Harris,Lenny,L,R,ARI
holmd001,Holmes,Darren,R,R,ARI
johnr005,Johnson,Randy,R,L,ARI
kim-b001,Kim,Byung-Hyun,R,R,ARI
klasd001,Klassen,Danny,R,R,ARI
lee-t002,Lee,Travis,L,L,ARI
mantm001,Mantei,Matt,R,R,ARI
miesm001,Mieske,Matt,R,R,ARI
milld002,Miller,Damian,R,R,ARI
morgm001,Morgan,Mike,R,R,ARI
padiv001,Padilla,Vicente,R,R,ARI
plesd001,Plesac,Dan,L,L,ARI
reyna001,Reynoso,Armando,R,R,ARI
ruffj001,Ruffin,Johnny,R,R,ARI
ryanr001,Ryan,Rob,L,L,ARI
schic002,Schilling,Curt,R,R,ARI
sprir001,Springer,Russ,R,R,ARI
stink001,Stinnett,Kelly,R,R,ARI
stott001,Stottlemyre,Todd,L,R,ARI
swing001,Swindell,Greg,R,L,ARI
wardt001,Ward,Turner,B,R,ARI
willm003,Williams,Matt,R,R,ARI
womat001,Womack,Tony,L,R,ARI
ashba002,Ashby,Andy,R,R,ATL
bakop001,Bako,Paul,L,R,ATL
belis001,Belinda,Stan,R,R,ATL
bonib001,Bonilla,Bobby,B,R,ATL
burkj001,Burkett,John,R,R,ATL
chenb001,Chen,Bruce,L,L,ATL
derom001,DeRosa,Mark,R,R,ATL
furcr001,Furcal,Rafael,B,R,ATL
galaa001,Galarraga,Andres,R,R,ATL
glavt001,Glavine,Tom,L,L,ATL
helmw001,Helms,Wes,R,R,ATL
hubbm001,Hubbard,Mike,R,R,ATL
hubbt001,Hubbard,Trent,R,R,ATL
huntb001,Hunter,Brian,R,L,ATL
jonea002,Jones,Andruw,R,R,ATL
jonec004,Jones,Chipper,B,R,ATL
jordb001,Jordan,Brian,R,R,ATL
joynw001,Joyner,Wally,L,L,ATL
kamis001,Kamieniecki,Scott,R,R,ATL
ligtk001,Ligtenberg,Kerry,R,R,ATL
lockk001,Lockhart,Keith,L,R,ATL
lombg001,Lombard,George,L,R,ATL
lopej001,Lopez,Javy,R,R,ATL
lunaf001,Lunar,Fernando,R,R,ATL
maddg002,Maddux,Greg,R,R,ATL
marqj001,Marquis,Jason,L,R,ATL
mcglk001,McGlinchy,Kevin,R,R,ATL
mcmig001,McMichael,Greg,R,R,ATL
millk004,Millwood,Kevin,R,R,ATL
molig001,Molina,Gabe,R,R,ATL
mulht001,Mulholland,Terry,R,L,ATL
peree002,Perez,Eddie,R,R,ATL
remlm001,Remlinger,Mike,L,L,ATL
rivel002,Rivera,Luis,R,R,ATL
rockj001,Rocker,John,R,L,ATL
sandr002,Sanders,Reggie,R,R,ATL
seanr001,Seanez,Rudy,R,R,ATL
seelc001,Seelbach,Chris,R,R,ATL
siscs001,Sisco,Steve,R,R,ATL
stevd001,Stevens,Dave,R,R,ATL
surhb001,Surhoff,B.J.,L,R,ATL
swanp001,Swann,Pedro,L,R,ATL
unrot001,Unroe,Tim,R,R,ATL
veraq001,Veras,Quilvio,B,R,ATL
villi001,Villegas,Ismael,R,R,ATL
weisw001,Weiss,Walt,B,R,ATL
wengd001,Wengert,Don,R,R,ATL
amarr001,Amaral,Rich,R,R,BAL
andeb001,Anderson,Brady,L,L,BAL
bainh001,Baines,Harold,L,L,BAL
bellj002,Belle,Albert,R,R,BAL
bordm001,Bordick,Mike,R,R,BAL
breal001,Brea,Leslie,R,R,BAL
casic001,Casimiro,Carlos,R,R,BAL
clarw001,Clark,Will,L,L,BAL
coffi001,Coffie,Ivanon,L,R,BAL
conij001,Conine,Jeff,R,R,BAL
deshd001,DeShields,Delino,L,R,BAL
erics001,Erickson,Scott,R,R,BAL
fordb001,Fordyce,Brook,R,R,BAL
garcj001,Garcia,Jesse,R,R,BAL
garck002,Garcia,Karim,L,L,BAL
groob001,Groom,Buddy,L,L,BAL
hairj002,Hairston,Jerry,R,R,BAL
holmd001,Holmes,Darren,R,R,BAL
hubbt001,Hubbard,Trent,R,R,BAL
johnc002,Johnson,Charles,R,R,BAL
johnj007,Johnson,Jason,R,R,BAL
kingg001,Kingsale,Gene,B,R,BAL
kinkm001,Kinkade,Mike,R,R,BAL
kohlr001,Kohlmeier,Ryan,R,R,BAL
lewim001,Lewis,Mark,R,R,BAL
lunaf001,Lunar,Fernando,R,R,BAL
maduc001,Maduro,Calvin,R,R,BAL
matol001,Matos,Luis,R,R,BAL
mcelc001,McElroy,Chuck,L,L,BAL
mercj001,Mercedes,Jose,R,R,BAL
milla001,Mills,Alan,R,R,BAL
minor001,Minor,Ryan,R,R,BAL
molig001,Molina,Gabe,R,R,BAL
moram002,Mora,Melvin,R,R,BAL
moraw001,Morales,Willie,R,R,BAL
mussm001,Mussina,Mike,L,R,BAL
myerg001,Myers,Greg,L,R,BAL
parrj003,Parrish,John,L,L,BAL
ponss001,Ponson,Sidney,R,R,BAL
rappp001,Rapp,Pat,R,R,BAL
reyea001,Reyes,Alberto,R,R,BAL
richc001,Richard,Chris,L,L,BAL
ripkc001,Ripken,Cal,R,R,BAL
rivel002,Rivera,Luis,R,R,BAL
ryanb001,Ryan,B.J.,L,L,BAL
spurj001,Spurgeon,Jay,R,R,BAL
surhb001,Surhoff,B.J.,L,R,BAL
timlm001,Timlin,Mike,R,R,BAL
tromm001,Trombley,Mike,R,R,BAL
worrt002,Worrell,Tim,R,R,BAL
alcai001,Alcantara,Israel,R,R,BOS
alexm001,Alexander,Manny,R,R,BOS
arror001,Arrojo,Rolando,R,R,BOS
beckr001,Beck,Rod,R,R,BOS
berrs001,Berry,Sean,R,R,BOS
bichd001,Bichette,Dante,R,R,BOS
brogr001,Brogna,Rico,L,L,BOS
burkm001,Burkhart,Morgan,B,L,BOS
carrh001,Carrasco,Hector,R,R,BOS
cormr001,Cormier,Rheal,L,L,BOS
crawp001,Crawford,Paxton,R,R,BOS
crour001,Croushore,Rich,R,R,BOS
cummm001,Cummings,Midre,L,R,BOS
daubb001,Daubach,Brian,L,R,BOS
everc001,Everett,Carl,B,R,BOS
fassj001,Fassero,Jeff,L,L,BOS
florb001,Florie,Bryce,R,R,BOS
fryej001,Frye,Jeff,R,R,BOS
gaetg001,Gaetti,Gary,R,R,BOS
garcn001,Garciaparra,Nomar,R,R,BOS
garcr001,Garces,Rich,R,R,BOS
gilkb001,Gilkey,Bernard,R,R,BOS
hatts001,Hatteberg,Scott,L,R,BOS
lansm001,Lansing,Mike,R,R,BOS
lee-s001,Lee,Sang-Hoon,L,L,BOS
lewid001,Lewis,Darren,R,R,BOS
lowed001,Lowe,Derek,R,R,BOS
martp001,Martinez,Pedro,R,R,BOS
martr002,Martinez,Ramon,L,R,BOS
merll001,Merloni,Lou,R,R,BOS
nixot001,Nixon,Trot,L,L,BOS
offej001,Offerman,Jose,B,R,BOS
ohkat001,Ohka,Tomo,B,R,BOS
oleat001,O'Leary,Troy,L,L,BOS
ontis001,Ontiveros,Steve,R,R,BOS
penaj003,Pena,Jesus,L,L,BOS
pichh001,Pichardo,Hipolito,R,R,BOS
pridc001,Pride,Curtis,L,R,BOS
roseb002,Rose,Brian,R,R,BOS
sadld001,Sadler,Donnie,R,R,BOS
schop001,Schourek,Pete,L,L,BOS
sheea001,Sheets,Andy,R,R,BOS
smitd006,Smith,Dan,R,R,BOS
sprae001,Sprague,Ed,R,R,BOS
stanm002,Stanley,Mike,R,R,BOS
stanr001,Stanifer,Rob,R,R,BOS
valej002,Valentin,John,R,R,BOS
varij001,Varitek,Jason,B,R,BOS
veraw001,Veras,Wilton,R,R,BOS
waket001,Wakefield,Tim,R,R,BOS
wasdj001,Wasdin,John,R,R,BOS
yount001,Young,Tim,L,L,BOS
abboj002,Abbott,Jeff,R,L,CHA
bainh001,Baines,Harold,L,L,CHA
baldj002,Baldwin,James,R,R,CHA
barcl001,Barcelo,Lorenzo,R,R,CHA
beirk001,Beirne,Kevin,L,R,CHA
biddr001,Biddle,Rocky,R,R,CHA
bradc001,Bradford,Chad,R,R,CHA
buehm001,Buehrle,Mark,L,L,CHA
chrim002,Christensen,McKay,L,L,CHA
credj001,Crede,Joe,R,R,CHA
durhr001,Durham,Ray,B,R,CHA
eldrc001,Eldred,Cal,R,R,CHA
eyres001,Eyre,Scott,L,L,CHA
fordb001,Fordyce,Brook,R,R,CHA
foulk001,Foulke,Keith,R,R,CHA
garlj001,Garland,Jon,R,R,CHA
gintm001,Ginter,Matt,R,R,CHA
graft001,Graffanino,Tony,R,R,CHA
hillk001,Hill,Ken,R,R,CHA
howrb001,Howry,Bob,L,R,CHA
johnc002,Johnson,Charles,R,R,CHA
johnm003,Johnson,Mark,L,R,CHA
konep001,Konerko,Paul,R,R,CHA
lee-c001,Lee,Carlos,R,R,CHA
liefj001,Liefer,Jeff,L,R,CHA
lowes001,Lowe,Sean,R,R,CHA
myeta001,Myette,Aaron,R,R,CHA
nortg001,Norton,Greg,B,R,CHA
ordom001,Ordonez,Magglio,R,R,CHA
parqj001,Parque,Jim,L,L,CHA
paulj001,Paul,Josh,R,R,CHA
penaj003,Pena,Jesus,L,L,CHA
perrh001,Perry,Herbert,R,R,CHA
simab001,Simas,Bill,L,R,CHA
singc001,Singleton,Chris,L,L,CHA
sirom001,Sirotka,Mike,L,L,CHA
sturt001,Sturtze,Tanyon,R,R,CHA
thomf001,Thomas,Frank,R,R,CHA
valej003,Valentin,Jose,B,R,CHA
wellk001,Wells,Kip,R,R,CHA
wilsc002,Wilson,Craig,R,R,CHA
wunsk001,Wunsch,Kelly,L,L,CHA
aguir001,Aguilera,Rick,R,R,CHN
andrs001,Andrews,Shane,R,R,CHN
arnoj001,Arnold,Jamie,R,R,CHN
broct001,Brock,Tarrik,L,L,CHN
browb003,Brown,Brant,L,L,CHN
browr001,Brown,Roosevelt,L,R,CHN
bufod001,Buford,Damon,R,R,CHN
downs001,Downs,Scott,L,L,CHN
farnk001,Farnsworth,Kyle,R,R,CHN
garid001,Garibay,Daniel,L,L,CHN
giraj001,Girardi,Joe,R,R,CHN
gloar001,Gload,Ross,L,L,CHN
gonzr002,Gonzalez,Raul,R,R,CHN
gracm001,Grace,Mark,L,L,CHN
greew001,Greene,Willie,L,R,CHN
guthm001,Guthrie,Mark,R,L,CHN
gutir001,Gutierrez,Ricky,R,R,CHN
heref001,Heredia,Felix,L,L,CHN
hillg001,Hill,Glenallen,R,R,CHN
husoj001,Huson,Jeff,L,R,CHN
karcm001,Karchner,Matt,R,R,CHN
liebj001,Lieber,Jon,L,R,CHN
linic001,Liniak,Cole,R,R,CHN
lorra001,Lorraine,Andrew,L,L,CHN
mahom001,Mahoney,Mike,R,R,CHN
mairo001,Mairena,Oswaldo,L,L,CHN
martd002,Martinez,Dave,L,L,CHN
mattg002,Matthews,Gary,B,R,CHN
meyec001,Meyers,Chad,R,R,CHN
natij001,Nation,Joey,L,L,CHN
nievj002,Nieves,Jose,R,R,CHN
nortp001,Norton,Phil,R,L,CHN
ohmaw001,Ohman,Will,L,L,CHN
ojeda001,Ojeda,Augie,B,R,CHN
pattc001,Patterson,Corey,L,R,CHN
quevr001,Quevedo,Ruben,R,R,CHN
rains001,Rain,Steve,R,R,CHN
reedj001,Reed,Jeff,L,R,CHN
rodrh001,Rodriguez,Henry,L,L,CHN
sosas001,Sosa,Sammy,R,R,CHN
spraj001,Spradlin,Jerry,B,R,CHN
tapak001,Tapani,Kevin,R,R,CHN
valdi001,Valdez,Ismael,R,R,CHN
vanpt001,Van Poppel,Todd,R,R,CHN
whitr001,White,Rondell,R,R,CHN
willb001,Williams,Brian,R,R,CHN
woodk002,Wood,Kerry,R,R,CHN
worrt002,Worrell,Tim,R,R,CHN
yound002,Young,Danny,R,L,CHN
youne001,Young,Eric,R,R,CHN
zulej001,Zuleta,Julio,R,R,CHN
aybam001,Aybar,Manny,R,R,CIN
bartk001,Bartee,Kimera,B,R,CIN
bellm003,Bell,Mike,R,R,CIN
bellr003,Bell,Rob,R,R,CIN
bichd001,Bichette,Dante,R,R,CIN
boona001,Boone,Aaron,R,R,CIN
cases001,Casey,Sean,L,R,CIN
castj004,Castro,Juan,R,R,CIN
charn001,Charlton,Norm,B,L,CIN
clarb003,Clark,Brady,R,R,CIN
cromd001,Cromer,D.T.,L,L,CIN
dawkt001,Dawkins,Travis,R,R,CIN
desse001,Dessens,Elmer,R,R,CIN
ferno001,Fernandez,Osvaldo,R,R,CIN
glauk001,Glauber,Keith,R,R,CIN
gravd001,Graves,Danny,R,R,CIN
grifk002,Griffey,Ken,L,L,CIN
harnp001,Harnisch,Pete,B,R,CIN
huntb002,Hunter,Brian,R,R,CIN
kiesb001,Kieschnick,Brooks,L,R,CIN
larka001,Larkin,Andy,R,R,CIN
larkb001,Larkin,Barry,R,R,CIN
laruj001,LaRue,Jason,R,R,CIN
lewim001,Lewis,Mark,R,R,CIN
luebl001,Luebbers,Larry,R,R,CIN
merch002,Mercado,Hector,L,L,CIN
morrh001,Morris,Hal,L,L,CIN
neagd001,Neagle,Denny,L,L,CIN
ochoa001,Ochoa,Alex,R,R,CIN
parrs001,Parris,Steve,R,R,CIN
reesp001,Reese,Pokey,R,R,CIN
reyed001,Reyes,Dennys,R,L,CIN
riedj001,Riedling,John,R,R,CIN
santb001,Santiago,Benito,R,R,CIN
sextc001,Sexton,Chris,R,R,CIN
stync001,Stynes,Chris,R,R,CIN
sulls001,Sullivan,Scott,R,R,CIN
taube001,Taubensee,Ed,L,R,CIN
tuckm001,Tucker,Michael,L,R,CIN
villr001,Villone,Ron,L,L,CIN
whitg001,White,Gabe,L,L,CIN
wills002,Williamson,Scott,R,R,CIN
wincs001,Winchester,Scott,R,R,CIN
wohlm001,Wohlers,Mark,R,R,CIN
yound001,Young,Dmitri,B,R,CIN
alomr001,Alomar,Roberto,B,R,CLE
aloms001,Alomar,Sandy,R,R,CLE
berej002,Bere,Jason,R,R,CLE
branr001,Branyan,Russell,L,R,CLE
brewj001,Brewington,Jamie,R,R,CLE
browj003,Brower,Jim,R,R,CLE
burbd001,Burba,Dave,R,R,CLE
cabrj002,Cabrera,Jolbert,R,R,CLE
cairc001,Cairncross,Cameron,L,L,CLE
colob001,Colon,Bartolo,R,R,CLE
cordw001,Cordero,Wil,R,R,CLE
cruzj003,Cruz,Jacob,L,L,CLE
davik001,Davis,Kane,R,R,CLE
depas001,DePaula,Sean,R,R,CLE
diaze002,Diaz,Einar,R,R,CLE
drewt001,Drew,Tim,R,R,CLE
finlc001,Finley,Chuck,L,L,CLE
frymt001,Fryman,Travis,R,R,CLE
hanec001,Haney,Chris,L,L,CLE
justd001,Justice,David,L,L,CLE
kamis001,Kamieniecki,Scott,R,R,CLE
karss001,Karsay,Steve,R,R,CLE
leder001,Ledee,Ricky,L,L,CLE
loftk001,Lofton,Kenny,L,L,CLE
lorra001,Lorraine,Andrew,L,L,CLE
martt003,Martin,Tom,L,L,CLE
martw001,Martinez,Willie,R,R,CLE
mcdoj003,McDonald,John,R,R,CLE
mohlm001,Mohler,Mike,R,L,CLE
nagyc001,Nagy,Charles,L,R,CLE
navaj001,Navarro,Jaime,R,R,CLE
newma002,Newman,Alan,L,L,CLE
nichc002,Nichting,Chris,R,R,CLE
perrc001,Perry,Chan,R,R,CLE
ramia002,Ramirez,Alex,R,R,CLE
ramim002,Ramirez,Manny,R,R,CLE
reeds001,Reed,Steve,R,R,CLE
rigdp001,Rigdon,Paul,R,R,CLE
rincr001,Rincon,Ricardo,L,L,CLE
robed001,Roberts,Dave,L,L,CLE
segud001,Segui,David,B,L,CLE
selbb001,Selby,Bill,L,R,CLE
sexsr001,Sexson,Richie,R,R,CLE
shuep001,Shuey,Paul,R,R,CLE
speij001,Speier,Justin,R,R,CLE
thomj002,Thome,Jim,L,R,CLE
vizqo001,Vizquel,Omar,B,R,CLE
watsm001,Watson,Mark,R,L,CLE
whitm001,Whiten,Mark,B,R,CLE
wickb001,Wickman,Bob,R,R,CLE
willb001,Williams,Brian,R,R,CLE
wilse001,Wilson,Enrique,B,R,CLE
wittb001,Witt,Bobby,R,R,CLE
woods001,Woodard,Steve,L,R,CLE
wrigj002,Wright,Jaret,R,R,CLE
arror001,Arrojo,Rolando,R,R,COL
astap001,Astacio,Pedro,R,R,COL
aybam001,Aybar,Manny,R,R,COL
belis001,Belinda,Stan,R,R,COL
beltr001,Beltran,Rigo,L,L,COL
bohab001,Bohanon,Brian,L,L,COL
bragd001,Bragg,Darren,L,R,COL
carpb001,Carpenter,Bubba,L,L,COL
carrg001,Carrara,Giovanni,R,R,COL
choub001,Chouinard,Bobby,R,R,COL
cirij001,Cirillo,Jeff,R,R,COL
crour001,Croushore,Rich,R,R,COL
dejem001,DeJean,Mike,R,R,COL
dipoj001,DiPoto,Jerry,R,R,COL
echea001,Echevarria,Angel,R,R,COL
fryej001,Frye,Jeff,R,R,COL
goodt001,Goodwin,Tom,L,R,COL
hammj001,Hammonds,Jeffrey,R,R,COL
heltt001,Helton,Todd,L,L,COL
hollt001,Hollandsworth,Todd,L,L,COL
housc001,House,Craig,R,R,COL
huntb002,Hunter,Brian,R,R,COL
huskb001,Huskey,Butch,R,R,COL
jarvk001,Jarvis,Kevin,L,R,COL
jimej001,Jimenez,Jose,R,R,COL
karls001,Karl,Scott,L,L,COL
lansm001,Lansing,Mike,R,R,COL
ledea001,Ledesma,Aaron,R,R,COL
lee-d003,Lee,David,R,R,COL
mantj001,Manto,Jeff,R,R,COL
maynb001,Mayne,Brent,L,R,COL
melha001,Melhuse,Adam,B,R,COL
mendc001,Mendoza,Carlos,L,L,COL
morad001,Moraga,David,L,L,COL
myerm001,Myers,Mike,L,L,COL
penae001,Pena,Elvis,B,R,COL
peren001,Perez,Neifi,B,R,COL
petrb001,Petrick,Ben,R,R,COL
pierj002,Pierre,Juan,L,L,COL
roseb002,Rose,Brian,R,R,COL
servs002,Servais,Scott,R,R,COL
shumt001,Shumpert,Terry,R,R,COL
tavaj001,Tavarez,Julian,L,R,COL
walkl001,Walker,Larry,L,R,COL
walkp001,Walker,Pete,R,R,COL
walkt002,Walker,Todd,L,R,COL
wasdj001,Wasdin,John,R,R,COL
whitg001,White,Gabe,L,L,COL
yoshm001,Yoshii,Masato,R,R,COL
alled001,Allen,Dusty,R,R,DET
alvag001,Alvarez,Gabe,R,R,DET
andem002,Anderson,Matt,R,R,DET
ausmb001,Ausmus,Brad,R,R,DET
beckr002,Becker,Rich,L,L,DET
berna001,Bernero,Adam,R,R,DET
blaiw001,Blair,Willie,R,R,DET
borkd001,Borkowski,Dave,R,R,DET
brocd001,Brocail,Doug,L,R,DET
cardj001,Cardona,Javier,R,R,DET
clart002,Clark,Tony,B,R,DET
cruzd001,Cruz,Deivi,R,R,DET
cruzn001,Cruz,Nelson,R,R,DET
easld001,Easley,Damion,R,R,DET
encaj001,Encarnacion,Juan,R,R,DET
fickr001,Fick,Robert,L,R,DET
garck002,Garcia,Karim,L,L,DET
gonzj002,Gonzalez,Juan,R,R,DET
halts001,Halter,Shane,R,R,DET
higgb001,Higginson,Bobby,L,R,DET
hilje001,Hiljus,Erik,R,R,DET
jeffg001,Jefferies,Gregg,B,R,DET
johnm004,Johnson,Mark,R,R,DET
jonet003,Jones,Todd,L,R,DET
kidam001,Kida,Masao,R,R,DET
lindr001,Lindsey,Rod,R,R,DET
macij001,Macias,Jose,B,R,DET
magew001,Magee,Wendell,R,R,DET
mcdia001,McDill,Allen,L,L,DET
mcmib001,McMillon,Billy,L,L,DET
mlicd001,Mlicki,Dave,R,R,DET
moehb001,Moehler,Brian,R,R,DET
morrh001,Morris,Hal,L,L,DET
munse001,Munson,Eric,L,R,DET
nitkc001,Nitkowski,C.J.,L,L,DET
nomoh001,Nomo,Hideo,R,R,DET
palmd002,Palmer,Dean,R,R,DET
pattd001,Patterson,Danny,R,R,DET
polol001,Polonia,Luis,L,L,DET
poolj001,Poole,Jim,L,L,DET
runys001,Runyan,Sean,L,L,DET
spars001,Sparks,Steve,R,R,DET
tolak001,Tolar,Kevin,R,L,DET
villb001,Villafuerte,Brandon,R,R,DET
weavj002,Weaver,Jeff,R,R,DET
alfoa001,Alfonseca,Antonio,R,R,FLO
almaa001,Almanza,Armando,L,L,FLO
aybam001,Aybar,Manny,R,R,FLO
bakop001,Bako,Paul,L,R,FLO
bautd001,Bautista,Danny,R,R,FLO
bergd002,Berg,Dave,R,R,FLO
boner001,Bones,Ricky,R,R,FLO
browb003,Brown,Brant,L,L,FLO
burna001,Burnett,A.J.,R,R,FLO
castl001,Castillo,Luis,B,R,FLO
castr002,Castro,Ramon,R,R,FLO
clapc001,Clapinski,Chris,B,R,FLO
cornr001,Cornelius,Reid,R,R,FLO
darev001,Darensbourg,Vic,L,L,FLO
dempr002,Dempster,Ryan,R,R,FLO
ferna001,Fernandez,Alex,R,R,FLO
floyc001,Floyd,Cliff,L,R,FLO
fox-a001,Fox,Andy,L,R,FLO
gonza002,Gonzalez,Alex,R,R,FLO
grilj001,Grilli,Jason,R,R,FLO
kotsm001,Kotsay,Mark,L,L,FLO
lee-d002,Lee,Derrek,R,R,FLO
loopb001,Looper,Braden,R,R,FLO
lopem001,Lopez,Mendy,R,R,FLO
lowem001,Lowell,Mike,R,R,FLO
mahar001,Mahay,Ron,L,L,FLO
marta002,Martinez,Sandy,L,R,FLO
miced001,Miceli,Dan,R,R,FLO
millk005,Millar,Kevin,R,R,FLO
nunev001,Nunez,Vladimir,R,R,FLO
ozunp001,Ozuna,Pablo,R,R,FLO
pennb002,Penny,Brad,R,R,FLO
redmm001,Redmond,Mike,R,R,FLO
rodrh001,Rodriguez,Henry,L,L,FLO
rolin001,Rolison,Nate,L,R,FLO
sancj001,Sanchez,Jesus,L,L,FLO
smitc001,Smith,Chuck,R,R,FLO
smitm004,Smith,Mark,R,R,FLO
stroj001,Strong,Joe,B,R,FLO
wilsp002,Wilson,Preston,R,R,FLO
aloum001,Alou,Moises,R,R,HOU
bagwj001,Bagwell,Jeff,R,R,HOU
bakop001,Bako,Paul,L,R,HOU
barkg001,Barker,Glen,B,R,HOU
berkl001,Berkman,Lance,B,L,HOU
biggc001,Biggio,Craig,R,R,HOU
bogat001,Bogar,Tim,R,R,HOU
cabrj001,Cabrera,Jose,R,R,HOU
camik001,Caminiti,Ken,B,R,HOU
ceder001,Cedeno,Roger,B,R,HOU
charf001,Charles,Frank,R,R,HOU
chavr001,Chavez,Raul,R,R,HOU
cromt001,Cromer,Tripp,R,R,HOU
doteo001,Dotel,Octavio,R,R,HOU
elars001,Elarton,Scott,R,R,HOU
ensbm001,Ensberg,Morgan,R,R,HOU
euset001,Eusebio,Tony,R,R,HOU
franw001,Franklin,Wayne,L,L,HOU
gintk001,Ginter,Keith,R,R,HOU
goodd001,Gooden,Dwight,R,R,HOU
greej001,Green,Jason,R,R,HOU
grosk002,Gross,Kip,R,R,HOU
henrd002,Henry,Doug,R,R,HOU
hidar001,Hidalgo,Richard,R,R,HOU
holtc001,Holt,Chris,R,R,HOU
johnr006,Johnson,Russ,R,R,HOU
limaj001,Lima,Jose,R,R,HOU
lines001,Linebrink,Scott,R,R,HOU
lugoj001,Lugo,Julio,R,R,HOU
maddm002,Maddux,Mike,L,R,HOU
mcknt001,McKnight,Tony,R,R,HOU
meacr001,Meacham,Rusty,R,R,HOU
melum001,Meluskey,Mitch,B,R,HOU
miesm001,Mieske,Matt,R,R,HOU
millw001,Miller,Wade,R,R,HOU
perey001,Perez,Yorkis,L,L,HOU
poweb001,Powell,Brian,R,R,HOU
powej001,Powell,Jay,R,R,HOU
reyns001,Reynolds,Shane,R,R,HOU
slusj001,Slusarski,Joe,R,R,HOU
spieb001,Spiers,Bill,L,R,HOU
trubc001,Truby,Chris,R,R,HOU
valdm001,Valdes,Marc,R,R,HOU
wagnb001,Wagner,Billy,L,L,HOU
wardd002,Ward,Daryle,L,L,HOU
zoske001,Zosky,Eddie,R,R,HOU
batim001,Batista,Miguel,R,R,KCA
beltc001,Beltran,Carlos,B,R,KCA
bochd001,Bochtler,Doug,R,R,KCA
bottr001,Bottalico,Ricky,L,R,KCA
browd002,Brown,Dee,L,R,KCA
byrdt001,Byrdak,Tim,L,L,KCA
damij002,D'Amico,Jeff,R,R,KCA
damoj001,Damon,Johnny,L,L,KCA
delgw001,Delgado,Wilson,B,R,KCA
dunwt001,Dunwoody,Todd,L,L,KCA
durbc001,Durbin,Chad,R,R,KCA
dye-j001,Dye,Jermaine,R,R,KCA
fabrj001,Fabregas,Jorge,L,R,KCA
feblc001,Febles,Carlos,R,R,KCA
fussc001,Fussell,Chris,R,R,KCA
holbr001,Holbert,Ray,R,R,KCA
johnb002,Johnson,Brian,R,R,KCA
larka001,Larkin,Andy,R,R,KCA
laxtb001,Laxton,Brett,L,R,KCA
mccad001,McCarty,Dave,R,L,KCA
meadb001,Meadows,Brian,R,R,KCA
mulls002,Mullen,Scott,R,L,KCA
murrd002,Murray,Dan,R,R,KCA
ordal001,Ordaz,Luis,R,R,KCA
ortih001,Ortiz,Hector,R,R,KCA
poses001,Pose,Scott,L,R,KCA
quinm001,Quinn,Mark,R,R,KCA
rakej001,Rakers,Jason,R,R,KCA
randj002,Randa,Joe,R,R,KCA
reboj001,Reboulet,Jeff,R,R,KCA
reicd001,Reichert,Dan,R,R,KCA
rigbb001,Rigby,Brad,R,R,KCA
rosaj001,Rosado,Jose,L,L,KCA
sancr001,Sanchez,Rey,R,R,KCA
santj002,Santiago,Jose,R,R,KCA
spolp001,Spoljaric,Paul,R,L,KCA
spraj001,Spradlin,Jerry,B,R,KCA
steib002,Stein,Blake,R,R,KCA
suppj001,Suppan,Jeff,R,R,KCA
suzum001,Suzuki,Mac,R,R,KCA
sweem002,Sweeney,Mike,R,R,KCA
wilsk001,Wilson,Kris,R,R,KCA
witaj001,Witasick,Jay,R,R,KCA
zaung001,Zaun,Gregg,B,R,KCA
adamt001,Adams,Terry,R,R,LAN
arnoj001,Arnold,Jamie,R,R,LAN
avenb001,Aven,Bruce,R,R,LAN
belta001,Beltre,Adrian,R,R,LAN
berrg001,Berroa,Geronimo,R,R,LAN
bocah001,Bocachica,Hiram,R,R,LAN
branj002,Branson,Jeff,L,R,LAN
browk001,Brown,Kevin,R,R,LAN
coraa001,Cora,Alex,L,R,LAN
donnc001,Donnels,Chris,L,R,LAN
dreid001,Dreifort,Darren,R,R,LAN
elstk001,Elster,Kevin,R,R,LAN
fettm001,Fetters,Mike,R,R,LAN
gagne001,Gagne,Eric,R,R,LAN
gilbs001,Gilbert,Shawn,R,R,LAN
goodt001,Goodwin,Tom,L,R,LAN
grees001,Green,Shawn,L,L,LAN
grudm001,Grudzielanek,Mark,R,R,LAN
hansd001,Hansen,Dave,L,R,LAN
hergm001,Herges,Matt,L,R,LAN
herso001,Hershiser,Orel,R,R,LAN
hollt001,Hollandsworth,Todd,L,L,LAN
hundt001,Hundley,Todd,B,R,LAN
juddm001,Judd,Mike,R,R,LAN
karre001,Karros,Eric,R,R,LAN
kreuc001,Kreuter,Chad,B,R,LAN
leyrj001,Leyritz,Jim,R,R,LAN
lodup001,Lo Duca,Paul,R,R,LAN
masao001,Masaoka,Onan,R,L,LAN
melha001,Melhuse,Adam,B,R,LAN
metcm001,Metcalfe,Mike,R,R,LAN
milla001,Mills,Alan,R,R,LAN
millt002,Miller,Trever,R,L,LAN
olsog001,Olson,Gregg,R,R,LAN
osuna002,Osuna,Antonio,R,R,LAN
parkc002,Park,Chan Ho,R,R,LAN
perec001,Perez,Carlos,L,L,LAN
prokl001,Prokopec,Luke,L,R,LAN
reyea001,Reyes,Alberto,R,R,LAN
santf001,Santangelo,F.P.,B,R,LAN
shawj001,Shaw,Jeff,R,R,LAN
shefg001,Sheffield,Gary,R,R,LAN
valdi001,Valdez,Ismael,R,R,LAN
vizcj001,Vizcaino,Jose,B,R,LAN
whitd001,White,Devon,B,R,LAN
willj002,Williams,Jeff,R,L,LAN
acevj001,Acevedo,Juan,R,R,MIL
barkk001,Barker,Kevin,L,L,MIL
bellr002,Belliard,Ronnie,R,R,MIL
berej002,Bere,Jason,R,R,MIL
berrs001,Berry,Sean,R,R,MIL
blanh001,Blanco,Henry,R,R,MIL
browk004,Brown,Kevin,R,R,MIL
brusj001,Bruske,Jim,R,R,MIL
buddm001,Buddie,Mike,R,R,MIL
burnj001,Burnitz,Jeromy,L,R,MIL
casar001,Casanova,Raul,B,R,MIL
colll001,Collier,Lou,R,R,MIL
damij001,D'Amico,Jeff,R,R,MIL
davik001,Davis,Kane,R,R,MIL
delov001,de los Santos,Valerio,L,L,MIL
echea001,Echevarria,Angel,R,R,MIL
estrh001,Estrada,Horacio,L,L,MIL
grism001,Grissom,Marquis,R,R,MIL
hayec001,Hayes,Charlie,R,R,MIL
haynj001,Haynes,Jimmy,R,R,MIL
hernj001,Hernandez,Jose,R,R,MIL
houst001,Houston,Tyler,L,R,MIL
jenkg001,Jenkins,Geoff,L,R,MIL
jonec002,Jones,Chris,R,R,MIL
kingr001,King,Ray,L,L,MIL
leskc001,Leskanic,Curt,R,R,MIL
levra001,Levrault,Allen,R,R,MIL
lopel002,Lopez,Luis,B,R,MIL
lorem001,Loretta,Mark,R,R,MIL
moutj001,Mouton,James,R,R,MIL
moutl001,Mouton,Lyle,R,R,MIL
navaj001,Navarro,Jaime,R,R,MIL
peres001,Perez,Santiago,B,R,MIL
ramih001,Ramirez,Hector,R,R,MIL
rigdp001,Rigdon,Paul,R,R,MIL
roqur001,Roque,Rafael,L,L,MIL
scanb001,Scanlan,Bob,R,R,MIL
sexsr001,Sexson,Richie,R,R,MIL
snydj001,Snyder,John,R,R,MIL
stule001,Stull,Everett,R,R,MIL
sweem001,Sweeney,Mark,L,L,MIL
weatd001,Weathers,David,R,R,MIL
wickb001,Wickman,Bob,R,R,MIL
willm006,Williams,Matt,B,L,MIL
woods001,Woodard,Steve,L,R,MIL
wrigj001,Wright,Jamey,R,R,MIL
allec001,Allen,Chad,R,R,MIN
ardod001,Ardoin,Danny,R,R,MIN
barnj001,Barnes,John,R,R,MIN
bergs001,Bergman,Sean,R,R,MIN
blakc001,Blake,Casey,R,R,MIN
buchb002,Buchanan,Brian,R,R,MIN
canij001,Canizaro,Jay,R,R,MIN
carrh001,Carrasco,Hector,R,R,MIN
coomr001,Coomer,Ron,R,R,MIN
cresj001,Cressend,Jack,R,R,MIN
cummm001,Cummings,Midre,L,R,MIN
guare001,Guardado,Eddie,R,L,MIN
guzmc001,Guzman,Cristian,B,R,MIN
hawkl001,Hawkins,LaTroy,R,R,MIN
hockd001,Hocking,Denny,B,R,MIN
huntt001,Hunter,Torii,R,R,MIN
huskb001,Huskey,Butch,R,R,MIN
jensm001,Jensen,Marcus,B,R,MIN
jonej003,Jones,Jacque,L,L,MIN
kinnm002,Kinney,Matt,R,R,MIN
koskc001,Koskie,Corey,L,R,MIN
lawtm002,Lawton,Matt,L,R,MIN
lecrm001,LeCroy,Matt,R,R,MIN
lincm001,Lincoln,Mike,R,R,MIN
maxwj001,Maxwell,Jason,R,R,MIN
maysj001,Mays,Joe,B,R,MIN
miend001,Mientkiewicz,Doug,L,R,MIN
millt001,Miller,Travis,R,L,MIN
milte001,Milton,Eric,L,L,MIN
moelc001,Moeller,Chad,R,R,MIN
motad001,Mota,Danny,R,R,MIN
ortid001,Ortiz,David,L,L,MIN
piera001,Pierzynski,A.J.,L,R,MIN
radkb001,Radke,Brad,R,R,MIN
redmm002,Redman,Mark,L,L,MIN
rival001,Rivas,Luis,R,R,MIN
romej001,Romero,J.C.,B,L,MIN
ryanj001,Ryan,Jason,B,R,MIN
santj003,Santana,Johan,L,L,MIN
walkt002,Walker,Todd,L,R,MIN
wellb002,Wells,Bob,R,R,MIN
armat002,Armas,Tony,R,R,MON
barrm003,Barrett,Michael,R,R,MON
batim001,Batista,Miguel,R,R,MON
bergp001,Bergeron,Peter,L,R,MON
blanm001,Blank,Matt,L,L,MON
blumg001,Blum,Geoff,B,R,MON
bradm001,Bradley,Milton,B,R,MON
cabro001,Cabrera,Orlando,R,R,MON
coqut001,Coquillette,Trace,R,R,MON
delat001,de la Rosa,Tomas,R,R,MON
downs001,Downs,Scott,L,L,MON
forss001,Forster,Scott,R,L,MON
guerv001,Guerrero,Vladimir,R,R,MON
guerw001,Guerrero,Wilton,B,R,MON
hermd001,Hermanson,Dustin,R,R,MON
irabh001,Irabu,Hideki,R,R,MON
johnm002,Johnson,Mike,L,R,MON
jonet004,Jones,Terry,B,R,MON
klins002,Kline,Steve,R,L,MON
laray001,Lara,Yovanny,R,R,MON
liraf001,Lira,Felipe,R,R,MON
moort001,Moore,Trey,L,L,MON
morad001,Moraga,David,L,L,MON
mordm001,Mordecai,Mike,R,R,MON
motag001,Mota,Guillermo,R,R,MON
nunnt001,Nunnari,Talmadge,L,L,MON
obric001,O'Brien,Charlie,R,R,MON
pavac001,Pavano,Carl,R,R,MON
poolj001,Poole,Jim,L,L,MON
powej002,Powell,Jeremy,R,R,MON
rigbb001,Rigby,Brad,R,R,MON
santj001,Santana,Julio,R,R,MON
schnb001,Schneider,Brian,L,R,MON
seguf001,Seguignol,Fernando,B,R,MON
skrmm001,Skrmetta,Matt,B,R,MON
spens003,Spencer,Sean,L,L,MON
stevl001,Stevens,Lee,L,L,MON
stris001,Strickland,Scott,R,R,MON
telfa001,Telford,Anthony,R,R,MON
thurm002,Thurman,Mike,R,R,MON
traca001,Tracy,Andy,L,R,MON
tuckt001,Tucker,T.J.,R,R,MON
urbiu001,Urbina,Ugueth,R,R,MON
valey001,Valera,Yohanny,R,R,MON
vazqj001,Vazquez,Javier,R,R,MON
vidrj001,Vidro,Jose,B,R,MON
websl001,Webster,Lenny,R,R,MON
whitr001,White,Rondell,R,R,MON
widgc001,Widger,Chris,R,R,MON
bellc001,Bellinger,Clay,R,R,NYA
bross001,Brosius,Scott,R,R,NYA
cansj001,Canseco,Jose,R,R,NYA
choar001,Choate,Randy,L,L,NYA
clemr001,Clemens,Roger,R,R,NYA
coned001,Cone,David,L,R,NYA
delgw001,Delgado,Wilson,B,R,NYA
dingc001,Dingman,Craig,R,R,NYA
eined001,Einertson,Darrell,R,R,NYA
erdot001,Erdos,Todd,R,R,NYA
fordb002,Ford,Ben,R,R,NYA
goodd001,Gooden,Dwight,R,R,NYA
grimj001,Grimsley,Jason,R,R,NYA
herno001,Hernandez,Orlando,R,R,NYA
hillg001,Hill,Glenallen,R,R,NYA
jeted001,Jeter,Derek,R,R,NYA
johnl001,Johnson,Lance,L,L,NYA
josef001,Jose,Felix,B,R,NYA
justd001,Justice,David,L,L,NYA
keisr001,Keisler,Randy,L,L,NYA
kellb002,Kelly,Roberto,R,R,NYA
knobc001,Knoblauch,Chuck,R,R,NYA
leder001,Ledee,Ricky,L,L,NYA
leyrj001,Leyritz,Jim,R,R,NYA
lillt001,Lilly,Ted,L,L,NYA
martt002,Martinez,Tino,L,R,NYA
mendr001,Mendoza,Ramiro,R,R,NYA
neagd001,Neagle,Denny,L,L,NYA
nelsj001,Nelson,Jeff,R,R,NYA
oneip001,O'Neill,Paul,L,L,NYA
petta001,Pettitte,Andy,L,L,NYA
polol001,Polonia,Luis,L,L,NYA
posaj001,Posada,Jorge,B,R,NYA
rivem002,Rivera,Mariano,R,R,NYA
sojol001,Sojo,Luis,R,R,NYA
soria001,Soriano,Alfonso,R,R,NYA
spens001,Spencer,Shane,R,R,NYA
stanm003,Stanton,Mike,L,L,NYA
tessj001,Tessmer,Jay,R,R,NYA
thomr004,Thompson,Ryan,R,R,NYA
turnc001,Turner,Chris,R,R,NYA
vizcj001,Vizcaino,Jose,B,R,NYA
watsa001,Watson,Allen,L,L,NYA
westj001,Westbrook,Jake,R,R,NYA
willb002,Williams,Bernie,B,R,NYA
yarne001,Yarnall,Ed,L,L,NYA
abbok002,Abbott,Kurt,R,R,NYN
agbab001,Agbayani,Benny,R,R,NYN
alfoe001,Alfonzo,Edgardo,R,R,NYN
belld001,Bell,Derek,R,R,NYN
benia001,Benitez,Armando,R,R,NYN
bordm001,Bordick,Mike,R,R,NYN
camme001,Cammack,Eric,R,R,NYN
cookd001,Cook,Dennis,L,L,NYN
franj001,Franco,John,L,L,NYN
franm001,Franco,Matt,L,R,NYN
hamid001,Hamilton,Darryl,L,R,NYN
hampm001,Hampton,Mike,R,L,NYN
harrl001,Harris,Lenny,L,R,NYN
hendr001,Henderson,Rickey,R,L,NYN
johnm001,Johnson,Mark,L,L,NYN
joneb003,Jones,Bobby,R,R,NYN
joneb004,Jones,Bobby,R,L,NYN
kinkm001,Kinkade,Mike,R,R,NYN
lambd001,Lamb,David,B,R,NYN
leita001,Leiter,Al,L,L,NYN
mahop001,Mahomes,Pat,R,R,NYN
mannj001,Mann,Jim,R,R,NYN
mcewj001,McEwing,Joe,R,R,NYN
mcgur001,McGuire,Ryan,L,L,NYN
moram002,Mora,Melvin,R,R,NYN
nunnj001,Nunnally,Jon,L,R,NYN
ordor001,Ordonez,Rey,R,R,NYN
paytj001,Payton,Jay,R,R,NYN
peret004,Perez,Timo,L,L,NYN
piazm001,Piazza,Mike,R,R,NYN
pratt001,Pratt,Todd,R,R,NYN
pulsb001,Pulsipher,Bill,L,L,NYN
reedr002,Reed,Rick,R,R,NYN
riggj001,Riggan,Jerrod,R,R,NYN
robeg001,Roberts,Grant,R,R,NYN
rodrr004,Rodriguez,Rich,L,L,NYN
ruscg001,Rusch,Glendon,L,L,NYN
sprid001,Springer,Dennis,R,R,NYN
tocaj001,Toca,Jorge,R,R,NYN
tramb001,Trammell,Bubba,R,R,NYN
tynej001,Tyner,Jason,L,L,NYN
velaj001,Velandia,Jorge,R,R,NYN
ventr001,Ventura,Robin,L,R,NYN
wendt001,Wendell,Turk,B,R,NYN
whitr002,White,Rick,R,R,NYN
wilsv001,Wilson,Vance,R,R,NYN
zeilt001,Zeile,Todd,R,R,NYN
appik001,Appier,Kevin,R,R,OAK
beckr002,Becker,Rich,L,L,OAK
belit001,Belitz,Todd,L,L,OAK
bellm002,Bellhorn,Mark,B,R,OAK
byrne001,Byrnes,Eric,R,R,OAK
chave001,Chavez,Eric,L,R,OAK
chrir001,Christenson,Ryan,R,R,OAK
fasas001,Fasano,Sal,R,R,OAK
giamj001,Giambi,Jason,L,R,OAK
giamj002,Giambi,Jeremy,L,L,OAK
grieb001,Grieve,Ben,L,R,OAK
hereg001,Heredia,Gil,R,R,OAK
hernr002,Hernandez,Ramon,R,R,OAK
hinca001,Hinch,A.J.,R,R,OAK
hudst001,Hudson,Tim,R,R,OAK
isrij001,Isringhausen,Jason,R,R,OAK
jahaj001,Jaha,John,R,R,OAK
joned001,Jones,Doug,R,R,OAK
jonem002,Jones,Marcus,R,R,OAK
longt002,Long,Terrence,L,L,OAK
magnm001,Magnante,Mike,L,L,OAK
mahar001,Mahay,Ron,L,L,OAK
matht002,Mathews,T.J.,R,R,OAK
mecij001,Mecir,Jim,B,R,OAK
menef001,Menechino,Frank,R,R,OAK
muldm001,Mulder,Mark,L,L,OAK
olivo001,Olivares,Omar,R,R,OAK
ortij003,Ortiz,Jose,R,R,OAK
piata001,Piatt,Adam,R,R,OAK
portb001,Porter,Bo,R,R,OAK
priea001,Prieto,Ariel,R,R,OAK
ratlj001,Ratliff,Jon,R,R,OAK
saeno001,Saenz,Olmedo,R,R,OAK
sauvr001,Sauveur,Rich,L,L,OAK
servs001,Service,Scott,R,R,OAK
staim001,Stairs,Matt,L,R,OAK
stanm002,Stanley,Mike,R,R,OAK
tam-j001,Tam,Jeff,R,R,OAK
tejam001,Tejada,Miguel,R,R,OAK
valdm002,Valdez,Mario,L,L,OAK
velaj001,Velandia,Jorge,R,R,OAK
velar001,Velarde,Randy,R,R,OAK
vizcl001,Vizcaino,Luis,R,R,OAK
zitob001,Zito,Barry,L,L,OAK
abreb001,Abreu,Bobby,L,R,PHI
aldrs001,Aldred,Scott,L,L,PHI
alvac001,Alvarez,Clemente,R,R,PHI
andem003,Anderson,Marlon,L,R,PHI
ariaa001,Arias,Alex,R,R,PHI
ashba002,Ashby,Andy,R,R,PHI
benng001,Bennett,Gary,R,R,PHI
bottk001,Bottenfield,Kent,R,R,PHI
boydj001,Boyd,Jason,R,R,PHI
branj001,Brantley,Jeff,R,R,PHI
brocc001,Brock,Chris,R,R,PHI
brogr001,Brogna,Rico,L,L,PHI
browm005,Brownson,Mark,L,R,PHI
bullk001,Bullinger,Kirk,R,R,PHI
burrp001,Burrell,Pat,R,R,PHI
byrdp001,Byrd,Paul,R,R,PHI
chenb001,Chen,Bruce,L,L,PHI
coggd001,Coggin,Dave,R,R,PHI
daalo001,Daal,Omar,L,L,PHI
duceb001,Ducey,Rob,L,R,PHI
gantr001,Gant,Ron,R,R,PHI
gland001,Glanville,Doug,R,R,PHI
gomew001,Gomes,Wayne,R,R,PHI
holzm001,Holzemer,Mark,L,L,PHI
huntb001,Hunter,Brian,R,L,PHI
jacqt001,Jacquez,Thomas,L,L,PHI
jordk001,Jordan,Kevin,R,R,PHI
lee-t002,Lee,Travis,L,L,PHI
liebm001,Lieberthal,Mike,R,R,PHI
millt002,Miller,Trever,R,L,PHI
moram001,Morandini,Mickey,L,R,PHI
newhd001,Newhan,David,L,R,PHI
nickd001,Nickle,Doug,R,R,PHI
padiv001,Padilla,Vicente,R,R,PHI
peret003,Perez,Tomas,B,R,PHI
persr001,Person,Robert,R,R,PHI
polic001,Politte,Cliff,R,R,PHI
print001,Prince,Tom,R,R,PHI
pritc001,Pritchett,Chris,L,R,PHI
relad001,Relaford,Desi,B,R,PHI
reyec001,Reyes,Carlos,R,R,PHI
roles001,Rolen,Scott,R,R,PHI
rollj001,Rollins,Jimmy,B,R,PHI
schic002,Schilling,Curt,R,R,PHI
schrs001,Schrenk,Steve,R,R,PHI
sefck001,Sefcik,Kevin,R,R,PHI
taylr001,Taylor,Reggie,L,R,PHI
telea001,Telemaco,Amaury,R,R,PHI
vosbe001,Vosberg,Ed,L,L,PHI
wardb001,Ward,Bryan,L,L,PHI
wolfr001,Wolf,Randy,L,L,PHI
andej002,Anderson,Jimmy,L,L,PIT
arrob001,Arroyo,Bronson,R,R,PIT
avenb001,Aven,Bruce,R,R,PIT
benjm001,Benjamin,Mike,R,R,PIT
bensk001,Benson,Kris,R,R,PIT
browa001,Brown,Adrian,B,R,PIT
browe001,Brown,Emil,R,R,PIT
chrij002,Christiansen,Jason,R,L,PIT
clonb001,Clontz,Brad,R,R,PIT
cordf001,Cordova,Francisco,R,R,PIT
cordw001,Cordero,Wil,R,R,PIT
cruzi001,Cruz,Ivan,L,L,PIT
garcm002,Garcia,Mike,R,R,PIT
gileb002,Giles,Brian,L,L,PIT
hermc001,Hermansen,Chad,R,R,PIT
herna001,Hernandez,Alex,L,L,PIT
hyzda001,Hyzdu,Adam,R,R,PIT
kendj001,Kendall,Jason,R,R,PIT
loisr001,Loiselle,Rich,R,R,PIT
manzj001,Manzanillo,Josias,R,R,PIT
mearp001,Meares,Pat,R,R,PIT
morrw001,Morris,Warren,L,R,PIT
nunea001,Nunez,Abraham,B,R,PIT
oconb001,O'Connor,Brian,L,L,PIT
osikk001,Osik,Keith,R,R,PIT
parrj002,Parra,Jose,R,R,PIT
petec001,Peters,Chris,L,L,PIT
ramia001,Ramirez,Aramis,R,R,PIT
ramia002,Ramirez,Alex,R,R,PIT
redmt001,Redman,Tike,L,L,PIT
ritct001,Ritchie,Todd,R,R,PIT
saues001,Sauerbeck,Scott,R,L,PIT
schmj001,Schmidt,Jason,R,R,PIT
serad001,Serafini,Dan,B,L,PIT
silvj001,Silva,Jose,R,R,PIT
skrmm001,Skrmetta,Matt,B,R,PIT
smitb003,Smith,Brian,R,R,PIT
sojol001,Sojo,Luis,R,R,PIT
spars002,Sparks,Steve,R,R,PIT
vandj001,Vander Wal,John,L,L,PIT
wallj001,Wallace,Jeff,L,L,PIT
wehnj001,Wehner,John,R,R,PIT
wilkm001,Wilkins,Marc,R,R,PIT
willm005,Williams,Mike,R,R,PIT
wilse001,Wilson,Enrique,B,R,PIT
younk001,Young,Kevin,R,R,PIT
alled001,Allen,Dusty,R,R,SDN
almac001,Almanzar,Carlos,R,R,SDN
alvag001,Alvarez,Gabe,R,R,SDN
boehb001,Boehringer,Brian,B,R,SDN
boonb002,Boone,Bret,R,R,SDN
carlb001,Carlyle,Buddy,L,R,SDN
clemm001,Clement,Matt,R,R,SDN
cunnw001,Cunnane,Will,R,R,SDN
darrm001,Darr,Mike,L,R,SDN
davet001,Davey,Tom,R,R,SDN
davib003,Davis,Ben,B,R,SDN
dehak001,DeHaan,Kory,L,R,SDN
eatoa001,Eaton,Adam,R,R,SDN
erdot001,Erdos,Todd,R,R,SDN
gomec001,Gomez,Chris,R,R,SDN
gonzw001,Gonzalez,Wiki,R,R,SDN
guzmd001,Guzman,Domingo,R,R,SDN
gwynt001,Gwynn,Tony,L,L,SDN
hernc001,Hernandez,Carlos,R,R,SDN
hitcs001,Hitchcock,Sterling,L,L,SDN
hofft001,Hoffman,Trevor,R,R,SDN
jackd003,Jackson,Damian,R,R,SDN
klesr001,Klesko,Ryan,L,L,SDN
kolbb001,Kolb,Brandon,R,R,SDN
larog001,LaRocca,Greg,R,R,SDN
loper001,Lopez,Rodrigo,R,R,SDN
mabrj001,Mabry,John,L,R,SDN
magad001,Magadan,Dave,L,R,SDN
marta001,Martin,Al,L,L,SDN
maurd001,Maurer,Dave,R,L,SDN
meadb001,Meadows,Brian,R,R,SDN
monts001,Montgomery,Steve,R,R,SDN
myerr002,Myers,Rodney,R,R,SDN
nadyx001,Nady,Xavier,R,R,SDN
nevip001,Nevin,Phil,R,R,SDN
newhd001,Newhan,David,L,R,SDN
nichk001,Nicholson,Kevin,B,R,SDN
owene001,Owens,Eric,R,R,SDN
palav001,Palacios,Vicente,R,R,SDN
relad001,Relaford,Desi,B,R,SDN
reyec001,Reyes,Carlos,R,R,SDN
river002,Rivera,Ruben,R,R,SDN
roskj001,Roskos,John,R,R,SDN
serad001,Serafini,Dan,B,L,SDN
sloch001,Slocumb,Heathcliff,R,R,SDN
spens002,Spencer,Stan,R,R,SDN
sprae001,Sprague,Ed,R,R,SDN
tollb001,Tollberg,Brian,R,R,SDN
vitij001,Vitiello,Joe,R,R,SDN
walkk001,Walker,Kevin,L,L,SDN
walld002,Wall,Donne,R,R,SDN
whism001,Whisenant,Matt,R,L,SDN
whitm002,Whiteside,Matt,R,R,SDN
willg002,Williams,George,B,R,SDN
willw001,Williams,Woody,R,R,SDN
witaj001,Witasick,Jay,R,R,SDN
abbop001,Abbott,Paul,R,R,SEA
belld002,Bell,David,R,R,SEA
buhnj001,Buhner,Jay,R,R,SEA
camem001,Cameron,Mike,R,R,SEA
garcf002,Garcia,Freddy,R,R,SEA
gipsc001,Gipson,Charles,R,R,SEA
guilc001,Guillen,Carlos,B,R,SEA
halaj001,Halama,John,L,L,SEA
hendr001,Henderson,Rickey,R,L,SEA
hernc003,Hernandez,Carlos,R,R,SEA
hodgk001,Hodges,Kevin,R,R,SEA
ibanr001,Ibanez,Raul,L,R,SEA
javis001,Javier,Stan,B,R,SEA
lampt001,Lampkin,Tom,L,R,SEA
leshb001,Lesher,Brian,R,L,SEA
mabrj001,Mabry,John,L,R,SEA
machr001,Machado,Robert,R,R,SEA
marta001,Martin,Al,L,L,SEA
marte001,Martinez,Edgar,R,R,SEA
mclem001,McLemore,Mark,B,R,SEA
mechg001,Meche,Gil,R,R,SEA
mesaj001,Mesa,Jose,R,R,SEA
moyej001,Moyer,Jamie,L,L,SEA
olerj001,Olerud,John,L,L,SEA
olivj001,Oliver,Joe,R,R,SEA
panij001,Paniagua,Jose,R,R,SEA
pinej001,Pineiro,Joel,R,R,SEA
ramsr001,Ramsay,Robert,L,L,SEA
rhoda001,Rhodes,Arthur,L,L,SEA
rodra001,Rodriguez,Alex,R,R,SEA
rodrf001,Rodriguez,Frankie,R,R,SEA
sanda001,Sanders,Anthony,R,R,SEA
sasak001,Sasaki,Kazuhiro,R,R,SEA
selea001,Sele,Aaron,R,R,SEA
tomkb001,Tomko,Brett,R,R,SEA
widgc001,Widger,Chris,R,R,SEA
wilsd001,Wilson,Dan,R,R,SEA
aurir001,Aurilia,Rich,R,R,SFN
benam001,Benard,Marvin,L,L,SFN
bondb001,Bonds,Barry,L,L,SFN
burke001,Burks,Ellis,R,R,SFN
cresf001,Crespo,Felipe,B,R,SFN
davir002,Davis,Russ,R,R,SFN
deltm001,Del Toro,Miguel,R,R,SFN
embra001,Embree,Alan,L,L,SFN
estab001,Estalella,Bobby,R,R,SFN
estes001,Estes,Shawn,R,L,SFN
felip001,Feliz,Pedro,R,R,SFN
fulta001,Fultz,Aaron,L,L,SFN
gardm001,Gardner,Mark,R,R,SFN
henrd002,Henry,Doug,R,R,SFN
hernl003,Hernandez,Livan,R,R,SFN
johnj006,Johnstone,John,R,R,SFN
kentj001,Kent,Jeff,R,R,SFN
lines001,Linebrink,Scott,R,R,SFN
lowet001,Lowery,Terrell,R,R,SFN
martr003,Martinez,Ramon,R,R,SFN
meloj001,Melo,Juan,B,R,SFN
minod001,Minor,Damon,L,L,SFN
mirad001,Mirabelli,Doug,R,R,SFN
muelb001,Mueller,Bill,B,R,SFN
murrc001,Murray,Calvin,R,R,SFN
nathj001,Nathan,Joe,R,R,SFN
nen-r001,Nen,Robb,R,R,SFN
ortir001,Ortiz,Russ,R,R,SFN
riosa001,Rios,Armando,L,L,SFN
rodrf002,Rodriguez,Felix,R,R,SFN
ruetk001,Rueter,Kirk,L,L,SFN
servs002,Servais,Scott,R,R,SFN
snowj001,Snow,J.T.,L,L,SFN
voger001,Vogelsong,Ryan,R,R,SFN
webeb001,Weber,Ben,R,R,SFN
zerbc001,Zerbe,Chad,L,L,SFN
ankir001,Ankiel,Rick,L,L,SLN
benea001,Benes,Andy,R,R,SLN
benea002,Benes,Alan,R,R,SLN
brunj001,Brunette,Justin,L,L,SLN
chrij002,Christiansen,Jason,R,L,SLN
clarw001,Clark,Will,L,L,SLN
davie001,Davis,Eric,R,R,SLN
drewj001,Drew,J.D.,L,R,SLN
dunss001,Dunston,Shawon,R,R,SLN
edmoj001,Edmonds,Jim,L,L,SLN
hackl001,Hackman,Luther,R,R,SLN
hentp001,Hentgen,Pat,R,R,SLN
hernc001,Hernandez,Carlos,R,R,SLN
holmd001,Holmes,Darren,R,R,SLN
howat001,Howard,Thomas,B,R,SLN
jamem001,James,Mike,R,R,SLN
kiled001,Kile,Darryl,R,R,SLN
lankr001,Lankford,Ray,L,L,SLN
marre001,Marrero,Eli,R,R,SLN
mathm001,Matheny,Mike,R,R,SLN
mattm001,Matthews,Mike,L,L,SLN
mcdok001,McDonald,Keith,R,R,SLN
mcgwm001,McGwire,Mark,R,R,SLN
mohlm001,Mohler,Mike,R,L,SLN
morrm001,Morris,Matt,R,R,SLN
orosj001,Orosco,Jesse,R,L,SLN
paquc001,Paquette,Craig,R,R,SLN
peree001,Perez,Eduardo,R,R,SLN
polap001,Polanco,Placido,R,R,SLN
radis001,Radinsky,Scott,L,L,SLN
reamb001,Reames,Britt,R,R,SLN
rente001,Renteria,Edgar,R,R,SLN
richc001,Richard,Chris,L,L,SLN
rodrj001,Rodriguez,Jose,L,L,SLN
satul001,Saturria,Luis,R,R,SLN
sloch001,Slocumb,Heathcliff,R,R,SLN
stecg001,Stechschulte,Gene,R,R,SLN
stepg001,Stephenson,Garrett,R,R,SLN
suttl001,Sutton,Larry,L,L,SLN
tatif001,Tatis,Fernando,R,R,SLN
thomm002,Thompson,Mark,R,R,SLN
timlm001,Timlin,Mike,R,R,SLN
vered001,Veres,Dave,R,R,SLN
vinaf001,Vina,Fernando,L,R,SLN
waind001,Wainhouse,Dave,L,R,SLN
wilkr001,Wilkins,Rick,L,R,SLN
cairm001,Cairo,Miguel,R,R,TBA
cansj001,Canseco,Jose,R,R,TBA
castv001,Castilla,Vinny,R,R,TBA
cox-s001,Cox,Steve,L,L,TBA
creed001,Creek,Doug,L,L,TBA
difem001,Difelice,Mike,R,R,TBA
duvam001,Duvall,Mike,R,L,TBA
eilad001,Eiland,Dave,R,R,TBA
endet001,Enders,Trevor,R,L,TBA
fiort001,Fiore,Tony,R,R,TBA
flahj001,Flaherty,John,R,R,TBA
goodd001,Gooden,Dwight,R,R,TBA
graft001,Graffanino,Tony,R,R,TBA
guilj001,Guillen,Jose,R,R,TBA
guilo001,Guillen,Ozzie,L,R,TBA
guthm001,Guthrie,Mark,R,L,TBA
guzmj003,Guzman,Juan,R,R,TBA
hallt001,Hall,Toby,R,R,TBA
harpt002,Harper,Travis,L,R,TBA
hernr001,Hernandez,Roberto,R,R,TBA
huffa001,Huff,Aubrey,L,R,TBA
johnr006,Johnson,Russ,R,R,TBA
kellk001,Kelly,Kenny,R,R,TBA
lidlc001,Lidle,Cory,R,R,TBA
lopea002,Lopez,Albie,R,R,TBA
martd002,Martinez,Dave,L,L,TBA
martf001,Martinez,Felix,B,R,TBA
mccrq001,McCracken,Quinton,B,R,TBA
mcgrf001,McGriff,Fred,L,L,TBA
mecij001,Mecir,Jim,B,R,TBA
morrj004,Morris,Jim,L,L,TBA
perrh001,Perry,Herbert,R,R,TBA
rekab001,Rekar,Bryan,R,R,TBA
rolld001,Rolls,Damian,R,R,TBA
ruper001,Rupe,Ryan,R,R,TBA
smitr003,Smith,Bob,R,R,TBA
sparj001,Sparks,Jeff,R,R,TBA
stock001,Stocker,Kevin,B,R,TBA
sturt001,Sturtze,Tanyon,R,R,TBA
taylb001,Taylor,Billy,R,R,TBA
timmo001,Timmons,Ozzie,R,R,TBA
tracs001,Trachsel,Steve,R,R,TBA
tramb001,Trammell,Bubba,R,R,TBA
tynej001,Tyner,Jason,L,L,TBA
vaugg001,Vaughn,Greg,R,R,TBA
wheed001,Wheeler,Dan,R,R,TBA
whitr002,White,Rick,R,R,TBA
willg001,Williams,Gerald,R,R,TBA
wilsp001,Wilson,Paul,R,R,TBA
winnr001,Winn,Randy,B,R,TBA
yan-e001,Yan,Esteban,R,R,TBA
alicl001,Alicea,Luis,B,R,TEX
cataf001,Catalanotto,Frank,L,R,TEX
clarm002,Clark,Mark,R,R,TEX
clayr001,Clayton,Royce,R,R,TEX
cordf002,Cordero,Francisco,R,R,TEX
crabt001,Crabtree,Tim,R,R,TEX
cubid001,Cubillan,Darwin,R,R,TEX
curtc001,Curtis,Chad,R,R,TEX
david002,Davis,Doug,R,L,TEX
drank001,Dransfeldt,Kelly,R,R,TEX
evant001,Evans,Tom,R,R,TEX
glynr001,Glynn,Ryan,R,R,TEX
greer001,Greer,Rusty,L,L,TEX
grees002,Green,Scarborough,B,R,TEX
haseb001,Haselman,Bill,R,R,TEX
hellr001,Helling,Rick,R,R,TEX
johnj008,Johnson,Jonathan,R,R,TEX
kaplg001,Kapler,Gabe,R,R,TEX
knorr001,Knorr,Randy,R,R,TEX
kolbd001,Kolb,Danny,R,R,TEX
lambm001,Lamb,Mike,L,R,TEX
leder001,Ledee,Ricky,L,L,TEX
loaie001,Loaiza,Esteban,R,R,TEX
martd002,Martinez,Dave,L,L,TEX
mater001,Mateo,Ruben,R,R,TEX
mcdoj002,McDonald,Jason,B,R,TEX
munom001,Munoz,Mike,L,L,TEX
olivd001,Oliver,Darren,R,L,TEX
palmr001,Palmeiro,Rafael,L,L,TEX
perim001,Perisho,Matt,L,L,TEX
rodri001,Rodriguez,Ivan,R,R,TEX
rogek001,Rogers,Kenny,L,L,TEX
segud001,Segui,David,B,L,TEX
shels001,Sheldon,Scott,R,R,TEX
sierr001,Sierra,Ruben,B,R,TEX
sikob001,Sikorski,Brian,R,R,TEX
valdp001,Valdes,Pedro,L,L,TEX
venam002,Venafro,Mike,L,L,TEX
waszb001,Waszgis,B.J.,R,R,TEX
wettj001,Wetteland,John,R,R,TEX
younm003,Young,Michael,R,R,TEX
zimmj001,Zimmerman,Jeff,R,R,TEX
andrc001,Andrews,Clayton,R,L,TOR
balej001,Bale,John,L,L,TOR
batit001,Batista,Tony,R,R,TOR
borbp001,Borbon,Pedro,R,L,TOR
bushh001,Bush,Homer,R,R,TOR
carpc002,Carpenter,Chris,R,R,TOR
casta001,Castillo,Alberto,R,R,TOR
castf001,Castillo,Frank,R,R,TOR
cocop001,Coco,Pasqual,R,R,TOR
cordm001,Cordova,Marty,R,R,TOR
cruzj004,Cruz,Jose,B,R,TOR
cubid001,Cubillan,Darwin,R,R,TOR
delgc001,Delgado,Carlos,L,R,TOR
dewim001,DeWitt,Matt,R,R,TOR
duceb001,Ducey,Rob,L,R,TOR
escok001,Escobar,Kelvim,R,R,TOR
estrl001,Estrella,Leo,R,R,TOR
fletd001,Fletcher,Darrin,L,R,TOR
frasj001,Frascatore,John,R,R,TOR
fullb001,Fullmer,Brad,L,R,TOR
gonza001,Gonzalez,Alex,R,R,TOR
grebc001,Grebeck,Craig,R,R,TOR
greec002,Greene,Charlie,R,R,TOR
greet003,Greene,Todd,R,R,TOR
gunde001,Gunderson,Eric,R,L,TOR
guthm001,Guthrie,Mark,R,L,TOR
hallr001,Halladay,Roy,R,R,TOR
hamij002,Hamilton,Joey,R,R,TOR
kochb001,Koch,Billy,R,R,TOR
loaie001,Loaiza,Esteban,R,R,TOR
martd002,Martinez,Dave,L,L,TOR
mondr002,Mondesi,Raul,R,R,TOR
moram001,Morandini,Mickey,L,R,TOR
mottc001,Mottola,Chad,R,R,TOR
munrp001,Munro,Peter,R,R,TOR
painl001,Painter,Lance,L,L,TOR
phelj001,Phelps,Josh,R,R,TOR
quanp001,Quantrill,Paul,L,R,TOR
stews002,Stewart,Shannon,R,R,TOR
thoma002,Thompson,Andy,R,R,TOR
tracs001,Trachsel,Steve,R,R,TOR
welld001,Wells,David,L,L,TOR
wellv001,Wells,Vernon,R,R,TOR
wised001,Wise,Dewayne,L,L,TOR
woodc001,Woodward,Chris,R,R,TOR
