PlayerID,LastName,FirstName,Bats,Pitches,Team
ameza001,Amezaga,Alfredo,B,R,ANA
andeg001,Anderson,Garret,L,L,ANA
appik001,Appier,Kevin,R,R,ANA
bellc001,Bellinger,Clay,R,R,ANA
callm001,Callaway,Mickey,R,R,ANA
cookd001,Cook,Dennis,L,L,ANA
davaj001,DaVanon,Jeff,B,R,ANA
donnb001,Donnelly,Brendan,R,R,ANA
ecksd001,Eckstein,David,R,R,ANA
erstd001,Erstad,Darin,L,L,ANA
fabrj001,Fabregas,Jorge,L,R,ANA
fasas001,Fasano,Sal,R,R,ANA
figgc001,Figgins,Chone,B,R,ANA
fullb001,Fullmer,Brad,L,R,ANA
gil-b001,Gil,Benji,R,R,ANA
glaut001,Glaus,Troy,R,R,ANA
kenna001,Kennedy,Adam,L,R,ANA
lackj001,Lackey,John,R,R,ANA
levia001,Levine,Al,L,R,ANA
lukam001,Lukasiewicz,Mark,L,L,ANA
molib001,Molina,Bengie,R,R,ANA
molij001,Molina,Jose,R,R,ANA
nievj002,Nieves,Jose,R,R,ANA
ochoa001,Ochoa,Alex,R,R,ANA
ortir002,Ortiz,Ramon,R,R,ANA
palmo001,Palmeiro,Orlando,L,L,ANA
perct001,Percival,Troy,R,R,ANA
potel001,Pote,Lou,R,R,ANA
ramij001,Ramirez,Julio,R,R,ANA
rodrf003,Rodriguez,Francisco,R,R,ANA
salmt001,Salmon,Tim,R,R,ANA
schos001,Schoeneweis,Scott,L,L,ANA
selea001,Sele,Aaron,R,R,ANA
shies002,Shields,Scot,R,R,ANA
spies001,Spiezio,Scott,B,R,ANA
walld002,Wall,Donne,R,R,ANA
washj001,Washburn,Jarrod,L,L,ANA
webeb001,Weber,Ben,R,R,ANA
wisem001,Wise,Matt,R,R,ANA
woots001,Wooten,Shawn,R,R,ANA
andeb002,Anderson,Brian,L,L,ARI
barar001,Barajas,Rod,R,R,ARI
batim001,Batista,Miguel,R,R,ARI
bautd001,Bautista,Danny,R,R,ARI
bellj001,Bell,Jay,R,R,ARI
cinta001,Cintron,Alex,B,R,ARI
colbg001,Colbrunn,Greg,R,R,ARI
counc001,Counsell,Craig,L,R,ARI
delld001,Dellucci,David,L,L,ARI
donnc001,Donnels,Chris,L,R,ARI
durae001,Durazo,Erubiel,L,L,ARI
fettm001,Fetters,Mike,R,R,ARI
finls001,Finley,Steve,L,L,ARI
gonzl001,Gonzalez,Luis,L,R,ARI
gracm001,Grace,Mark,L,L,ARI
guilj001,Guillen,Jose,R,R,ARI
hellr001,Helling,Rick,R,R,ARI
johnr005,Johnson,Randy,R,L,ARI
josef001,Jose,Felix,B,R,ARI
kim-b001,Kim,Byung-Hyun,R,R,ARI
klasd001,Klassen,Danny,R,R,ARI
koplm001,Koplove,Mike,R,R,ARI
littm001,Little,Mark,R,R,ARI
mantm001,Mantei,Matt,R,R,ARI
mccrq001,McCracken,Quinton,B,R,ARI
milld002,Miller,Damian,R,R,ARI
moelc001,Moeller,Chad,R,R,ARI
morgm001,Morgan,Mike,R,R,ARI
myerm001,Myers,Mike,L,L,ARI
orope001,Oropesa,Eddie,L,L,ARI
overl001,Overbay,Lyle,L,L,ARI
parrj002,Parra,Jose,R,R,ARI
pattj004,Patterson,John,R,R,ARI
prinb001,Prinz,Bret,R,R,ARI
reyna001,Reynoso,Armando,R,R,ARI
sancd001,Sanchez,Duaner,R,R,ARI
schic002,Schilling,Curt,R,R,ARI
spivj001,Spivey,Junior,R,R,ARI
stott001,Stottlemyre,Todd,L,R,ARI
swing001,Swindell,Greg,R,L,ARI
willm003,Williams,Matt,R,R,ARI
womat001,Womack,Tony,L,R,ARI
blanh001,Blanco,Henry,R,R,ATL
bongj001,Bong,Jung,L,L,ATL
bragd001,Bragg,Darren,L,R,ATL
castv001,Castilla,Vinny,R,R,ATL
dawlj001,Dawley,Joey,R,R,ATL
derom001,DeRosa,Mark,R,R,ATL
ennij001,Ennis,John,R,R,ATL
fostj001,Foster,John,L,L,ATL
franj002,Franco,Julio,R,R,ATL
franm001,Franco,Matt,L,R,ATL
furcr001,Furcal,Rafael,B,R,ATL
garcj001,Garcia,Jesse,R,R,ATL
gilem001,Giles,Marcus,R,R,ATL
glavt001,Glavine,Tom,L,L,ATL
grybk001,Gryboski,Kevin,R,R,ATL
hammc001,Hammond,Chris,L,L,ATL
helmw001,Helms,Wes,R,R,ATL
hodgt001,Hodges,Trey,R,R,ATL
holmd001,Holmes,Darren,R,R,ATL
jonea002,Jones,Andruw,R,R,ATL
jonec004,Jones,Chipper,B,R,ATL
langr002,Langerhans,Ryan,L,L,ATL
ligtk001,Ligtenberg,Kerry,R,R,ATL
lockk001,Lockhart,Keith,L,R,ATL
lopea002,Lopez,Albie,R,R,ATL
lopej001,Lopez,Javy,R,R,ATL
maddg002,Maddux,Greg,R,R,ATL
marqj001,Marquis,Jason,L,R,ATL
millk004,Millwood,Kevin,R,R,ATL
mossd001,Moss,Damian,R,L,ATL
prata001,Pratt,Andy,L,L,ATL
remlm001,Remlinger,Mike,L,L,ATL
shefg001,Sheffield,Gary,R,R,ATL
smala001,Small,Aaron,R,R,ATL
smolj001,Smoltz,John,R,R,ATL
spoot001,Spooneybarger,Tim,R,R,ATL
surhb001,Surhoff,B.J.,L,R,ATL
torrs002,Torrealba,Steve,R,R,ATL
batit001,Batista,Tony,R,R,BAL
bauer001,Bauer,Rick,R,R,BAL
bechs001,Bechler,Steve,R,R,BAL
bedae001,Bedard,Erik,L,L,BAL
bigbl001,Bigbie,Larry,L,R,BAL
bordm001,Bordick,Mike,R,R,BAL
brocc001,Brock,Chris,R,R,BAL
casar001,Casanova,Raul,B,R,BAL
clarh001,Clark,Howie,L,R,BAL
conij001,Conine,Jeff,R,R,BAL
cordm001,Cordova,Marty,R,R,BAL
dougs001,Douglass,Sean,R,R,BAL
drist001,Driskill,Travis,R,R,BAL
duboe001,DuBose,Eric,L,L,BAL
erics001,Erickson,Scott,R,R,BAL
fordb001,Fordyce,Brook,R,R,BAL
garcl003,Garcia,Luis,R,R,BAL
gibbj002,Gibbons,Jay,L,L,BAL
gil-g001,Gil,Geronimo,R,R,BAL
groob001,Groom,Buddy,L,L,BAL
hairj002,Hairston,Jerry,R,R,BAL
hentp001,Hentgen,Pat,R,R,BAL
johnj007,Johnson,Jason,R,R,BAL
julij001,Julio,Jorge,R,R,BAL
leonj002,Leon,Jose,R,R,BAL
lopel002,Lopez,Luis,B,R,BAL
loper001,Lopez,Rodrigo,R,R,BAL
lunaf001,Lunar,Fernando,R,R,BAL
maduc001,Maduro,Calvin,R,R,BAL
matol001,Matos,Luis,R,R,BAL
mattg002,Matthews,Gary,B,R,BAL
mcgur001,McGuire,Ryan,L,L,BAL
molii001,Molina,Izzy,R,R,BAL
moram002,Mora,Melvin,R,R,BAL
morim001,Moriarty,Mike,R,R,BAL
perey001,Perez,Yorkis,L,L,BAL
ponss001,Ponson,Sidney,R,R,BAL
richc001,Richard,Chris,L,L,BAL
robeb003,Roberts,Brian,B,R,BAL
robew001,Roberts,Willis,R,R,BAL
rogee001,Rogers,Eddie,R,R,BAL
ryanb001,Ryan,B.J.,L,L,BAL
segud001,Segui,David,B,L,BAL
singc001,Singleton,Chris,L,L,BAL
stepj001,Stephens,John,R,R,BAL
towej001,Towers,Josh,R,R,BAL
agbab001,Agbayani,Benny,R,R,BOS
andrs001,Andrews,Shane,R,R,BOS
arror001,Arrojo,Rolando,R,R,BOS
baerc001,Baerga,Carlos,B,R,BOS
bankw001,Banks,Willie,R,R,BOS
browk004,Brown,Kevin,R,R,BOS
burkj001,Burkett,John,R,R,BOS
castf001,Castillo,Frank,R,R,BOS
clart002,Clark,Tony,B,R,BOS
damoj001,Damon,Johnny,L,L,BOS
daubb001,Daubach,Brian,L,R,BOS
diazj001,Diaz,Juan,R,R,BOS
embra001,Embree,Alan,L,L,BOS
floyc001,Floyd,Cliff,L,R,BOS
fossc001,Fossum,Casey,L,L,BOS
garcn001,Garciaparra,Nomar,R,R,BOS
garcr001,Garces,Rich,R,R,BOS
gomew001,Gomes,Wayne,R,R,BOS
hancj001,Hancock,Josh,R,R,BOS
hanec001,Haney,Chris,L,L,BOS
hendr001,Henderson,Rickey,R,L,BOS
hermd001,Hermanson,Dustin,R,R,BOS
hills002,Hillenbrand,Shea,R,R,BOS
howrb001,Howry,Bob,L,R,BOS
kim-s001,Kim,Sun-Woo,R,R,BOS
lowed001,Lowe,Derek,R,R,BOS
martp001,Martinez,Pedro,R,R,BOS
merll001,Merloni,Lou,R,R,BOS
mirad001,Mirabelli,Doug,R,R,BOS
nelsb001,Nelson,Bry,B,R,BOS
nixot001,Nixon,Trot,L,L,BOS
offej001,Offerman,Jose,B,R,BOS
olivd001,Oliver,Darren,R,L,BOS
ramim002,Ramirez,Manny,R,R,BOS
sancf001,Sanchez,Freddy,R,R,BOS
sancr001,Sanchez,Rey,R,R,BOS
urbiu001,Urbina,Ugueth,R,R,BOS
varij001,Varitek,Jason,B,R,BOS
waket001,Wakefield,Tim,R,R,BOS
aloms001,Alomar,Sandy,R,R,CHA
barcl001,Barcelo,Lorenzo,R,R,CHA
biddr001,Biddle,Rocky,R,R,CHA
borcj001,Borchard,Joe,B,R,CHA
buehm001,Buehrle,Mark,L,L,CHA
clayr001,Clayton,Royce,R,R,CHA
credj001,Crede,Joe,R,R,CHA
durhr001,Durham,Ray,B,R,CHA
foulk001,Foulke,Keith,R,R,CHA
garlj001,Garland,Jon,R,R,CHA
gintm001,Ginter,Matt,R,R,CHA
glovg001,Glover,Gary,R,R,CHA
graft001,Graffanino,Tony,R,R,CHA
harrw001,Harris,Willie,L,R,CHA
howrb001,Howry,Bob,L,R,CHA
jimed001,Jimenez,D'Angelo,B,R,CHA
johnm003,Johnson,Mark,L,R,CHA
konep001,Konerko,Paul,R,R,CHA
lee-c001,Lee,Carlos,R,R,CHA
liefj001,Liefer,Jeff,L,R,CHA
loftk001,Lofton,Kenny,L,L,CHA
martd004,Marte,Damaso,L,L,CHA
olivm001,Olivo,Miguel,R,R,CHA
ordom001,Ordonez,Magglio,R,R,CHA
osuna002,Osuna,Antonio,R,R,CHA
parqj001,Parque,Jim,L,L,CHA
paulj001,Paul,Josh,R,R,CHA
porzm001,Porzio,Mike,L,L,CHA
raucj001,Rauch,Jon,R,R,CHA
ritct001,Ritchie,Todd,R,R,CHA
rowaa001,Rowand,Aaron,R,R,CHA
thomf001,Thomas,Frank,R,R,CHA
valej003,Valentin,Jose,B,R,CHA
wrigd001,Wright,Dan,R,R,CHA
wunsk001,Wunsch,Kelly,L,L,CHA
alfoa001,Alfonseca,Antonio,R,R,CHN
aloum001,Alou,Moises,R,R,CHN
bellm002,Bellhorn,Mark,B,R,CHN
beltf001,Beltran,Francis,R,R,CHN
benea002,Benes,Alan,R,R,CHN
berej002,Bere,Jason,R,R,CHN
boroj001,Borowski,Joe,R,R,CHN
browr001,Brown,Roosevelt,L,R,CHN
chias002,Chiasson,Scott,R,R,CHN
choih001,Choi,Hee-Seop,L,L,CHN
clemm001,Clement,Matt,R,R,CHN
cruzj005,Cruz,Juan,R,R,CHN
cunnw001,Cunnane,Will,R,R,CHN
deshd001,DeShields,Delino,L,R,CHN
duncc001,Duncan,Courtney,L,R,CHN
echea001,Echevarria,Angel,R,R,CHN
encam001,Encarnacion,Mario,R,R,CHN
farnk001,Farnsworth,Kyle,R,R,CHN
fassj001,Fassero,Jeff,L,L,CHN
giraj001,Girardi,Joe,R,R,CHN
gonza001,Gonzalez,Alex,R,R,CHN
gordt001,Gordon,Tom,R,R,CHN
hermc001,Hermansen,Chad,R,R,CHN
hillb001,Hill,Bobby,B,R,CHN
hundt001,Hundley,Todd,B,R,CHN
lewid001,Lewis,Darren,R,R,CHN
liebj001,Lieber,Jon,L,R,CHN
machr001,Machado,Robert,R,R,CHN
mahar001,Mahay,Ron,L,L,CHN
mahom001,Mahoney,Mike,R,R,CHN
mahop001,Mahomes,Pat,R,R,CHN
mcgrf001,McGriff,Fred,L,L,CHN
muelb001,Mueller,Bill,B,R,CHN
ojeda001,Ojeda,Augie,B,R,CHN
oriek001,Orie,Kevin,R,R,CHN
osbod001,Osborne,Donovan,B,L,CHN
pattc001,Patterson,Corey,L,R,CHN
priom001,Prior,Mark,R,R,CHN
sancj001,Sanchez,Jesus,L,L,CHN
smyts001,Smyth,Steve,L,L,CHN
sosas001,Sosa,Sammy,R,R,CHN
stync001,Stynes,Chris,R,R,CHN
woodk002,Wood,Kerry,R,R,CHN
zambc001,Zambrano,Carlos,B,R,CHN
acevj002,Acevedo,Jose,R,R,CIN
almac001,Almanzar,Carlos,R,R,CIN
boona001,Boone,Aaron,R,R,CIN
branr001,Branyan,Russell,L,R,CIN
browj003,Brower,Jim,R,R,CIN
cases001,Casey,Sean,L,R,CIN
castj004,Castro,Juan,R,R,CIN
chenb001,Chen,Bruce,L,L,CIN
clarb003,Clark,Brady,R,R,CIN
dawkt001,Dawkins,Travis,R,R,CIN
dempr002,Dempster,Ryan,R,R,CIN
desse001,Dessens,Elmer,R,R,CIN
dunna001,Dunn,Adam,L,R,CIN
encaj001,Encarnacion,Juan,R,R,CIN
estes001,Estes,Shawn,R,L,CIN
fernj002,Fernandez,Jared,R,R,CIN
gonzr002,Gonzalez,Raul,R,R,CIN
gravd001,Graves,Danny,R,R,CIN
grifk002,Griffey,Ken,L,L,CIN
guerw001,Guerrero,Wilton,B,R,CIN
guilj001,Guillen,Jose,R,R,CIN
hamij002,Hamilton,Joey,R,R,CIN
haynj001,Haynes,Jimmy,R,R,CIN
hudsl001,Hudson,Luke,R,R,CIN
keara001,Kearns,Austin,R,R,CIN
larkb001,Larkin,Barry,R,R,CIN
larsb001,Larson,Brandon,R,R,CIN
laruj001,LaRue,Jason,R,R,CIN
mater001,Mateo,Ruben,R,R,CIN
millc001,Miller,Corky,R,R,CIN
moehb001,Moehler,Brian,R,R,CIN
penaw001,Pena,Wily Mo,R,R,CIN
pinel001,Pineda,Luis,R,R,CIN
reitc001,Reitsma,Chris,R,R,CIN
riedj001,Riedling,John,R,R,CIN
rijoj001,Rijo,Jose,R,R,CIN
silvj001,Silva,Jose,R,R,CIN
stink001,Stinnett,Kelly,R,R,CIN
sulls001,Sullivan,Scott,R,R,CIN
taylr001,Taylor,Reggie,L,R,CIN
walkt002,Walker,Todd,L,R,CIN
whitg001,White,Gabe,L,L,CIN
wills002,Williamson,Scott,R,R,CIN
allec001,Allen,Chad,R,R,CLE
andeb001,Anderson,Brady,L,L,CLE
avenb001,Aven,Bruce,R,R,CLE
baezd001,Baez,Danys,R,R,CLE
bardj001,Bard,Josh,B,R,CLE
bevej001,Beverlin,Jason,L,R,CLE
bradm001,Bradley,Milton,B,R,CLE
branr001,Branyan,Russell,L,R,CLE
broub001,Broussard,Ben,L,L,CLE
burbd001,Burba,Dave,R,R,CLE
burke001,Burks,Ellis,R,R,CLE
cabrj002,Cabrera,Jolbert,R,R,CLE
colob001,Colon,Bartolo,R,R,CLE
cordw001,Cordero,Wil,R,R,CLE
crisc001,Crisp,Coco,B,R,CLE
davij005,Davis,Jason,R,R,CLE
depas001,DePaula,Sean,R,R,CLE
diaze002,Diaz,Einar,R,R,CLE
dresr001,Drese,Ryan,R,R,CLE
dunwt001,Dunwoody,Todd,L,L,CLE
elded001,Elder,Dave,R,R,CLE
finlc001,Finley,Chuck,L,L,CLE
frymt001,Fryman,Travis,R,R,CLE
garck002,Garcia,Karim,L,L,CLE
gutir001,Gutierrez,Ricky,R,R,CLE
herra001,Herrera,Alex,L,L,CLE
larog001,LaRocca,Greg,R,R,CLE
lawtm002,Lawton,Matt,L,R,CLE
lee-c003,Lee,Cliff,L,L,CLE
magrc001,Magruder,Chris,B,R,CLE
martv001,Martinez,Victor,B,R,CLE
maurd001,Maurer,Dave,R,L,CLE
mcdoj003,McDonald,John,R,R,CLE
mulht001,Mulholland,Terry,R,L,CLE
murrh001,Murray,Heath,L,L,CLE
nagyc001,Nagy,Charles,L,R,CLE
paroc001,Paronto,Chad,R,R,CLE
peree002,Perez,Eddie,R,R,CLE
philb001,Phillips,Brandon,R,R,CLE
philj002,Phillips,Jason,R,R,CLE
riggj001,Riggan,Jerrod,R,R,CLE
rincr001,Rincon,Ricardo,L,L,CLE
riskd001,Riske,David,R,R,CLE
rodrn001,Rodriguez,Nerio,R,R,CLE
rodrr005,Rodriguez,Ricardo,L,R,CLE
sabac001,Sabathia,CC,L,L,CLE
sadlc001,Sadler,Carl,L,L,CLE
selbb001,Selby,Bill,L,R,CLE
shuep001,Shuey,Paul,R,R,CLE
smitr004,Smith,Roy,R,R,CLE
snyde001,Snyder,Earl,R,R,CLE
stevl001,Stevens,Lee,L,L,CLE
tallb001,Tallet,Brian,L,L,CLE
thomj002,Thome,Jim,L,R,CLE
vizqo001,Vizquel,Omar,B,R,CLE
westj001,Westbrook,Jake,R,R,CLE
wickb001,Wickman,Bob,R,R,CLE
wohlm001,Wohlers,Mark,R,R,CLE
wrigj002,Wright,Jaret,R,R,CLE
agbab001,Agbayani,Benny,R,R,COL
aloms001,Alomar,Sandy,R,R,COL
benng001,Bennett,Gary,R,R,COL
butlb002,Butler,Brent,R,R,COL
chacs001,Chacon,Shawn,R,R,COL
cooka002,Cook,Aaron,R,R,COL
corem001,Corey,Mark,R,R,COL
custj001,Cust,Jack,L,R,COL
estab001,Estalella,Bobby,R,R,COL
florr001,Flores,Randy,L,L,COL
fuenb001,Fuentes,Brian,L,L,COL
gloar001,Gload,Ross,L,L,COL
hampm001,Hampton,Mike,R,L,COL
heltt001,Helton,Todd,L,L,COL
hollt001,Hollandsworth,Todd,L,L,COL
jamem001,James,Mike,R,R,COL
jennj001,Jennings,Jason,L,R,COL
jimej001,Jimenez,Jose,R,R,COL
jonet003,Jones,Todd,L,R,COL
kaplg001,Kapler,Gabe,R,R,COL
littm001,Little,Mark,R,R,COL
lowes001,Lowe,Sean,R,R,COL
mckew001,McKeel,Walt,R,R,COL
merck001,Mercker,Kent,L,L,COL
neagd001,Neagle,Denny,L,L,COL
nichc002,Nichting,Chris,R,R,COL
nortg001,Norton,Greg,B,R,COL
ortij003,Ortiz,Jose,R,R,COL
paytj001,Payton,Jay,R,R,COL
petrb001,Petrick,Ben,R,R,COL
pierj002,Pierre,Juan,L,L,COL
reyed001,Reyes,Dennys,R,L,COL
romaj002,Romano,Jason,R,R,COL
santv001,Santos,Victor,R,R,COL
shumt001,Shumpert,Terry,R,R,COL
speij001,Speier,Justin,R,R,COL
stard001,Stark,Denny,R,R,COL
thomj005,Thomson,John,R,R,COL
uribj002,Uribe,Juan,R,R,COL
vancc001,Vance,Cory,L,L,COL
walkl001,Walker,Larry,L,R,COL
whitr002,White,Rick,R,R,COL
zeilt001,Zeile,Todd,R,R,COL
acevj001,Acevedo,Juan,R,R,DET
andem002,Anderson,Matt,R,R,DET
berna001,Bernero,Adam,R,R,DET
bevej001,Beverlin,Jason,L,R,DET
bocah001,Bocachica,Hiram,R,R,DET
cornn001,Cornejo,Nate,R,R,DET
cruzj003,Cruz,Jacob,L,L,DET
easld001,Easley,Damion,R,R,DET
eckee001,Eckenstahler,Eric,L,L,DET
farnj001,Farnsworth,Jeff,R,R,DET
fickr001,Fick,Robert,L,R,DET
germf001,German,Franklyn,R,R,DET
greis001,Greisinger,Seth,R,R,DET
halts001,Halter,Shane,R,R,DET
henro001,Henriquez,Oscar,R,R,DET
higgb001,Higginson,Bobby,L,R,DET
infao001,Infante,Omar,R,R,DET
ingeb001,Inge,Brandon,R,R,DET
jackd003,Jackson,Damian,R,R,DET
jackr004,Jackson,Ryan,L,L,DET
jimej002,Jimenez,Jason,R,L,DET
kellk002,Keller,Kris,R,R,DET
limaj001,Lima,Jose,R,R,DET
lombg001,Lombard,George,L,R,DET
louxs001,Loux,Shane,R,R,DET
macij001,Macias,Jose,B,R,DET
magew001,Magee,Wendell,R,R,DET
marom001,Maroth,Mike,L,L,DET
melum001,Meluskey,Mitch,B,R,DET
millm001,Miller,Matt,L,L,DET
moehb001,Moehler,Brian,R,R,DET
monrc001,Monroe,Craig,R,R,DET
munse001,Munson,Eric,L,R,DET
palmd002,Palmer,Dean,R,R,DET
panij001,Paniagua,Jose,R,R,DET
paquc001,Paquette,Craig,R,R,DET
pattd001,Patterson,Danny,R,R,DET
peart001,Pearson,Terry,R,R,DET
penac001,Pena,Carlos,L,L,DET
perim001,Perisho,Matt,L,L,DET
poweb001,Powell,Brian,R,R,DET
redmm002,Redman,Mark,L,L,DET
rivem003,Rivera,Mike,R,R,DET
rodnf001,Rodney,Fernando,R,R,DET
sabee001,Sabel,Erik,R,R,DET
salao001,Salazar,Oscar,R,R,DET
santj001,Santana,Julio,R,R,DET
santr002,Santiago,Ramon,B,R,DET
simor001,Simon,Randall,L,L,DET
spars001,Sparks,Steve,R,R,DET
torra001,Torres,Andres,B,R,DET
trubc001,Truby,Chris,R,R,DET
vanha001,Van Hekken,Andy,R,L,DET
walbm001,Walbeck,Matt,B,R,DET
walkj001,Walker,Jamie,L,L,DET
weavj002,Weaver,Jeff,R,R,DET
yound001,Young,Dmitri,B,R,DET
almaa001,Almanza,Armando,L,L,FLO
bankb001,Banks,Brian,B,R,FLO
beckj002,Beckett,Josh,R,R,FLO
borlt001,Borland,Toby,R,R,FLO
burna001,Burnett,A.J.,R,R,FLO
bushh001,Bush,Homer,R,R,FLO
castl001,Castillo,Luis,B,R,FLO
castr002,Castro,Ramon,R,R,FLO
darev001,Darensbourg,Vic,L,L,FLO
dempr002,Dempster,Ryan,R,R,FLO
encaj001,Encarnacion,Juan,R,R,FLO
floyc001,Floyd,Cliff,L,R,FLO
fox-a001,Fox,Andy,L,R,FLO
gonza002,Gonzalez,Alex,R,R,FLO
izquh001,Izquierdo,Hansel,R,R,FLO
johnc002,Johnson,Charles,R,R,FLO
knotg001,Knotts,Gary,R,R,FLO
lee-d002,Lee,Derrek,R,R,FLO
lloyg001,Lloyd,Graeme,L,L,FLO
loopb001,Looper,Braden,R,R,FLO
lowem001,Lowell,Mike,R,R,FLO
mairo001,Mairena,Oswaldo,L,L,FLO
mallm001,Malloy,Marty,L,R,FLO
millk005,Millar,Kevin,R,R,FLO
mordm001,Mordecai,Mike,R,R,FLO
nealb001,Neal,Blaine,L,R,FLO
nunea002,Nunez,Abraham,B,R,FLO
nunev001,Nunez,Vladimir,R,R,FLO
olsek001,Olsen,Kevin,R,R,FLO
owene001,Owens,Eric,R,R,FLO
ozunp001,Ozuna,Pablo,R,R,FLO
pavac001,Pavano,Carl,R,R,FLO
pennb002,Penny,Brad,R,R,FLO
raint001,Raines,Tim,B,R,FLO
redmm001,Redmond,Mike,R,R,FLO
roben001,Robertson,Nate,R,L,FLO
tavaj001,Tavarez,Julian,L,R,FLO
tejem001,Tejera,Michael,L,L,FLO
teutn001,Teut,Nate,R,L,FLO
waynj001,Wayne,Justin,R,R,FLO
wilsp002,Wilson,Preston,R,R,FLO
ausmb001,Ausmus,Brad,R,R,HOU
bagwj001,Bagwell,Jeff,R,R,HOU
berkl001,Berkman,Lance,B,L,HOU
biggc001,Biggio,Craig,R,R,HOU
blumg001,Blum,Geoff,B,R,HOU
borbp001,Borbon,Pedro,R,L,HOU
chavr001,Chavez,Raul,R,R,HOU
cruzn001,Cruz,Nelson,R,R,HOU
doteo001,Dotel,Octavio,R,R,HOU
ensbm001,Ensberg,Morgan,R,R,HOU
evera001,Everett,Adam,R,R,HOU
gintk001,Ginter,Keith,R,R,HOU
gordt001,Gordon,Tom,R,R,HOU
hernc004,Hernandez,Carlos,L,L,HOU
hidar001,Hidalgo,Richard,R,R,HOU
huntb002,Hunter,Brian,R,R,HOU
lanej001,Lane,Jason,R,L,HOU
lidgb001,Lidge,Brad,R,R,HOU
lines001,Linebrink,Scott,R,R,HOU
lorem001,Loretta,Mark,R,R,HOU
lugoj001,Lugo,Julio,R,R,HOU
mannj001,Mann,Jim,R,R,HOU
matht002,Mathews,T.J.,R,R,HOU
merco002,Merced,Orlando,B,R,HOU
millw001,Miller,Wade,R,R,HOU
mlicd001,Mlicki,Dave,R,R,HOU
munrp001,Munro,Peter,R,R,HOU
oswar001,Oswalt,Roy,R,R,HOU
pichh001,Pichardo,Hipolito,R,R,HOU
puffb001,Puffer,Brandon,R,R,HOU
reddt001,Redding,Tim,R,R,HOU
reyns001,Reynolds,Shane,R,R,HOU
robej001,Robertson,Jeriome,L,L,HOU
saark001,Saarloos,Kirk,R,R,HOU
stonr001,Stone,Ricky,R,R,HOU
vizcj001,Vizcaino,Jose,B,R,HOU
wagnb001,Wagner,Billy,L,L,HOU
wardd002,Ward,Daryle,L,L,HOU
wessb001,Wesson,Barry,R,R,HOU
zaung001,Zaun,Gregg,B,R,HOU
zinta001,Zinter,Alan,B,R,HOU
affej001,Affeldt,Jeremy,L,L,KCA
alicl001,Alicea,Luis,B,R,KCA
asenm001,Asencio,Miguel,R,R,KCA
austj002,Austin,Jeff,R,R,KCA
bailc001,Bailey,Cory,R,R,KCA
beltc001,Beltran,Carlos,B,R,KCA
bergb001,Berger,Brandon,R,R,KCA
berra001,Berroa,Angel,R,R,KCA
britj002,Brito,Juan,R,R,KCA
browd002,Brown,Dee,L,R,KCA
bukvr001,Bukvich,Ryan,R,R,KCA
byrdp001,Byrd,Paul,R,R,KCA
carum001,Caruso,Mike,L,R,KCA
durbc001,Durbin,Chad,R,R,KCA
feblc001,Febles,Carlos,R,R,KCA
fieln001,Field,Nate,R,R,KCA
georc002,George,Chris,L,L,KCA
gomea001,Gomez,Alexis,L,L,KCA
grimj001,Grimsley,Jason,R,R,KCA
guiea001,Guiel,Aaron,L,R,KCA
hernr001,Hernandez,Roberto,R,R,KCA
hernr003,Hernandez,Runelvys,R,R,KCA
hillj001,Hill,Jeremy,R,R,KCA
hinca001,Hinch,A.J.,R,R,KCA
ibanr001,Ibanez,Raul,L,R,KCA
knobc001,Knoblauch,Chuck,R,R,KCA
macdm001,MacDougal,Mike,B,R,KCA
may-d002,May,Darrell,L,L,KCA
maynb001,Mayne,Brent,L,R,KCA
mccad001,McCarty,Dave,R,L,KCA
mcdod001,McDonald,Donzell,B,R,KCA
mulls002,Mullen,Scott,R,L,KCA
oberw001,Obermueller,Wes,R,R,KCA
ordal001,Ordaz,Luis,R,R,KCA
pellk001,Pellow,Kit,R,R,KCA
peren001,Perez,Neifi,B,R,KCA
perrc001,Perry,Chan,R,R,KCA
quinm001,Quinn,Mark,R,R,KCA
randj002,Randa,Joe,R,R,KCA
reicd001,Reichert,Dan,R,R,KCA
rekab001,Rekar,Bryan,R,R,KCA
sadld001,Sadler,Donnie,R,R,KCA
sedls001,Sedlacek,Shawn,R,R,KCA
shoub001,Shouse,Brian,L,L,KCA
steib002,Stein,Blake,R,R,KCA
suppj001,Suppan,Jeff,R,R,KCA
suzum001,Suzuki,Mac,R,R,KCA
sweem002,Sweeney,Mike,R,R,KCA
tuckm001,Tucker,Michael,L,R,KCA
voylb001,Voyles,Brad,R,R,KCA
wathd001,Wathan,Dusty,R,R,KCA
wilsk001,Wilson,Kris,R,R,KCA
allel001,Allen,Luke,L,R,LAN
alvav001,Alvarez,Victor,L,L,LAN
ashba002,Ashby,Andy,R,R,LAN
beirk001,Beirne,Kevin,L,R,LAN
belta001,Beltre,Adrian,R,R,LAN
bocah001,Bocachica,Hiram,R,R,LAN
browk001,Brown,Kevin,R,R,LAN
cabrj002,Cabrera,Jolbert,R,R,LAN
carrg001,Carrara,Giovanni,R,R,LAN
chenc001,Chen,Chin-Feng,R,R,LAN
coraa001,Cora,Alex,L,R,LAN
coreb001,Corey,Bryan,R,R,LAN
daalo001,Daal,Omar,L,L,LAN
ellir001,Ellis,Robert,R,R,LAN
gagne001,Gagne,Eric,R,R,LAN
grees001,Green,Shawn,L,L,LAN
grism001,Grissom,Marquis,R,R,LAN
grudm001,Grudzielanek,Mark,R,R,LAN
hansd001,Hansen,Dave,L,R,LAN
houst001,Houston,Tyler,L,R,LAN
ishik001,Ishii,Kazuhisa,L,L,LAN
iztuc001,Izturis,Cesar,B,R,LAN
jordb001,Jordan,Brian,R,R,LAN
karre001,Karros,Eric,R,R,LAN
kinkm001,Kinkade,Mike,R,R,LAN
kreuc001,Kreuter,Chad,B,R,LAN
lodup001,Lo Duca,Paul,R,R,LAN
motag001,Mota,Guillermo,R,R,LAN
mulht001,Mulholland,Terry,R,L,LAN
nomoh001,Nomo,Hideo,R,R,LAN
orosj001,Orosco,Jesse,R,L,LAN
pereo001,Perez,Odalis,L,L,LAN
quanp001,Quantrill,Paul,L,R,LAN
reboj001,Reboulet,Jeff,R,R,LAN
robed001,Roberts,Dave,L,L,LAN
rossd001,Ross,David,R,R,LAN
ruanw001,Ruan,Wilkin,R,R,LAN
shuep001,Shuey,Paul,R,R,LAN
sprid001,Springer,Dennis,R,R,LAN
thurj001,Thurston,Joseph,L,R,LAN
willj002,Williams,Jeff,R,L,LAN
alcai001,Alcantara,Israel,R,R,MIL
bakop001,Bako,Paul,L,R,MIL
bellr002,Belliard,Ronnie,R,R,MIL
buddm001,Buddie,Mike,R,R,MIL
cabrj001,Cabrera,Jose,R,R,MIL
casar001,Casanova,Raul,B,R,MIL
chilm001,Childers,Matt,R,R,MIL
chrir001,Christenson,Ryan,R,R,MIL
dejem001,DeJean,Mike,R,R,MIL
delov001,de los Santos,Valerio,L,L,MIL
diggb001,Diggins,Ben,R,R,MIL
duroj001,Durocher,Jayson,R,R,MIL
fabrj001,Fabregas,Jorge,L,R,MIL
figun001,Figueroa,Nelson,B,R,MIL
fox-c001,Fox,Chad,R,R,MIL
franw001,Franklin,Wayne,L,L,MIL
gintk001,Ginter,Keith,R,R,MIL
hallb001,Hall,Bill,R,R,MIL
hammj001,Hammonds,Jeffrey,R,R,MIL
harrl001,Harris,Lenny,L,R,MIL
hernj001,Hernandez,Jose,R,R,MIL
houst001,Houston,Tyler,L,R,MIL
jenkg001,Jenkins,Geoff,L,R,MIL
jensm001,Jensen,Marcus,B,R,MIL
kingr001,King,Ray,L,L,MIL
lopel002,Lopez,Luis,B,R,MIL
lorem001,Loretta,Mark,R,R,MIL
lorra001,Lorraine,Andrew,L,L,MIL
machr001,Machado,Robert,R,R,MIL
mallb002,Mallette,Brian,R,R,MIL
mattm001,Matthews,Mike,L,L,MIL
nancs001,Nance,Shane,L,L,MIL
neugn001,Neugebauer,Nick,R,R,MIL
nomut001,Nomura,Takahito,L,L,MIL
ochoa001,Ochoa,Alex,R,R,MIL
ostij001,Osting,Jimmy,R,L,MIL
pembd001,Pember,Dave,R,R,MIL
quevr001,Quevedo,Ruben,R,R,MIL
ruscg001,Rusch,Glendon,L,L,MIL
rushj001,Rushford,Jim,L,L,MIL
sanca003,Sanchez,Alex,L,L,MIL
sexsr001,Sexson,Richie,R,R,MIL
sheeb001,Sheets,Ben,R,R,MIL
staim001,Stairs,Matt,L,R,MIL
stule001,Stull,Everett,R,R,MIL
thomr004,Thompson,Ryan,R,R,MIL
vizcl001,Vizcaino,Luis,R,R,MIL
wrigj001,Wright,Jamey,R,R,MIL
youne001,Young,Eric,R,R,MIL
blakc001,Blake,Casey,R,R,MIN
buchb002,Buchanan,Brian,R,R,MIN
canij001,Canizaro,Jay,R,R,MIN
cresj001,Cressend,Jack,R,R,MIN
cuddm001,Cuddyer,Michael,R,R,MIN
fiort001,Fiore,Tony,R,R,MIN
fredk001,Frederick,Kevin,L,R,MIN
guare001,Guardado,Eddie,R,L,MIN
guzmc001,Guzman,Cristian,B,R,MIN
hawkl001,Hawkins,LaTroy,R,R,MIN
hockd001,Hocking,Denny,B,R,MIN
huntt001,Hunter,Torii,R,R,MIN
jackm001,Jackson,Michael,R,R,MIN
jonej003,Jones,Jacque,L,L,MIN
kielb001,Kielty,Bobby,B,R,MIN
kinnm002,Kinney,Matt,R,R,MIN
koskc001,Koskie,Corey,L,R,MIN
lambd001,Lamb,David,B,R,MIN
lecrm001,LeCroy,Matt,R,R,MIN
lohsk001,Lohse,Kyle,R,R,MIN
maysj001,Mays,Joe,B,R,MIN
miend001,Mientkiewicz,Doug,L,R,MIN
millt001,Miller,Travis,R,L,MIN
milte001,Milton,Eric,L,L,MIN
mohrd001,Mohr,Dustan,R,R,MIN
morrw001,Morris,Warren,L,R,MIN
ortid001,Ortiz,David,L,L,MIN
piera001,Pierzynski,A.J.,L,R,MIN
print001,Prince,Tom,R,R,MIN
radkb001,Radke,Brad,R,R,MIN
reedr002,Reed,Rick,R,R,MIN
restm001,Restovich,Michael,R,R,MIN
rincj001,Rincon,Juan,R,R,MIN
rival001,Rivas,Luis,R,R,MIN
rodrj001,Rodriguez,Jose,L,L,MIN
romej001,Romero,J.C.,B,L,MIN
ryanm001,Ryan,Mike,L,R,MIN
santj003,Santana,Johan,L,L,MIN
seart001,Sears,Todd,R,R,MIN
tromm001,Trombley,Mike,R,R,MIN
valej004,Valentin,Javier,B,R,MIN
wellb002,Wells,Bob,R,R,MIN
armat002,Armas,Tony,R,R,MON
barrm003,Barrett,Michael,R,R,MON
bergp001,Bergeron,Peter,L,R,MON
browj003,Brower,Jim,R,R,MON
cabro001,Cabrera,Orlando,R,R,MON
carrj001,Carroll,Jamey,R,R,MON
cepim001,Cepicky,Matthew,L,R,MON
chave002,Chavez,Endy,L,L,MON
chenb001,Chen,Bruce,L,L,MON
colll001,Collier,Lou,R,R,MON
colob001,Colon,Bartolo,R,R,MON
cordw001,Cordero,Wil,R,R,MON
day-z001,Day,Zach,R,R,MON
drewt001,Drew,Tim,R,R,MON
eiscj001,Eischen,Joey,L,L,MON
floyc001,Floyd,Cliff,L,R,MON
galaa001,Galarraga,Andres,R,R,MON
guerv001,Guerrero,Vladimir,R,R,MON
guerw001,Guerrero,Wilton,B,R,MON
hergm001,Herges,Matt,L,R,MON
kim-s001,Kim,Sun-Woo,R,R,MON
lloyg001,Lloyd,Graeme,L,L,MON
macij001,Macias,Jose,B,R,MON
mateh001,Mateo,Henry,B,R,MON
mordm001,Mordecai,Mike,R,R,MON
ohkat001,Ohka,Tomo,B,R,MON
oleat001,O'Leary,Troy,L,L,MON
pavac001,Pavano,Carl,R,R,MON
reamb001,Reames,Britt,R,R,MON
rodrh001,Rodriguez,Henry,L,L,MON
schnb001,Schneider,Brian,L,R,MON
smitd006,Smith,Dan,R,R,MON
stevl001,Stevens,Lee,L,L,MON
stews003,Stewart,Scott,R,L,MON
stris001,Strickland,Scott,R,R,MON
tatif001,Tatis,Fernando,R,R,MON
trubc001,Truby,Chris,R,R,MON
tuckt001,Tucker,T.J.,R,R,MON
vazqj001,Vazquez,Javier,R,R,MON
vidrj001,Vidro,Jose,B,R,MON
vosbe001,Vosberg,Ed,L,L,MON
wilkb002,Wilkerson,Brad,L,L,MON
yoshm001,Yoshii,Masato,R,R,MON
ariaa001,Arias,Alex,R,R,NYA
casta001,Castillo,Alberto,R,R,NYA
choar001,Choate,Randy,L,L,NYA
clemr001,Clemens,Roger,R,R,NYA
coomr001,Coomer,Ron,R,R,NYA
garck002,Garcia,Karim,L,L,NYA
giamj001,Giambi,Jason,L,R,NYA
hensd001,Henson,Drew,R,R,NYA
herna002,Hernandez,Adrian,R,R,NYA
herno001,Hernandez,Orlando,R,R,NYA
hitcs001,Hitchcock,Sterling,L,L,NYA
jeted001,Jeter,Derek,R,R,NYA
johnn001,Johnson,Nick,L,L,NYA
karss001,Karsay,Steve,R,R,NYA
knigb001,Knight,Brandon,L,R,NYA
lillt001,Lilly,Ted,L,L,NYA
mendr001,Mendoza,Ramiro,R,R,NYA
mondr002,Mondesi,Raul,R,R,NYA
mussm001,Mussina,Mike,L,R,NYA
petta001,Pettitte,Andy,L,L,NYA
posaj001,Posada,Jorge,B,R,NYA
rivej001,Rivera,Juan,R,R,NYA
rivem002,Rivera,Mariano,R,R,NYA
soria001,Soriano,Alfonso,R,R,NYA
spens001,Spencer,Shane,R,R,NYA
stanm003,Stanton,Mike,L,L,NYA
tessj001,Tessmer,Jay,R,R,NYA
thamm001,Thames,Marcus,R,R,NYA
thurm002,Thurman,Mike,R,R,NYA
vandj001,Vander Wal,John,L,L,NYA
ventr001,Ventura,Robin,L,R,NYA
weavj002,Weaver,Jeff,R,R,NYA
welld001,Wells,David,L,L,NYA
whitr001,White,Rondell,R,R,NYA
widgc001,Widger,Chris,R,R,NYA
willb002,Williams,Bernie,B,R,NYA
willg001,Williams,Gerald,R,R,NYA
wilse001,Wilson,Enrique,B,R,NYA
alfoe001,Alfonzo,Edgardo,R,R,NYN
alomr001,Alomar,Roberto,B,R,NYN
astap001,Astacio,Pedro,R,R,NYN
bacsm001,Bacsik,Michael,L,L,NYN
benia001,Benitez,Armando,R,R,NYN
burnj001,Burnitz,Jeromy,L,R,NYN
ceder001,Cedeno,Roger,B,R,NYN
cerdj001,Cerda,Jaime,L,L,NYN
chenb001,Chen,Bruce,L,L,NYN
chrim002,Christensen,McKay,L,L,NYN
clarb003,Clark,Brady,R,R,NYN
corem001,Corey,Mark,R,R,NYN
damij001,D'Amico,Jeff,R,R,NYN
davik001,Davis,Kane,R,R,NYN
estes001,Estes,Shawn,R,L,NYN
felip002,Feliciano,Pedro,L,L,NYN
gonzr002,Gonzalez,Raul,R,R,NYN
guthm001,Guthrie,Mark,R,L,NYN
johnm001,Johnson,Mark,L,L,NYN
joneb004,Jones,Bobby,R,L,NYN
komis001,Komiyama,Satoru,R,R,NYN
leita001,Leiter,Al,L,L,NYN
littm001,Little,Mark,R,R,NYN
mattg002,Matthews,Gary,B,R,NYN
mcewj001,McEwing,Joe,R,R,NYN
middj001,Middlebrook,Jason,R,R,NYN
ordor001,Ordonez,Rey,R,R,NYN
paytj001,Payton,Jay,R,R,NYN
peret004,Perez,Timo,L,L,NYN
philj003,Phillips,Jason,R,R,NYN
piazm001,Piazza,Mike,R,R,NYN
reeds001,Reed,Steve,R,R,NYN
robeg001,Roberts,Grant,R,R,NYN
scutm001,Scutaro,Marco,R,R,NYN
seo-j001,Seo,Jae Weong,R,R,NYN
sneae001,Snead,Esix,B,R,NYN
strap001,Strange,Pat,R,R,NYN
stris001,Strickland,Scott,R,R,NYN
tarat001,Tarasco,Tony,L,R,NYN
thomj005,Thomson,John,R,R,NYN
tracs001,Trachsel,Steve,R,R,NYN
valej002,Valentin,John,R,R,NYN
vaugm001,Vaughn,Mo,L,R,NYN
walkp001,Walker,Pete,R,R,NYN
walkt003,Walker,Tyler,R,R,NYN
weatd001,Weathers,David,R,R,NYN
wiggt001,Wigginton,Ty,R,R,NYN
wilsv001,Wilson,Vance,R,R,NYN
bowim001,Bowie,Micah,L,L,OAK
bradc001,Bradford,Chad,R,R,OAK
byrne001,Byrnes,Eric,R,R,OAK
chave001,Chavez,Eric,L,R,OAK
colam001,Colangelo,Mike,R,R,OAK
durhr001,Durham,Ray,B,R,OAK
dye-j001,Dye,Jermaine,R,R,OAK
ellim001,Ellis,Mark,R,R,OAK
florj001,Flores,Jose,R,R,OAK
fyhrm001,Fyhrie,Mike,R,R,OAK
germe001,German,Esteban,R,R,OAK
giamj002,Giambi,Jeremy,L,L,OAK
grabj001,Grabowski,Jason,L,R,OAK
haraa001,Harang,Aaron,R,R,OAK
hatts001,Hatteberg,Scott,L,R,OAK
hernr002,Hernandez,Ramon,R,R,OAK
hilje001,Hiljus,Erik,R,R,OAK
holtm001,Holtz,Mike,L,L,OAK
hudst001,Hudson,Tim,R,R,OAK
justd001,Justice,David,L,L,OAK
kochb001,Koch,Billy,R,R,OAK
lidlc001,Lidle,Cory,R,R,OAK
lillt001,Lilly,Ted,L,L,OAK
longt002,Long,Terrence,L,L,OAK
mabrj001,Mabry,John,L,R,OAK
magnm001,Magnante,Mike,L,L,OAK
mckac001,McKay,Cody,L,R,OAK
mecij001,Mecir,Jim,B,R,OAK
menef001,Menechino,Frank,R,R,OAK
muldm001,Mulder,Mark,L,L,OAK
myerg001,Myers,Greg,L,R,OAK
penac001,Pena,Carlos,L,L,OAK
piata001,Piatt,Adam,R,R,OAK
rincr001,Rincon,Ricardo,L,L,OAK
saeno001,Saenz,Olmedo,R,R,OAK
suttl001,Sutton,Larry,L,L,OAK
tam-j001,Tam,Jeff,R,R,OAK
tejam001,Tejada,Miguel,R,R,OAK
velar001,Velarde,Randy,R,R,OAK
venam002,Venafro,Mike,L,L,OAK
zitob001,Zito,Barry,L,L,OAK
abreb001,Abreu,Bobby,L,R,PHI
adamt001,Adams,Terry,R,R,PHI
andem003,Anderson,Marlon,L,R,PHI
bottr001,Bottalico,Ricky,L,R,PHI
burrp001,Burrell,Pat,R,R,PHI
byrdm001,Byrd,Marlon,R,R,PHI
coggd001,Coggin,Dave,R,R,PHI
cormr001,Cormier,Rheal,L,L,PHI
duckb001,Duckworth,Brandon,R,R,PHI
estrj001,Estrada,Johnny,B,R,PHI
giamj002,Giambi,Jeremy,L,L,PHI
gland001,Glanville,Doug,R,R,PHI
holld001,Hollins,Dave,B,R,PHI
junge001,Junge,Eric,R,R,PHI
leder001,Ledee,Ricky,L,L,PHI
lee-t002,Lee,Travis,L,L,PHI
liebm001,Lieberthal,Mike,R,R,PHI
mabrj001,Mabry,John,L,R,PHI
merch002,Mercado,Hector,L,L,PHI
mesaj001,Mesa,Jose,R,R,PHI
michj001,Michaels,Jason,R,R,PHI
myerb001,Myers,Brett,R,R,PHI
nickd001,Nickle,Doug,R,R,PHI
padiv001,Padilla,Vicente,R,R,PHI
peret003,Perez,Tomas,B,R,PHI
persr001,Person,Robert,R,R,PHI
plesd001,Plesac,Dan,L,L,PHI
polap001,Polanco,Placido,R,R,PHI
polic001,Politte,Cliff,R,R,PHI
pratt001,Pratt,Todd,R,R,PHI
puntn001,Punto,Nick,B,R,PHI
roa-j001,Roa,Joe,R,R,PHI
roles001,Rolen,Scott,R,R,PHI
rollj001,Rollins,Jimmy,B,R,PHI
santj002,Santiago,Jose,R,R,PHI
silvc001,Silva,Carlos,R,R,PHI
timlm001,Timlin,Mike,R,R,PHI
valee002,Valent,Eric,L,L,PHI
wolfr001,Wolf,Randy,L,L,PHI
alvat002,Alvarez,Tony,R,R,PIT
andej002,Anderson,Jimmy,L,L,PIT
arrob001,Arroyo,Bronson,R,R,PIT
beimj001,Beimel,Joe,L,L,PIT
benjm001,Benjamin,Mike,R,R,PIT
bensk001,Benson,Kris,R,R,PIT
boehb001,Boehringer,Brian,B,R,PIT
browa001,Brown,Adrian,B,R,PIT
cotah001,Cota,Humberto,R,R,PIT
davij004,Davis,J.J.,R,R,PIT
fettm001,Fetters,Mike,R,R,PIT
foggj001,Fogg,Josh,R,R,PIT
gileb002,Giles,Brian,L,L,PIT
hermc001,Hermansen,Chad,R,R,PIT
hyzda001,Hyzdu,Adam,R,R,PIT
kendj001,Kendall,Jason,R,R,PIT
lincm001,Lincoln,Mike,R,R,PIT
lopem001,Lopez,Mendy,R,R,PIT
lowes001,Lowe,Sean,R,R,PIT
mackr001,Mackowiak,Rob,L,R,PIT
manzj001,Manzanillo,Josias,R,R,PIT
meadb001,Meadows,Brian,R,R,PIT
nunea001,Nunez,Abraham,B,R,PIT
osikk001,Osik,Keith,R,R,PIT
ramia001,Ramirez,Aramis,R,R,PIT
reesp001,Reese,Pokey,R,R,PIT
reyea001,Reyes,Alberto,R,R,PIT
riosa001,Rios,Armando,L,L,PIT
sancd001,Sanchez,Duaner,R,R,PIT
saues001,Sauerbeck,Scott,R,L,PIT
torrs001,Torres,Salomon,R,R,PIT
villr001,Villone,Ron,L,L,PIT
wellk001,Wells,Kip,R,R,PIT
willd002,Williams,David,L,L,PIT
willm005,Williams,Mike,R,R,PIT
wilsc003,Wilson,Craig,R,R,PIT
wilsj002,Wilson,Jack,R,R,PIT
younk001,Young,Kevin,R,R,PIT
barkk001,Barker,Kevin,L,L,SDN
boydj001,Boyd,Jason,R,R,SDN
buchb002,Buchanan,Brian,R,R,SDN
burrs001,Burroughs,Sean,L,R,SDN
bynum001,Bynum,Mike,L,L,SDN
cardj001,Cardona,Javier,R,R,SDN
condc001,Condrey,Clay,R,R,SDN
cresc001,Crespo,Cesar,B,R,SDN
cruzd001,Cruz,Deivi,R,R,SDN
cyr-e001,Cyr,Eric,R,L,SDN
davet001,Davey,Tom,R,R,SDN
dehak001,DeHaan,Kory,L,R,SDN
dewim001,DeWitt,Matt,R,R,SDN
eatoa001,Eaton,Adam,R,R,SDN
embra001,Embree,Alan,L,L,SDN
fikaj001,Fikac,Jeremy,R,R,SDN
gantr001,Gant,Ron,R,R,SDN
gonzw001,Gonzalez,Wiki,R,R,SDN
hofft001,Hoffman,Trevor,R,R,SDN
holtm001,Holtz,Mike,L,L,SDN
howab001,Howard,Ben,R,R,SDN
hubbt001,Hubbard,Trent,R,R,SDN
jarvk001,Jarvis,Kevin,L,R,SDN
jimed001,Jimenez,D'Angelo,B,R,SDN
johnj008,Johnson,Jonathan,R,R,SDN
joneb003,Jones,Bobby,R,R,SDN
joneb004,Jones,Bobby,R,L,SDN
kersj001,Kershner,Jason,L,L,SDN
kingg001,Kingsale,Gene,B,R,SDN
klesr001,Klesko,Ryan,L,L,SDN
kotsm001,Kotsay,Mark,L,L,SDN
lampt001,Lampkin,Tom,L,R,SDN
lankr001,Lankford,Ray,L,L,SDN
lawrb001,Lawrence,Brian,R,R,SDN
lundd001,Lundquist,David,R,R,SDN
matoj001,Matos,Julius,R,R,SDN
middj001,Middlebrook,Jason,R,R,SDN
morej001,Moreno,Juan,L,L,SDN
myerr002,Myers,Rodney,R,R,SDN
nevip001,Nevin,Phil,R,R,SDN
nickd001,Nickle,Doug,R,R,SDN
nievw001,Nieves,Wil,R,R,SDN
nunej002,Nunez,Jose,L,L,SDN
pearj002,Pearson,Jason,L,L,SDN
peavj001,Peavy,Jake,R,R,SDN
pelaa001,Pelaez,Alex,R,R,SDN
pereo002,Perez,Oliver,L,L,SDN
pickk001,Pickford,Kevin,L,L,SDN
reeds001,Reed,Steve,R,R,SDN
shiej001,Shiell,Jason,R,R,SDN
sweem001,Sweeney,Mark,L,L,SDN
tankd001,Tankersley,Dennis,R,R,SDN
tollb001,Tollberg,Brian,R,R,SDN
tomkb001,Tomko,Brett,R,R,SDN
tramb001,Trammell,Bubba,R,R,SDN
trujj001,Trujillo,J.J.,R,R,SDN
vazqr001,Vazquez,Ramon,L,R,SDN
villb001,Villafuerte,Brandon,R,R,SDN
walkk001,Walker,Kevin,L,L,SDN
abbop001,Abbott,Paul,R,R,SEA
baldj002,Baldwin,James,R,R,SEA
bloow001,Bloomquist,Willie,R,R,SEA
boonb002,Boone,Bret,R,R,SEA
bordp001,Borders,Pat,R,R,SEA
camem001,Cameron,Mike,R,R,SEA
cirij001,Cirillo,Jeff,R,R,SEA
creed001,Creek,Doug,L,L,SEA
davib003,Davis,Ben,B,R,SEA
fitzb001,Fitzgerald,Brian,L,L,SEA
franr001,Franklin,Ryan,R,R,SEA
garcf002,Garcia,Freddy,R,R,SEA
gipsc001,Gipson,Charles,R,R,SEA
guilc001,Guillen,Carlos,B,R,SEA
halaj001,Halama,John,L,L,SEA
hases001,Hasegawa,Shigetoshi,R,R,SEA
kayej001,Kaye,Justin,R,R,SEA
kingg001,Kingsale,Gene,B,R,SEA
marte001,Martinez,Edgar,R,R,SEA
matej001,Mateo,Julio,R,R,SEA
mclem001,McLemore,Mark,B,R,SEA
moyej001,Moyer,Jamie,L,L,SEA
nelsj001,Nelson,Jeff,R,R,SEA
offej001,Offerman,Jose,B,R,SEA
olerj001,Olerud,John,L,L,SEA
pinej001,Pineiro,Joel,R,R,SEA
podss001,Podsednik,Scott,L,L,SEA
relad001,Relaford,Desi,B,R,SEA
rhoda001,Rhodes,Arthur,L,L,SEA
sasak001,Sasaki,Kazuhiro,R,R,SEA
sierr001,Sierra,Ruben,B,R,SEA
snelc001,Snelling,Chris,L,L,SEA
sorir001,Soriano,Rafael,R,R,SEA
suzui001,Suzuki,Ichiro,L,R,SEA
tayla001,Taylor,Aaron,R,R,SEA
uguel001,Ugueto,Luis,B,R,SEA
valdi001,Valdez,Ismael,R,R,SEA
watsm001,Watson,Mark,R,L,SEA
wilsd001,Wilson,Dan,R,R,SEA
wrigr002,Wright,Ron,R,R,SEA
ainsk001,Ainsworth,Kurt,R,R,SFN
aurir001,Aurilia,Rich,R,R,SFN
aybam001,Aybar,Manny,R,R,SFN
belld002,Bell,David,R,R,SFN
benam001,Benard,Marvin,L,L,SFN
bondb001,Bonds,Barry,L,L,SFN
broht001,Brohawn,Troy,L,L,SFN
chrij002,Christiansen,Jason,R,L,SFN
dunss001,Dunston,Shawon,R,R,SFN
eyres001,Eyre,Scott,L,L,SFN
felip001,Feliz,Pedro,R,R,SFN
fulta001,Fultz,Aaron,L,L,SFN
goodt001,Goodwin,Tom,L,R,SFN
hernl003,Hernandez,Livan,R,R,SFN
jensr001,Jensen,Ryan,R,R,SFN
kentj001,Kent,Jeff,R,R,SFN
loftk001,Lofton,Kenny,L,L,SFN
lunst001,Lunsford,Trey,R,R,SFN
martr003,Martinez,Ramon,R,R,SFN
minod001,Minor,Damon,L,L,SFN
muelb001,Mueller,Bill,B,R,SFN
murrc001,Murray,Calvin,R,R,SFN
nathj001,Nathan,Joe,R,R,SFN
nen-r001,Nen,Robb,R,R,SFN
ortir001,Ortiz,Russ,R,R,SFN
ransc001,Ransom,Cody,R,R,SFN
rodrf002,Rodriguez,Felix,R,R,SFN
ruetk001,Rueter,Kirk,L,L,SFN
sandr002,Sanders,Reggie,R,R,SFN
santb001,Santiago,Benito,R,R,SFN
schmj001,Schmidt,Jason,R,R,SFN
shint001,Shinjo,Tsuyoshi,R,R,SFN
snowj001,Snow,J.T.,L,L,SFN
torct001,Torcato,Tony,L,R,SFN
torry001,Torrealba,Yorvit,R,R,SFN
witaj001,Witasick,Jay,R,R,SFN
worrt002,Worrell,Tim,R,R,SFN
zerbc001,Zerbe,Chad,L,L,SFN
benea001,Benes,Andy,R,R,SLN
cairm001,Cairo,Miguel,R,R,SLN
coolm001,Coolbaugh,Mike,R,R,SLN
crudm001,Crudale,Mike,R,R,SLN
cruzi001,Cruz,Ivan,L,L,SLN
delgw001,Delgado,Wilson,B,R,SLN
difem001,Difelice,Mike,R,R,SLN
drewj001,Drew,J.D.,L,R,SLN
duffm001,Duff,Matt,R,R,SLN
edmoj001,Edmonds,Jim,L,L,SLN
fassj001,Fassero,Jeff,L,L,SLN
finlc001,Finley,Chuck,L,L,SLN
hackl001,Hackman,Luther,R,R,SLN
isrij001,Isringhausen,Jason,R,R,SLN
josek001,Joseph,Kevin,R,R,SLN
kiled001,Kile,Darryl,R,R,SLN
klins002,Kline,Steve,R,L,SLN
marre001,Marrero,Eli,R,R,SLN
martt002,Martinez,Tino,L,R,SLN
mathm001,Matheny,Mike,R,R,SLN
mattm001,Matthews,Mike,L,L,SLN
molig001,Molina,Gabe,R,R,SLN
morrm001,Morris,Matt,R,R,SLN
pearj001,Pearce,Josh,R,R,SLN
peree001,Perez,Eduardo,R,R,SLN
polap001,Polanco,Placido,R,R,SLN
pujoa001,Pujols,Albert,R,R,SLN
rente001,Renteria,Edgar,R,R,SLN
robik002,Robinson,Kerry,L,L,SLN
rodrj001,Rodriguez,Jose,L,L,SLN
rodrn001,Rodriguez,Nerio,R,R,SLN
roles001,Rolen,Scott,R,R,SLN
simoj001,Simontacchi,Jason,R,R,SLN
smitb004,Smith,Bud,L,L,SLN
smitt001,Smith,Travis,R,R,SLN
stecg001,Stechschulte,Gene,R,R,SLN
stepg001,Stephenson,Garrett,R,R,SLN
tagus001,Taguchi,So,R,R,SLN
timlm001,Timlin,Mike,R,R,SLN
vered001,Veres,Dave,R,R,SLN
vinaf001,Vina,Fernando,L,R,SLN
whitr002,White,Rick,R,R,SLN
willw001,Williams,Woody,R,R,SLN
wrigj001,Wright,Jamey,R,R,SLN
aberb001,Abernathy,Brent,R,R,TBA
alvaw001,Alvarez,Wilson,L,L,TBA
backb001,Backe,Brandon,R,R,TBA
brazd001,Brazelton,Dewon,R,R,TBA
cartl002,Carter,Lance,R,R,TBA
coloj001,Colome,Jesus,R,R,TBA
contj001,Conti,Jason,L,R,TBA
cox-s001,Cox,Steve,L,L,TBA
crawc002,Crawford,Carl,L,L,TBA
creed001,Creek,Doug,L,L,TBA
delol002,de los Santos,Luis,R,R,TBA
escaf001,Escalona,Felix,R,R,TBA
flahj001,Flaherty,John,R,R,TBA
gardl001,Gardner,Lee,R,R,TBA
gomec001,Gomez,Chris,R,R,TBA
grieb001,Grieve,Ben,L,R,TBA
hallt001,Hall,Toby,R,R,TBA
harpt002,Harper,Travis,L,R,TBA
hoovp001,Hoover,Paul,R,R,TBA
huffa001,Huff,Aubrey,L,R,TBA
jamed002,James,Delvin,R,R,TBA
jimej002,Jimenez,Jason,R,L,TBA
johnr006,Johnson,Russ,R,R,TBA
kennj001,Kennedy,Joe,R,L,TBA
kents001,Kent,Steven,B,L,TBA
martt003,Martin,Tom,L,L,TBA
mccad001,McCarty,Dave,R,L,TBA
phelt001,Phelps,Travis,R,R,TBA
rolld001,Rolls,Damian,R,R,TBA
ruper001,Rupe,Ryan,R,R,TBA
sandj001,Sandberg,Jared,R,R,TBA
sheea001,Sheets,Andy,R,R,TBA
smitj001,Smith,Jason,L,R,TBA
smitr003,Smith,Bob,R,R,TBA
sosaj002,Sosa,Jorge,R,R,TBA
stanj001,Standridge,Jason,R,R,TBA
sturt001,Sturtze,Tanyon,R,R,TBA
tynej001,Tyner,Jason,L,L,TBA
vaugg001,Vaughn,Greg,R,R,TBA
wilsp001,Wilson,Paul,R,R,TBA
winnr001,Winn,Randy,B,R,TBA
yan-e001,Yan,Esteban,R,R,TBA
zambv001,Zambrano,Victor,B,R,TBA
alvaj002,Alvarez,Juan,L,L,TEX
bellr003,Bell,Rob,R,R,TEX
benoj001,Benoit,Joaquin,R,R,TEX
blalh001,Blalock,Hank,L,R,TEX
burbd001,Burba,Dave,R,R,TEX
cataf001,Catalanotto,Frank,L,R,TEX
cordf002,Cordero,Francisco,R,R,TEX
david002,Davis,Doug,R,L,TEX
everc001,Everett,Carl,B,R,TEX
florr001,Flores,Randy,L,L,TEX
garcr003,Garcia,Reynaldo,R,R,TEX
gonzj002,Gonzalez,Juan,R,R,TEX
greer001,Greer,Rusty,L,L,TEX
greet003,Greene,Todd,R,R,TEX
hafnt001,Hafner,Travis,L,R,TEX
hartj002,Hart,Jason,R,R,TEX
haseb001,Haselman,Bill,R,R,TEX
hollt001,Hollandsworth,Todd,L,L,TEX
irabh001,Irabu,Hideki,R,R,TEX
kaplg001,Kapler,Gabe,R,R,TEX
kolbd001,Kolb,Danny,R,R,TEX
kozlb001,Kozlowski,Ben,L,L,TEX
lambm001,Lamb,Mike,L,R,TEX
lewic001,Lewis,Colby,R,R,TEX
ludwr001,Ludwick,Ryan,R,L,TEX
menck001,Mench,Kevin,R,R,TEX
miced001,Miceli,Dan,R,R,TEX
michc001,Michalak,Chris,L,L,TEX
murrc001,Murray,Calvin,R,R,TEX
myeta001,Myette,Aaron,R,R,TEX
nitkc001,Nitkowski,C.J.,L,L,TEX
ortih001,Ortiz,Hector,R,R,TEX
palmr001,Palmeiro,Rafael,L,L,TEX
parkc002,Park,Chan Ho,R,R,TEX
perrh001,Perry,Herbert,R,R,TEX
powej001,Powell,Jay,R,R,TEX
reyed001,Reyes,Dennys,R,L,TEX
river002,Rivera,Ruben,R,R,TEX
rockj001,Rocker,John,R,L,TEX
rodra001,Rodriguez,Alex,R,R,TEX
rodri001,Rodriguez,Ivan,R,R,TEX
rodrr004,Rodriguez,Rich,L,L,TEX
rogek001,Rogers,Kenny,L,L,TEX
romaj002,Romano,Jason,R,R,TEX
sadld001,Sadler,Donnie,R,R,TEX
seanr001,Seanez,Rudy,R,R,TEX
telfa001,Telford,Anthony,R,R,TEX
valdi001,Valdez,Ismael,R,R,TEX
vanpt001,Van Poppel,Todd,R,R,TEX
woods001,Woodard,Steve,L,R,TEX
younm003,Young,Michael,R,R,TEX
bergd002,Berg,Dave,R,R,TOR
borbp001,Borbon,Pedro,R,L,TOR
bowlb001,Bowles,Brian,R,R,TOR
bushh001,Bush,Homer,R,R,TOR
carpc002,Carpenter,Chris,R,R,TOR
cashk001,Cash,Kevin,R,R,TOR
casss001,Cassidy,Scott,R,R,TOR
cocop001,Coco,Pasqual,R,R,TOR
coopb001,Cooper,Brian,R,R,TOR
cruzj004,Cruz,Jose,B,R,TOR
delgc001,Delgado,Carlos,L,R,TOR
escok001,Escobar,Kelvim,R,R,TOR
eyres001,Eyre,Scott,L,L,TOR
fileb001,File,Bob,R,R,TOR
fletd001,Fletcher,Darrin,L,R,TOR
hallr001,Halladay,Roy,R,R,TOR
hendm001,Hendrickson,Mark,L,L,TOR
heref001,Heredia,Felix,L,L,TOR
hinse001,Hinske,Eric,L,R,TOR
huckk001,Huckaby,Ken,R,R,TOR
hudso001,Hudson,Orlando,B,R,TOR
kersj001,Kershner,Jason,L,L,TOR
lawrj001,Lawrence,Joe,R,R,TOR
leshb001,Lesher,Brian,R,L,TOR
loaie001,Loaiza,Esteban,R,R,TOR
lopef001,Lopez,Felipe,B,R,TOR
lyonb003,Lyon,Brandon,R,R,TOR
millj002,Miller,Justin,R,R,TOR
mondr002,Mondesi,Raul,R,R,TOR
parrs001,Parris,Steve,R,R,TOR
phelj001,Phelps,Josh,R,R,TOR
plesd001,Plesac,Dan,L,L,TOR
polic001,Politte,Cliff,R,R,TOR
prokl001,Prokopec,Luke,L,R,TOR
smitm005,Smith,Michael,R,R,TOR
stews002,Stewart,Shannon,R,R,TOR
swanp001,Swann,Pedro,L,R,TOR
thurc001,Thurman,Corey,R,R,TOR
walkp001,Walker,Pete,R,R,TOR
wellv001,Wells,Vernon,R,R,TOR
wertj001,Werth,Jayson,R,R,TOR
wiggs001,Wiggins,Scott,L,L,TOR
wilst003,Wilson,Tom,R,R,TOR
wised001,Wise,Dewayne,L,L,TOR
woodc001,Woodward,Chris,R,R,TOR
