PlayerID,LastName,FirstName,Bats,Pitches,Team
abreb001,Abreu,Bobby,L,R,ANA
adenn001,Adenhart,Nick,R,R,ANA
arrej001,Arredondo,Jose,R,R,ANA
aybae001,Aybar,Erick,B,R,ANA
bellt002,Bell,Trevor,L,R,ANA
buddr001,Budde,Ryan,R,R,ANA
bulgj001,Bulger,Jason,R,R,ANA
david004,Davidson,Daniel,L,L,ANA
escok001,Escobar,Kelvim,R,R,ANA
evant002,Evans,Terry,R,R,ANA
figgc001,Figgins,Chone,B,R,ANA
fuenb001,Fuentes,Brian,L,L,ANA
guerv001,Guerrero,Vladimir,R,R,ANA
huntt001,Hunter,Torii,R,R,ANA
iztum001,Izturis,Maicer,B,R,ANA
jepsk001,Jepsen,Kevin,R,R,ANA
kazms001,Kazmir,Scott,L,L,ANA
kendh001,Kendrick,Howie,R,R,ANA
lackj001,Lackey,John,R,R,ANA
louxs001,Loux,Shane,R,R,ANA
mathj001,Mathis,Jeff,R,R,ANA
mattg002,Matthews,Gary,B,R,ANA
morak001,Morales,Kendrys,B,R,ANA
mosed001,Moseley,Dustin,R,R,ANA
moser001,Mosebach,Robert,R,R,ANA
napom001,Napoli,Mike,R,R,ANA
olivd001,Oliver,Darren,R,L,ANA
ortea001,Ortega,Anthony,R,R,ANA
osuls001,O'Sullivan,Sean,R,R,ANA
palmm001,Palmer,Matt,R,R,ANA
pettc001,Pettit,Chris,R,R,ANA
quinr002,Quinlan,Robb,R,R,ANA
rivej001,Rivera,Juan,R,R,ANA
rodrf004,Rodriguez,Fernando,R,R,ANA
rodrr006,Rodriguez,Rafael,R,R,ANA
rodrs002,Rodriguez,Sean,R,R,ANA
sandf001,Sandoval,Freddy,B,R,ANA
sante001,Santana,Ervin,R,R,ANA
saunj001,Saunders,Joe,L,L,ANA
shies002,Shields,Scot,R,R,ANA
speij001,Speier,Justin,R,R,ANA
thomr006,Thompson,Rich,R,R,ANA
weavj003,Weaver,Jered,R,R,ANA
willr004,Willits,Reggie,B,R,ANA
wilsb002,Wilson,Bobby,R,R,ANA
woodb003,Wood,Brandon,R,R,ANA
alleb001,Allen,Brandon,L,R,ARI
augeb001,Augenstein,Bryan,R,R,ARI
boyeb001,Boyer,Blaine,R,R,ARI
buckb002,Buckner,Billy,R,R,ARI
byrne001,Byrnes,Eric,R,R,ARI
cabrd001,Cabrera,Daniel,R,R,ARI
carll001,Carlin,Luke,B,R,ARI
clart002,Clark,Tony,B,R,ARI
david002,Davis,Doug,R,L,ARI
drews001,Drew,Stephen,L,R,ARI
garlj001,Garland,Jon,R,R,ARI
gordt001,Gordon,Tom,R,R,ARI
gutij002,Gutierrez,Juan,R,R,ARI
hared001,Haren,Dan,R,R,ARI
hestj001,Hester,John,R,R,ARI
jackc002,Jackson,Conor,R,R,ARI
koreb001,Korecky,Bobby,R,R,ARI
lopef001,Lopez,Felipe,B,R,ARI
montm001,Montero,Miguel,L,R,ARI
mulvk001,Mulvey,Kevin,R,R,ARI
oeltt001,Oeltjen,Trent,L,L,ARI
ojeda001,Ojeda,Augie,B,R,ARI
parrg001,Parra,Gerardo,L,L,ARI
penat003,Pena,Tony,R,R,ARI
petiy001,Petit,Yusmeiro,R,R,ARI
qualc001,Qualls,Chad,R,R,ARI
raucj001,Rauch,Jon,R,R,ARI
reynm001,Reynolds,Mark,R,R,ARI
rober002,Roberts,Ryan,R,R,ARI
romea001,Romero,Alex,L,R,ARI
rosal001,Rosales,Leo,R,R,ARI
ryalr001,Ryal,Rusty,R,R,ARI
schem001,Scherzer,Max,R,R,ARI
schld001,Schlereth,Daniel,L,L,ARI
schos001,Schoeneweis,Scott,L,L,ARI
slatd001,Slaten,Doug,L,L,ARI
snydc002,Snyder,Chris,R,R,ARI
tracc001,Tracy,Chad,L,R,ARI
uptoj001,Upton,Justin,R,R,ARI
vasqe001,Vasquez,Esmerling,R,R,ARI
webbb001,Webb,Brandon,R,R,ARI
whitj002,Whitesell,Josh,L,L,ARI
wilsj003,Wilson,Josh,R,R,ARI
younc004,Young,Chris,R,R,ARI
zavac002,Zavada,Clay,L,L,ARI
acosm001,Acosta,Manny,R,R,ATL
andeg001,Anderson,Garret,L,L,ATL
bartb001,Barton,Brian,R,R,ATL
bennj002,Bennett,Jeff,R,R,ATL
blang001,Blanco,Gregor,L,L,ATL
boyeb001,Boyer,Blaine,R,R,ATL
campj002,Campillo,Jorge,R,R,ATL
canib001,Canizares,Barbaro,R,R,ATL
carlb001,Carlyle,Buddy,L,R,ATL
churr001,Church,Ryan,L,L,ATL
conrb001,Conrad,Brooks,B,R,ATL
diazm003,Diaz,Matt,R,R,ATL
escoy001,Escobar,Yunel,R,R,ATL
franj004,Francoeur,Jeff,R,R,ATL
gonzm001,Gonzalez,Mike,R,L,ATL
gorer002,Gorecki,Reid,R,R,ATL
hanst001,Hanson,Tommy,R,R,ATL
hernd001,Hernandez,Diory,R,R,ATL
hudst001,Hudson,Tim,R,R,ATL
infao001,Infante,Omar,R,R,ATL
johnk003,Johnson,Kelly,L,R,ATL
joneb005,Jones,Brandon,L,R,ATL
jonec004,Jones,Chipper,B,R,ATL
jurrj001,Jurrjens,Jair,R,R,ATL
kawak001,Kawakami,Kenshin,R,R,ATL
kotcc001,Kotchman,Casey,L,L,ATL
laroa001,LaRoche,Adam,L,L,ATL
logab001,Logan,Boone,R,L,ATL
lowed001,Lowe,Derek,R,R,ATL
mccab002,McCann,Brian,L,R,ATL
mclon001,McLouth,Nate,L,R,ATL
medlk001,Medlen,Kris,B,R,ATL
moylp001,Moylan,Peter,R,R,ATL
nortg001,Norton,Greg,B,R,ATL
nunev001,Nunez,Vladimir,R,R,ATL
oflae001,O'Flaherty,Eric,L,L,ATL
parrj004,Parr,James,R,R,ATL
pradm001,Prado,Martin,R,R,ATL
reyej003,Reyes,Jo-Jo,L,L,ATL
rossd001,Ross,David,R,R,ATL
sammc001,Sammons,Clint,R,R,ATL
schaj002,Schafer,Jordan,L,L,ATL
sorir001,Soriano,Rafael,R,R,ATL
valdl001,Valdez,Luis,R,R,ATL
vazqj001,Vazquez,Javier,R,R,ATL
albem001,Albers,Matt,L,R,BAL
andir001,Andino,Robert,R,R,BAL
aubrm001,Aubrey,Michael,L,L,BAL
baezd001,Baez,Danys,R,R,BAL
bassb001,Bass,Brian,R,R,BAL
bergb002,Bergesen,Brad,L,R,BAL
berkj001,Berken,Jason,R,R,BAL
casta002,Castillo,Alberto,L,L,BAL
eatoa001,Eaton,Adam,R,R,BAL
fiorj001,Fiorentino,Jeffrey,L,R,BAL
freer001,Freel,Ryan,R,R,BAL
guthj001,Guthrie,Jeremy,R,R,BAL
hendm001,Hendrickson,Mark,L,L,BAL
henns001,Henn,Sean,R,L,BAL
hernd002,Hernandez,David,R,R,BAL
hillr001,Hill,Rich,L,L,BAL
huffa001,Huff,Aubrey,L,R,BAL
iztuc001,Izturis,Cesar,B,R,BAL
johnj010,Johnson,Jim,R,R,BAL
jonea003,Jones,Adam,R,R,BAL
lambc001,Lambert,Chris,R,R,BAL
liz-r001,Liz,Radhames,R,R,BAL
markn001,Markakis,Nick,L,L,BAL
matub001,Matusz,Brian,L,L,BAL
mccrb001,McCrory,Bob,R,R,BAL
merec001,Meredith,Cla,R,R,BAL
mickk001,Mickolio,Kameron,R,R,BAL
moelc001,Moeller,Chad,R,R,BAL
montl001,Montanez,Luis,R,R,BAL
moram002,Mora,Melvin,R,R,BAL
pie-f001,Pie,Felix,L,L,BAL
ray-c001,Ray,Chris,R,R,BAL
reimn001,Reimold,Nolan,R,R,BAL
robeb003,Roberts,Brian,B,R,BAL
rodrg001,Rodriguez,Guillermo,R,R,BAL
salao001,Salazar,Oscar,R,R,BAL
sarfd001,Sarfate,Dennis,R,R,BAL
scotl001,Scott,Luke,L,R,BAL
sherg001,Sherrill,George,L,L,BAL
simoa001,Simon,Alfredo,R,R,BAL
tillc001,Tillman,Chris,R,R,BAL
turnj001,Turner,Justin,R,R,BAL
uehak001,Uehara,Koji,R,R,BAL
walkj001,Walker,Jamie,L,L,BAL
watec001,Waters,Chris,L,L,BAL
wietm001,Wieters,Matt,B,R,BAL
wiggt001,Wigginton,Ty,R,R,BAL
zaung001,Zaun,Gregg,B,R,BAL
andeb003,Anderson,Brian,R,R,BOS
bailj001,Bailey,Jeff,R,R,BOS
baldr001,Baldelli,Rocco,R,R,BOS
bardd001,Bard,Daniel,R,R,BOS
batea001,Bates,Aaron,R,R,BOS
bay-j001,Bay,Jason,R,R,BOS
beckj002,Beckett,Josh,R,R,BOS
bowdm001,Bowden,Michael,R,R,BOS
browd003,Brown,Dusty,R,R,BOS
buchc001,Buchholz,Clay,L,R,BOS
byrdp001,Byrd,Paul,R,R,BOS
cabrf002,Cabrera,Fernando,R,R,BOS
cartc001,Carter,Chris,L,L,BOS
delcm001,Delcarmen,Manny,R,R,BOS
drewj001,Drew,J.D.,L,R,BOS
ellsj001,Ellsbury,Jacoby,L,L,BOS
gathj001,Gathright,Joey,L,R,BOS
gonza002,Gonzalez,Alex,R,R,BOS
gonze002,Gonzalez,Enrique,R,R,BOS
green001,Green,Nick,R,R,BOS
joneh001,Jones,Hunter,L,L,BOS
kotcc001,Kotchman,Casey,L,L,BOS
kotsm001,Kotsay,Mark,L,L,BOS
kottg001,Kottaras,George,L,R,BOS
laroa001,LaRoche,Adam,L,L,BOS
lestj001,Lester,Jon,L,L,BOS
lopej002,Lopez,Javier,L,L,BOS
lowem001,Lowell,Mike,R,R,BOS
lowrj001,Lowrie,Jed,B,R,BOS
lugoj001,Lugo,Julio,R,R,BOS
martv001,Martinez,Victor,B,R,BOS
mastj001,Masterson,Justin,R,R,BOS
matsd001,Matsuzaka,Daisuke,R,R,BOS
okajh001,Okajima,Hideki,L,L,BOS
ortid001,Ortiz,David,L,L,BOS
papej001,Papelbon,Jonathan,R,R,BOS
pedrd001,Pedroia,Dustin,R,R,BOS
pennb002,Penny,Brad,R,R,BOS
ramir003,Ramirez,Ramon,R,R,BOS
reddj001,Reddick,Josh,L,R,BOS
richd002,Richardson,Dustin,L,L,BOS
saitt001,Saito,Takashi,L,R,BOS
smolj001,Smoltz,John,R,R,BOS
tazaj001,Tazawa,Junichi,R,R,BOS
trabb001,Traber,Billy,L,L,BOS
vanej001,Van Every,Jonathan,L,L,BOS
varij001,Varitek,Jason,B,R,BOS
velag002,Velazquez,Gil,R,R,BOS
wagnb001,Wagner,Billy,L,L,BOS
waket001,Wakefield,Tim,R,R,BOS
woodc001,Woodward,Chris,R,R,BOS
youkk001,Youkilis,Kevin,R,R,BOS
andeb003,Anderson,Brian,R,R,CHA
beckg001,Beckham,Gordon,R,R,CHA
betew001,Betemit,Wilson,B,R,CHA
broal001,Broadway,Lance,R,R,CHA
buehm001,Buehrle,Mark,L,L,CHA
carrd001,Carrasco,D.J.,R,R,CHA
castr002,Castro,Ramon,R,R,CHA
colob001,Colon,Bartolo,R,R,CHA
contj002,Contreras,Jose,R,R,CHA
dankj001,Danks,John,L,L,CHA
doteo001,Dotel,Octavio,R,R,CHA
dye-j001,Dye,Jermaine,R,R,CHA
egbej001,Egbert,Jack,L,R,CHA
fielj001,Fields,Josh,R,R,CHA
flowt001,Flowers,Tyler,R,R,CHA
floyg001,Floyd,Gavin,R,R,CHA
garcf002,Garcia,Freddy,R,R,CHA
getzc001,Getz,Chris,L,R,CHA
gobbj001,Gobble,Jimmy,L,L,CHA
hudsd001,Hudson,Daniel,R,R,CHA
jenkb001,Jenks,Bobby,R,R,CHA
konep001,Konerko,Paul,R,R,CHA
kotsm001,Kotsay,Mark,L,L,CHA
lillb001,Lillibridge,Brent,R,R,CHA
lines001,Linebrink,Scott,R,R,CHA
macdm001,MacDougal,Mike,B,R,CHA
millc001,Miller,Corky,R,R,CHA
nix-j001,Nix,Jayson,R,R,CHA
nunej003,Nunez,Jhonny,L,R,CHA
owenj002,Owens,Jerry,L,L,CHA
peavj001,Peavy,Jake,R,R,CHA
penat003,Pena,Tony,R,R,CHA
piera001,Pierzynski,A.J.,L,R,CHA
podss001,Podsednik,Scott,L,L,CHA
porea001,Poreda,Aaron,L,L,CHA
quenc001,Quentin,Carlos,R,R,CHA
ramia003,Ramirez,Alexei,R,R,CHA
richc002,Richard,Clayton,L,L,CHA
riosa002,Rios,Alex,R,R,CHA
thomj002,Thome,Jim,L,R,CHA
thorm001,Thornton,Matt,L,L,CHA
torrc001,Torres,Carlos,R,R,CHA
whisw001,Whisler,Wes,L,L,CHA
willr003,Williams,Randy,L,L,CHA
wised001,Wise,Dewayne,L,L,CHA
ascaj001,Ascanio,Jose,R,R,CHN
atkim001,Atkins,Mitch,R,R,CHN
bakej001,Baker,Jeff,R,R,CHN
bergj002,Berg,Justin,R,R,CHN
blana001,Blanco,Andres,B,R,CHN
bradm001,Bradley,Milton,B,R,CHN
carie001,Caridad,Esmailin,R,R,CHN
colvt001,Colvin,Tyler,L,L,CHN
cottn001,Cotts,Neal,L,L,CHN
dempr002,Dempster,Ryan,R,R,CHN
fontm001,Fontenot,Mike,L,R,CHN
fox-c001,Fox,Chad,R,R,CHN
fox-j001,Fox,Jake,R,R,CHN
freer001,Freel,Ryan,R,R,CHN
fukuk001,Fukudome,Kosuke,L,R,CHN
fulds001,Fuld,Sam,L,L,CHN
gathj001,Gathright,Joey,L,R,CHN
gorzt001,Gorzelanny,Tom,L,L,CHN
grabj002,Grabow,John,L,L,CHN
gregk001,Gregg,Kevin,R,R,CHN
guzma001,Guzman,Angel,R,R,CHN
hardr001,Harden,Rich,L,R,CHN
hartk001,Hart,Kevin,R,R,CHN
heila001,Heilman,Aaron,R,R,CHN
hillk002,Hill,Koyie,B,R,CHN
hoffm001,Hoffpauir,Micah,L,L,CHN
johnr008,Johnson,Reed,R,R,CHN
lee-d002,Lee,Derrek,R,R,CHN
lillt001,Lilly,Ted,L,L,CHN
marmc001,Marmol,Carlos,R,R,CHN
marss002,Marshall,Sean,L,L,CHN
milea001,Miles,Aaron,B,R,CHN
pattd002,Patton,David,R,R,CHN
ramia001,Ramirez,Aramis,R,R,CHN
samaj001,Samardzija,Jeff,R,R,CHN
scalb001,Scales,Bobby,B,R,CHN
soria001,Soriano,Alfonso,R,R,CHN
sotog001,Soto,Geovany,R,R,CHN
stevj001,Stevens,Jeff,R,R,CHN
tagus001,Taguchi,So,R,R,CHN
therr001,Theriot,Ryan,R,R,CHN
vizcl001,Vizcaino,Luis,R,R,CHN
waddj001,Waddell,Jason,R,L,CHN
wellr001,Wells,Randy,R,R,CHN
zambc001,Zambrano,Carlos,B,R,CHN
arrob001,Arroyo,Bronson,R,R,CIN
bailh001,Bailey,Homer,R,R,CIN
balew001,Balentien,Wladimir,R,R,CIN
barkk001,Barker,Kevin,L,L,CIN
brucj001,Bruce,Jay,L,L,CIN
burtj001,Burton,Jared,R,R,CIN
castw001,Castillo,Wilkin,B,R,CIN
cordf002,Cordero,Francisco,R,R,CIN
cuetj001,Cueto,Johnny,R,R,CIN
dickc001,Dickerson,Chris,L,L,CIN
encae001,Encarnacion,Edwin,R,R,CIN
fishc001,Fisher,Carlos,R,R,CIN
franj005,Francisco,Juan,L,R,CIN
gomej001,Gomes,Jonny,R,R,CIN
gonza002,Gonzalez,Alex,R,R,CIN
hairj002,Hairston,Jerry,R,R,CIN
hanir001,Hanigan,Ryan,R,R,CIN
haraa001,Harang,Aaron,R,R,CIN
hernr002,Hernandez,Ramon,R,R,CIN
herrd001,Herrera,Danny,L,L,CIN
janip001,Janish,Paul,R,R,CIN
lehrj001,Lehr,Justin,R,R,CIN
lincm001,Lincoln,Mike,R,R,CIN
malom001,Maloney,Matt,L,L,CIN
manur001,Manuel,Robert,R,R,CIN
massn001,Masset,Nick,R,R,CIN
mcdod002,McDonald,Darnell,R,R,CIN
millc001,Miller,Corky,R,R,CIN
nix-l001,Nix,Laynce,L,L,CIN
owinm001,Owings,Micah,R,R,CIN
philb001,Phillips,Brandon,R,R,CIN
ramir004,Ramirez,Ramon,R,R,CIN
rhoda001,Rhodes,Arthur,L,L,CIN
richd001,Richar,Danny,L,R,CIN
roenj001,Roenicke,Josh,R,R,CIN
roles001,Rolen,Scott,R,R,CIN
rosaa001,Rosales,Adam,R,R,CIN
stubd001,Stubbs,Drew,R,R,CIN
suttd002,Sutton,Drew,B,R,CIN
tatuc001,Tatum,Craig,R,R,CIN
tavew001,Taveras,Willy,R,R,CIN
violp001,Viola,Pedro,R,L,CIN
volqe001,Volquez,Edinson,R,R,CIN
vottj001,Votto,Joey,L,R,CIN
weatd001,Weathers,David,R,R,CIN
wellk001,Wells,Kip,R,R,CIN
abrew001,Abreu,Winston,R,R,CLE
aquig001,Aquino,Greg,R,R,CLE
barfj003,Barfield,Josh,R,R,CLE
betar001,Betancourt,Rafael,R,R,CLE
branm003,Brantley,Michael,L,L,CLE
cabra002,Cabrera,Asdrubal,B,R,CLE
carmf001,Carmona,Fausto,R,R,CLE
carrc003,Carrasco,Carlos,R,R,CLE
carrj001,Carroll,Jamey,R,R,CLE
choos001,Choo,Shin-Soo,L,L,CLE
chulv001,Chulk,Vinnie,R,R,CLE
crowt001,Crowe,Trevor,B,R,CLE
delld001,Dellucci,David,L,L,CLE
derom001,DeRosa,Mark,R,R,CLE
franb001,Francisco,Ben,R,R,CLE
garkr001,Garko,Ryan,R,R,CLE
gimec001,Gimenez,Chris,R,R,CLE
goslm001,Gosling,Mike,L,L,CLE
graft001,Graffanino,Tony,R,R,CLE
hafnt001,Hafner,Travis,L,R,CLE
hergm001,Herges,Matt,L,R,CLE
huffd001,Huff,David,B,L,CLE
jackz001,Jackson,Zach,L,L,CLE
kobam001,Kobayashi,Masahide,R,R,CLE
laffa001,Laffey,Aaron,L,L,CLE
lapom001,LaPorta,Matt,R,R,CLE
lee-c003,Lee,Cliff,L,L,CLE
lewij003,Lewis,Jensen,R,R,CLE
lewis002,Lewis,Scott,B,L,CLE
marsl001,Marson,Lou,R,R,CLE
marta004,Marte,Andy,R,R,CLE
martv001,Martinez,Victor,B,R,CLE
mastj001,Masterson,Justin,R,R,CLE
ohkat001,Ohka,Tomo,B,R,CLE
pavac001,Pavano,Carl,R,R,CLE
peraj001,Peralta,Jhonny,R,R,CLE
perec002,Perez,Chris,R,R,CLE
perer002,Perez,Rafael,L,L,CLE
reyea002,Reyes,Anthony,R,R,CLE
romen001,Romero,Niuman,B,R,CLE
rundr001,Rundles,Rich,L,L,CLE
shopk001,Shoppach,Kelly,R,R,CLE
sippt001,Sipp,Tony,L,L,CLE
sizeg001,Sizemore,Grady,L,L,CLE
smitj002,Smith,Joe,R,R,CLE
sowej001,Sowers,Jeremy,L,L,CLE
toddj001,Todd,Jess,R,R,CLE
torew001,Toregas,Wyatt,R,R,CLE
valbl001,Valbuena,Luis,L,R,CLE
veraj001,Veras,Jose,R,R,CLE
vizcl001,Vizcaino,Luis,R,R,CLE
woodk002,Wood,Kerry,R,R,CLE
atkig001,Atkins,Garrett,R,R,COL
bakej001,Baker,Jeff,R,R,COL
barmc001,Barmes,Clint,R,R,COL
beimj001,Beimel,Joe,L,L,COL
belim001,Belisle,Matt,R,R,COL
belle002,Bellorin,Edwin,R,R,COL
betar001,Betancourt,Rafael,R,R,COL
chacj001,Chacin,Jhoulys,R,R,COL
contj002,Contreras,Jose,R,R,COL
cooka002,Cook,Aaron,R,R,COL
corpm001,Corpas,Manuel,R,R,COL
dalem002,Daley,Matt,R,R,COL
delaj001,de la Rosa,Jorge,L,L,COL
eatoa001,Eaton,Adam,R,R,COL
embra001,Embree,Alan,L,L,COL
florr001,Flores,Randy,L,L,COL
foggj001,Fogg,Josh,R,R,COL
fowld001,Fowler,Dexter,B,R,COL
giamj001,Giambi,Jason,L,R,COL
gonzc001,Gonzalez,Carlos,L,L,COL
grilj001,Grilli,Jason,R,R,COL
hammj002,Hammel,Jason,R,R,COL
hawpb001,Hawpe,Brad,L,L,COL
heltt001,Helton,Todd,L,L,COL
hergm001,Herges,Matt,L,R,COL
iannc001,Iannetta,Chris,R,R,COL
jimeu001,Jimenez,Ubaldo,R,R,COL
marqj001,Marquis,Jason,L,R,COL
mccom001,McCoy,Mike,R,R,COL
moraf001,Morales,Franklin,L,L,COL
murtm001,Murton,Matt,R,R,COL
peraj002,Peralta,Joel,R,R,COL
philp001,Phillips,Paul,R,R,COL
quino001,Quintanilla,Omar,L,R,COL
rincj001,Rincon,Juan,R,R,COL
rogee002,Rogers,Esmil,R,R,COL
ruscg001,Rusch,Glendon,L,L,COL
smits002,Smith,Seth,L,L,COL
speir001,Speier,Ryan,R,R,COL
spilr001,Spilborghs,Ryan,R,R,COL
stewi001,Stewart,Ian,L,R,COL
streh001,Street,Huston,R,R,COL
torry001,Torrealba,Yorvit,R,R,COL
tulot001,Tulowitzki,Troy,R,R,COL
youne003,Young,Eric,B,R,COL
andej004,Anderson,Josh,L,R,DET
avila001,Avila,Alex,L,R,DET
bondj001,Bonderman,Jeremy,R,R,DET
bonie002,Bonine,Eddie,R,R,DET
cabrm001,Cabrera,Miguel,R,R,DET
dlugb001,Dlugach,Brent,R,R,DET
dolsf001,Dolsi,Freddy,R,R,DET
evera001,Everett,Adam,R,R,DET
fienc001,Fien,Casey,R,R,DET
figaa001,Figaro,Alfredo,R,R,DET
frenl001,French,Lucas,L,L,DET
galaa002,Galarraga,Armando,R,R,DET
granc001,Granderson,Curtis,L,R,DET
guilc001,Guillen,Carlos,B,R,DET
huffa001,Huff,Aubrey,L,R,DET
ingeb001,Inge,Brandon,R,R,DET
jacke001,Jackson,Edwin,R,R,DET
kelld001,Kelly,Don,L,R,DET
lairg001,Laird,Gerald,R,R,DET
lambc001,Lambert,Chris,R,R,DET
larij001,Larish,Jeff,L,R,DET
lyonb003,Lyon,Brandon,R,R,DET
minez001,Miner,Zach,R,R,DET
ni--f001,Ni,Fu-Te,L,L,DET
ordom001,Ordonez,Magglio,R,R,DET
perrr001,Perry,Ryan,R,R,DET
polap001,Polanco,Placido,R,R,DET
porcr001,Porcello,Rick,R,R,DET
rabur001,Raburn,Ryan,R,R,DET
ramiw001,Ramirez,Wilkin,R,R,DET
rapac001,Rapada,Clay,R,L,DET
rincj001,Rincon,Juan,R,R,DET
roben001,Robertson,Nate,R,L,DET
rodnf001,Rodney,Fernando,R,R,DET
ryand001,Ryan,Dusty,R,R,DET
santr002,Santiago,Ramon,B,R,DET
sardd001,Sardinha,Dane,R,R,DET
seayb001,Seay,Bobby,L,L,DET
thamm001,Thames,Marcus,R,R,DET
thomc002,Thomas,Clete,L,R,DET
tream001,Treanor,Matt,R,R,DET
verlj001,Verlander,Justin,R,R,DET
washj001,Washburn,Jarrod,L,L,DET
willd003,Willis,Dontrelle,L,L,DET
zumaj001,Zumaya,Joel,R,R,DET
ameza001,Amezaga,Alfredo,B,R,FLO
ayall001,Ayala,Luis,R,R,FLO
badeb001,Badenhop,Burke,R,R,FLO
bakej002,Baker,John,L,R,FLO
bonie001,Bonifacio,Emilio,B,R,FLO
calek001,Calero,Kiko,R,R,FLO
cantj001,Cantu,Jorge,R,R,FLO
carrb001,Carroll,Brett,R,R,FLO
coghc001,Coghlan,Chris,L,R,FLO
david003,Davidson,Dave,L,L,FLO
deaza001,de Aza,Alejandro,L,L,FLO
donnb001,Donnelly,Brendan,R,R,FLO
gloar001,Gload,Ross,L,L,FLO
gonza004,Gonzalez,Andy,R,R,FLO
hayeb001,Hayes,Brett,R,R,FLO
helmw001,Helms,Wes,R,R,FLO
hermj001,Hermida,Jeremy,L,R,FLO
johnj009,Johnson,Josh,L,R,FLO
johnn001,Johnson,Nick,L,L,FLO
kensl001,Kensing,Logan,R,R,FLO
koroj001,Koronka,John,L,L,FLO
leroc001,Leroux,Chris,L,R,FLO
lindm001,Lindstrom,Matt,R,R,FLO
martc004,Martinez,Carlos,R,R,FLO
martc005,Martinez,Cristhian,R,R,FLO
maybc001,Maybin,Cameron,R,R,FLO
meyed002,Meyer,Dan,R,L,FLO
milla002,Miller,Andrew,L,L,FLO
nolar001,Nolasco,Ricky,R,R,FLO
nunel001,Nunez,Leo,R,R,FLO
paulr001,Paulino,Ronny,R,R,FLO
pennh001,Penn,Hayden,R,R,FLO
pintr001,Pinto,Renyel,L,L,FLO
ramih003,Ramirez,Hanley,R,R,FLO
rossc001,Ross,Cody,R,L,FLO
sanca004,Sanchez,Anibal,R,R,FLO
sancb001,Sanches,Brian,R,R,FLO
sancg001,Sanchez,Gaby,R,R,FLO
taylg001,Taylor,Graham,L,L,FLO
uggld001,Uggla,Dan,R,R,FLO
vandr001,van den Hurk,Rick,R,R,FLO
volsc001,Volstad,Chris,R,R,FLO
wests001,West,Sean,R,L,FLO
woodt003,Wood,Tim,R,R,FLO
ariaa002,Arias,Alberto,R,R,HOU
backb001,Backe,Brandon,R,R,HOU
bazay001,Bazardo,Yorman,R,R,HOU
berkl001,Berkman,Lance,B,L,HOU
blumg001,Blum,Geoff,B,R,HOU
boona001,Boone,Aaron,R,R,HOU
bourm001,Bourn,Michael,L,R,HOU
brocd001,Brocail,Doug,L,R,HOU
byrdt001,Byrdak,Tim,L,L,HOU
costc001,Coste,Chris,R,R,HOU
erstd001,Erstad,Darin,L,L,HOU
fulcj001,Fulchino,Jeff,R,R,HOU
gearg001,Geary,Geoff,R,R,HOU
gervs001,Gervacio,Samuel,R,R,HOU
hampm001,Hampton,Mike,R,L,HOU
hawkl001,Hawkins,LaTroy,R,R,HOU
johnc003,Johnson,Chris,R,R,HOU
katam001,Kata,Matt,B,R,HOU
keppj001,Keppinger,Jeff,R,R,HOU
lee-c001,Lee,Carlos,R,R,HOU
lopew001,Lopez,Wilton,R,R,HOU
manzt001,Manzella,Tommy,R,R,HOU
matsk001,Matsui,Kazuo,B,R,HOU
mayse001,Maysonet,Edwin,R,R,HOU
michj001,Michaels,Jason,R,R,HOU
moehb001,Moehler,Brian,R,R,HOU
norrb001,Norris,Bud,R,R,HOU
ortir001,Ortiz,Russ,R,R,HOU
oswar001,Oswalt,Roy,R,R,HOU
paroc001,Paronto,Chad,R,R,HOU
paulf001,Paulino,Felipe,R,R,HOU
pench001,Pence,Hunter,R,R,HOU
quinh001,Quintero,Humberto,R,R,HOU
rodri001,Rodriguez,Ivan,R,R,HOU
rodrw002,Rodriguez,Wandy,B,L,HOU
sadlb001,Sadler,Billy,R,R,HOU
sampc001,Sampson,Chris,R,R,HOU
smitj001,Smith,Jason,L,R,HOU
tejam001,Tejada,Miguel,R,R,HOU
towlj001,Towles,J.R.,R,R,HOU
valvj001,Valverde,Jose,R,R,HOU
wrigw001,Wright,Wesley,R,L,HOU
andej004,Anderson,Josh,L,R,KCA
avilm001,Aviles,Mike,R,R,KCA
balej001,Bale,John,L,L,KCA
bannb001,Bannister,Brian,R,R,KCA
betay001,Betancourt,Yuniesky,R,R,KCA
bloow001,Bloomquist,Willie,R,R,KCA
buckj001,Buck,John,R,R,KCA
butlb003,Butler,Billy,R,R,KCA
calla001,Callaspo,Alberto,B,R,KCA
chenb001,Chen,Bruce,L,L,KCA
color001,Colon,Roman,R,R,KCA
crisc001,Crisp,Coco,B,R,KCA
cruzj005,Cruz,Juan,R,R,KCA
davik002,Davies,Kyle,R,R,KCA
dejed001,DeJesus,David,L,L,KCA
dinal001,DiNardo,Lenny,L,L,KCA
farnk001,Farnsworth,Kyle,R,R,KCA
freer001,Freel,Ryan,R,R,KCA
gorda001,Gordon,Alex,L,R,KCA
greiz001,Greinke,Zack,R,R,KCA
guilj001,Guillen,Jose,R,R,KCA
hernl004,Hernandez,Luis,B,R,KCA
hochl001,Hochevar,Luke,R,R,KCA
hughd001,Hughes,Dusty,L,L,KCA
hulet002,Hulett,Tug,L,R,KCA
jacom001,Jacobs,Mike,L,R,KCA
lerea001,Lerew,Anthony,L,R,KCA
mahar001,Mahay,Ron,L,L,KCA
maiem001,Maier,Mitch,L,R,KCA
martv002,Marte,Victor,R,R,KCA
mechg001,Meche,Gil,R,R,KCA
olivm001,Olivo,Miguel,R,R,KCA
penab002,Pena,Brayan,B,R,KCA
penat002,Pena,Tony,R,R,KCA
ponss001,Ponson,Sidney,R,R,KCA
ramih002,Ramirez,Horacio,L,L,KCA
rosac001,Rosa,Carlos,R,R,KCA
sorij001,Soria,Joakim,R,R,KCA
teahm001,Teahen,Mark,L,R,KCA
tejer001,Tejeda,Rob,R,R,KCA
waecd001,Waechter,Doug,R,R,KCA
wrigj001,Wright,Jamey,R,R,KCA
yabuy001,Yabuta,Yasuhiko,R,R,KCA
abret001,Abreu,Tony,B,R,LAN
ausmb001,Ausmus,Brad,R,R,LAN
belir001,Belisario,Ronald,R,R,LAN
bellr002,Belliard,Ronnie,R,R,LAN
billc001,Billingsley,Chad,R,R,LAN
blakc001,Blake,Casey,R,R,LAN
broxj001,Broxton,Jonathan,R,R,LAN
castj004,Castro,Juan,R,R,LAN
dewib001,DeWitt,Blake,L,R,LAN
elbes001,Elbert,Scott,L,L,LAN
ellia001,Ellis,A.J.,R,R,LAN
ethia001,Ethier,Andre,L,L,LAN
furcr001,Furcal,Rafael,B,R,LAN
garlj001,Garland,Jon,R,R,LAN
haegc001,Haeger,Charlie,R,R,LAN
hoffj001,Hoffmann,Jamie,R,R,LAN
hu--c001,Hu,Chin-lung,R,R,LAN
hudso001,Hudson,Orlando,B,R,LAN
jonem003,Jones,Mitch,R,R,LAN
kempm001,Kemp,Matt,R,R,LAN
kersc001,Kershaw,Clayton,L,L,LAN
kuo-h001,Kuo,Hong-Chih,L,L,LAN
kuroh001,Kuroda,Hiroki,R,R,LAN
leacb001,Leach,Brent,L,L,LAN
lonej001,Loney,James,L,L,LAN
lorem001,Loretta,Mark,R,R,LAN
martr004,Martin,Russell,R,R,LAN
mcdoj004,McDonald,James,L,R,LAN
miend001,Mientkiewicz,Doug,L,R,LAN
milte001,Milton,Eric,L,L,LAN
motag001,Mota,Guillermo,R,R,LAN
ohmaw001,Ohman,Will,L,L,LAN
padiv001,Padilla,Vicente,R,R,LAN
paulx001,Paul,Xavier,L,R,LAN
pierj002,Pierre,Juan,L,L,LAN
ramim002,Ramirez,Manny,R,R,LAN
repkj001,Repko,Jason,R,R,LAN
schlt001,Schlichting,Travis,R,R,LAN
schmj001,Schmidt,Jason,R,R,LAN
sherg001,Sherrill,George,L,L,LAN
stule002,Stults,Eric,L,L,LAN
thomj002,Thome,Jim,L,R,LAN
tronr001,Troncoso,Ramon,R,R,LAN
vargc001,Vargas,Claudio,R,R,LAN
wadec001,Wade,Cory,R,R,LAN
weavj002,Weaver,Jeff,R,R,LAN
wolfr001,Wolf,Randy,L,L,LAN
axfoj001,Axford,John,R,R,MIL
bourj001,Bourgeois,Jason,R,R,MIL
braur002,Braun,Ryan,R,R,MIL
burnm001,Burns,Mike,R,R,MIL
bushd001,Bush,David,R,R,MIL
butlj001,Butler,Josh,R,R,MIL
camem001,Cameron,Mike,R,R,MIL
cataf001,Catalanotto,Frank,L,R,MIL
cofft001,Coffey,Todd,R,R,MIL
coloj001,Colome,Jesus,R,R,MIL
corpc001,Corporan,Carlos,B,R,MIL
counc001,Counsell,Craig,L,R,MIL
difem002,DiFelice,Mark,R,R,MIL
dillt001,Dillard,Tim,R,R,MIL
duffc001,Duffy,Chris,L,L,MIL
escoa003,Escobar,Alcides,R,R,MIL
fielp001,Fielder,Prince,L,R,MIL
gally001,Gallardo,Yovani,R,R,MIL
gamem001,Gamel,Mat,L,R,MIL
geruj001,Gerut,Jody,L,L,MIL
hallb001,Hall,Bill,R,R,MIL
hardj003,Hardy,J.J.,R,R,MIL
hartc001,Hart,Corey,R,R,MIL
hofft001,Hoffman,Trevor,R,R,MIL
iribh001,Iribarren,Hernan,L,R,MIL
julij001,Julio,Jorge,R,R,MIL
kendj001,Kendall,Jason,R,R,MIL
loopb001,Looper,Braden,R,R,MIL
lopef001,Lopez,Felipe,B,R,MIL
mccls002,McClung,Seth,L,R,MIL
mcgec001,McGehee,Casey,R,R,MIL
narvc001,Narveson,Chris,L,L,MIL
nelsb002,Nelson,Brad,L,R,MIL
parrm001,Parra,Manny,L,L,MIL
pattc001,Patterson,Corey,L,R,MIL
riskd001,Riske,David,R,R,MIL
rivem003,Rivera,Mike,R,R,MIL
smitc002,Smith,Chris,R,R,MIL
stetm001,Stetter,Mitch,L,L,MIL
suppj001,Suppan,Jeff,R,R,MIL
swinr001,Swindle,R.J.,L,L,MIL
vargc001,Vargas,Claudio,R,R,MIL
villc001,Villanueva,Carlos,R,R,MIL
weatd001,Weathers,David,R,R,MIL
weekr001,Weeks,Rickie,R,R,MIL
ayall001,Ayala,Luis,R,R,MIN
bakes002,Baker,Scott,R,R,MIN
blacn001,Blackburn,Nick,R,R,MIN
bresc001,Breslow,Craig,L,L,MIN
buscb001,Buscher,Brian,L,R,MIN
cabro001,Cabrera,Orlando,R,R,MIN
casia001,Casilla,Alexi,B,R,MIN
craij001,Crain,Jesse,R,R,MIN
credj001,Crede,Joe,R,R,MIN
cuddm001,Cuddyer,Michael,R,R,MIN
dickr001,Dickey,R.A.,R,R,MIN
duenb001,Duensing,Brian,L,L,MIN
gabia001,Gabino,Armando,R,R,MIN
gomec002,Gomez,Carlos,R,R,MIN
guerm001,Guerrier,Matt,R,R,MIN
harrb001,Harris,Brendan,R,R,MIN
henns001,Henn,Sean,R,L,MIN
hubej001,Huber,Justin,R,R,MIN
humbp001,Humber,Philip,R,R,MIN
keppb001,Keppel,Bobby,R,R,MIN
kubej002,Kubel,Jason,L,R,MIN
lirif001,Liriano,Francisco,L,L,MIN
mahar001,Mahay,Ron,L,L,MIN
mansj001,Manship,Jeff,R,R,MIN
mauej001,Mauer,Joe,L,R,MIN
mijaj001,Mijares,Jose,L,L,MIN
moraj002,Morales,Jose,B,R,MIN
morij001,Morillo,Juan,R,R,MIN
mornj001,Morneau,Justin,L,R,MIN
mulvk001,Mulvey,Kevin,R,R,MIN
nathj001,Nathan,Joe,R,R,MIN
pavac001,Pavano,Carl,R,R,MIN
perkg001,Perkins,Glen,L,L,MIN
pridj001,Pridie,Jason,L,R,MIN
puntn001,Punto,Nick,B,R,MIN
raucj001,Rauch,Jon,R,R,MIN
redmm001,Redmond,Mike,R,R,MIN
slowk001,Slowey,Kevin,R,R,MIN
spand001,Span,Denard,L,L,MIN
swara001,Swarzak,Anthony,R,R,MIN
tolbm001,Tolbert,Matt,B,R,MIN
yound003,Young,Delmon,R,R,MIN
aceva001,Aceves,Alfredo,R,R,NYA
albaj001,Albaladejo,Jonathan,R,R,NYA
berra001,Berroa,Angel,R,R,NYA
brunb001,Bruney,Brian,R,R,NYA
burna001,Burnett,A.J.,R,R,NYA
cabrm002,Cabrera,Melky,B,L,NYA
canor001,Cano,Robinson,L,R,NYA
cashk001,Cash,Kevin,R,R,NYA
cervf001,Cervelli,Francisco,R,R,NYA
chamj002,Chamberlain,Joba,R,R,NYA
claga001,Claggett,Anthony,B,R,NYA
cokep001,Coke,Phil,L,L,NYA
damoj001,Damon,Johnny,L,L,NYA
duncs001,Duncan,Shelley,R,R,NYA
dunnm002,Dunn,Michael,L,L,NYA
gardb001,Gardner,Brett,L,L,NYA
gaudc001,Gaudin,Chad,R,R,NYA
guzmf001,Guzman,Freddy,B,R,NYA
hairj002,Hairston,Jerry,R,R,NYA
hinse001,Hinske,Eric,L,R,NYA
hughp001,Hughes,Phil,R,R,NYA
jeted001,Jeter,Derek,R,R,NYA
kenni001,Kennedy,Ian,R,R,NYA
martd004,Marte,Damaso,L,L,NYA
matsh001,Matsui,Hideki,L,R,NYA
melam001,Melancon,Mark,R,R,NYA
miraj001,Miranda,Juan,L,L,NYA
mitrs001,Mitre,Sergio,R,R,NYA
molij001,Molina,Jose,R,R,NYA
nadyx001,Nady,Xavier,R,R,NYA
penar002,Pena,Ramiro,B,R,NYA
petta001,Pettitte,Andy,L,L,NYA
posaj001,Posada,Jorge,B,R,NYA
ramie003,Ramirez,Edwar,R,R,NYA
ransc001,Ransom,Cody,R,R,NYA
rivem002,Rivera,Mariano,R,R,NYA
robed002,Robertson,David,R,R,NYA
rodra001,Rodriguez,Alex,R,R,NYA
sabac001,Sabathia,CC,L,L,NYA
swisn001,Swisher,Nick,B,L,NYA
teixm001,Teixeira,Mark,B,R,NYA
tomkb001,Tomko,Brett,R,R,NYA
towej001,Towers,Josh,R,R,NYA
veraj001,Veras,Jose,R,R,NYA
wangc001,Wang,Chien-Ming,R,R,NYA
andem003,Anderson,Marlon,L,R,NYN
beltc001,Beltran,Carlos,B,R,NYN
berra001,Berroa,Angel,R,R,NYN
broal001,Broadway,Lance,R,R,NYN
browe001,Brown,Emil,R,R,NYN
cancr001,Cancel,Robinson,R,R,NYN
castl001,Castillo,Luis,B,R,NYN
castr002,Castro,Ramon,R,R,NYN
churr001,Church,Ryan,L,L,NYN
coraa001,Cora,Alex,L,R,NYN
delgc001,Delgado,Carlos,L,R,NYN
desse001,Dessens,Elmer,R,R,NYN
evann001,Evans,Nick,R,R,NYN
felip002,Feliciano,Pedro,L,L,NYN
figun001,Figueroa,Nelson,B,R,NYN
fossc001,Fossum,Casey,L,L,NYN
franj004,Francoeur,Jeff,R,R,NYN
greea001,Green,Andy,R,R,NYN
grees004,Green,Sean,R,R,NYN
herna003,Hernandez,Anderson,B,R,NYN
hernl003,Hernandez,Livan,R,R,NYN
mainj001,Maine,John,R,R,NYN
martf002,Martinez,Fernando,L,R,NYN
martr003,Martinez,Ramon,R,R,NYN
miscp001,Misch,Pat,R,L,NYN
murpd006,Murphy,Daniel,L,R,NYN
niesj001,Niese,Jon,L,L,NYN
nievf001,Nieve,Fernando,R,R,NYN
odayd001,O'Day,Darren,R,R,NYN
pagaa001,Pagan,Angel,B,R,NYN
parnb001,Parnell,Bobby,R,R,NYN
pelfm001,Pelfrey,Mike,R,R,NYN
pereo002,Perez,Oliver,L,L,NYN
putzj001,Putz,J.J.,R,R,NYN
reddt001,Redding,Tim,R,R,NYN
reedj004,Reed,Jeremy,L,L,NYN
reyea003,Reyes,Argenis,B,R,NYN
reyej001,Reyes,Jose,B,R,NYN
rodrf003,Rodriguez,Francisco,R,R,NYN
santj003,Santana,Johan,L,L,NYN
santo001,Santos,Omir,R,R,NYN
schnb001,Schneider,Brian,L,R,NYN
shefg001,Sheffield,Gary,R,R,NYN
stokb001,Stokes,Brian,R,R,NYN
stont001,Stoner,Tobi,B,R,NYN
sullc001,Sullivan,Cory,L,L,NYN
switj001,Switzer,Jon,L,L,NYN
takak001,Takahashi,Ken,L,L,NYN
tatif001,Tatis,Fernando,R,R,NYN
tholj001,Thole,Josh,L,R,NYN
valdw001,Valdez,Wilson,R,R,NYN
wagnb001,Wagner,Billy,L,L,NYN
wrigd002,Wright,David,R,R,NYN
andeb004,Anderson,Brett,L,L,OAK
baila001,Bailey,Andrew,R,R,OAK
bartd001,Barton,Daric,L,R,OAK
blevj001,Blevins,Jerry,L,L,OAK
bradd002,Braden,Dallas,L,L,OAK
bresc001,Breslow,Craig,L,L,OAK
buckt001,Buck,Travis,L,R,OAK
cabro001,Cabrera,Orlando,R,R,OAK
cahit001,Cahill,Trevor,R,R,OAK
camek001,Cameron,Kevin,R,R,OAK
carsm001,Carson,Matt,R,R,OAK
chave001,Chavez,Eric,L,R,OAK
crosb002,Crosby,Bobby,R,R,OAK
cunna001,Cunningham,Aaron,R,R,OAK
custj001,Cust,Jack,L,R,OAK
davir003,Davis,Rajai,R,R,OAK
denoc001,Denorfia,Chris,R,R,OAK
ellim001,Ellis,Mark,R,R,OAK
eveld001,Eveland,Dana,L,L,OAK
evert001,Everidge,Tommy,R,R,OAK
galls001,Gallagher,Sean,R,R,OAK
garcj002,Casilla,Santiago,R,R,OAK
garcn001,Garciaparra,Nomar,R,R,OAK
giamj001,Giambi,Jason,L,R,OAK
giesd001,Giese,Dan,R,R,OAK
gonze001,Gonzalez,Edgar,R,R,OAK
gonzg003,Gonzalez,Gio,R,L,OAK
grayj002,Gray,Jeff,R,R,OAK
hairs001,Hairston,Scott,R,R,OAK
hannj001,Hannahan,Jack,L,R,OAK
hollm001,Holliday,Matt,R,R,OAK
kenna001,Kennedy,Adam,L,R,OAK
kilbb001,Kilby,Brad,L,L,OAK
marsj001,Marshall,Jay,L,L,OAK
mazzv001,Mazzaro,Vin,R,R,OAK
meloj002,Meloan,Jon,R,R,OAK
mortc003,Mortensen,Clayton,R,R,OAK
munse001,Munson,Eric,L,R,OAK
outmj001,Outman,Josh,L,L,OAK
patte001,Patterson,Eric,L,R,OAK
pennc001,Pennington,Cliff,B,R,OAK
petig001,Petit,Gregorio,R,R,OAK
powel001,Powell,Landon,B,R,OAK
reinc001,Reineke,Chad,R,R,OAK
rodrh002,Rodriguez,Henry,R,R,OAK
sprir001,Springer,Russ,R,R,OAK
suzuk001,Suzuki,Kurt,R,R,OAK
sweer001,Sweeney,Ryan,L,L,OAK
tomkb001,Tomko,Brett,R,R,OAK
wuerm001,Wuertz,Michael,R,R,OAK
ziegb001,Ziegler,Brad,R,R,OAK
bakop001,Bako,Paul,L,R,PHI
basta001,Bastardo,Antonio,R,L,PHI
blanj001,Blanton,Joe,R,R,PHI
brune001,Bruntlett,Eric,R,R,PHI
cairm001,Cairo,Miguel,R,R,PHI
carpa001,Carpenter,Andrew,R,R,PHI
condc001,Condrey,Clay,R,R,PHI
costc001,Coste,Chris,R,R,PHI
dobbg001,Dobbs,Greg,L,R,PHI
durbc001,Durbin,Chad,R,R,PHI
escas001,Escalona,Sergio,L,L,PHI
eyres001,Eyre,Scott,L,L,PHI
felip001,Feliz,Pedro,R,R,PHI
franb001,Francisco,Ben,R,R,PHI
hamec001,Hamels,Cole,L,L,PHI
happj001,Happ,J.A.,L,L,PHI
hoovp001,Hoover,Paul,R,R,PHI
howar001,Howard,Ryan,L,L,PHI
ibanr001,Ibanez,Raul,L,R,PHI
kendk001,Kendrick,Kyle,R,R,PHI
lee-c003,Lee,Cliff,L,L,PHI
lidgb001,Lidge,Brad,R,R,PHI
loper001,Lopez,Rodrigo,R,R,PHI
madsr001,Madson,Ryan,L,R,PHI
marsl001,Marson,Lou,R,R,PHI
martp001,Martinez,Pedro,R,R,PHI
maybj001,Mayberry,John,R,R,PHI
moyej001,Moyer,Jamie,L,L,PHI
myerb001,Myers,Brett,R,R,PHI
parkc002,Park,Chan Ho,R,R,PHI
regis001,Register,Steven,R,R,PHI
rollj001,Rollins,Jimmy,B,R,PHI
romej001,Romero,J.C.,B,L,PHI
ruizc001,Ruiz,Carlos,R,R,PHI
staim001,Stairs,Matt,L,R,PHI
tascj001,Taschner,Jack,L,L,PHI
traca001,Tracy,Andy,L,R,PHI
utlec001,Utley,Chase,L,R,PHI
victs001,Victorino,Shane,B,R,PHI
walkt003,Walker,Tyler,R,R,PHI
wertj001,Werth,Jayson,R,R,PHI
ascaj001,Ascanio,Jose,R,R,PIT
bautd002,Bautista,Denny,R,R,PIT
bixlb001,Bixler,Brian,R,R,PIT
bootc001,Bootcheck,Chris,R,R,PIT
burns001,Burnett,Sean,L,L,PIT
cappm001,Capps,Matt,R,R,PIT
ceder002,Cedeno,Ronny,R,R,PIT
chavj001,Chavez,Jesse,R,R,PIT
claga001,Claggett,Anthony,B,R,PIT
cruzl001,Cruz,Luis,R,R,PIT
diazr001,Diaz,Robinzon,R,R,PIT
doumr001,Doumit,Ryan,B,R,PIT
dukez001,Duke,Zach,L,L,PIT
dumap001,Dumatrait,Phil,R,L,PIT
gorzt001,Gorzelanny,Tom,L,L,PIT
grabj002,Grabow,John,L,L,PIT
hacke001,Hacker,Eric,B,R,PIT
hanrj001,Hanrahan,Joel,R,R,PIT
hansc001,Hansen,Craig,R,R,PIT
hartk001,Hart,Kevin,R,R,PIT
hinse001,Hinske,Eric,L,R,PIT
jacks001,Jackson,Steven,R,R,PIT
jaraj001,Jaramillo,Jason,B,R,PIT
joneg002,Jones,Garrett,L,L,PIT
karsj001,Karstens,Jeff,R,R,PIT
laroa001,LaRoche,Adam,L,L,PIT
laroa002,LaRoche,Andy,R,R,PIT
mahop002,Maholm,Paul,L,L,PIT
mccua001,McCutchen,Andrew,R,R,PIT
mccud001,McCutchen,Daniel,R,R,PIT
mclon001,McLouth,Nate,L,R,PIT
meeke001,Meek,Evan,R,R,PIT
milll002,Milledge,Lastings,R,R,PIT
monrc001,Monroe,Craig,R,R,PIT
morgn001,Morgan,Nyjer,L,L,PIT
mortc002,Morton,Charlie,R,R,PIT
mossb001,Moss,Brandon,L,R,PIT
ohler001,Ohlendorf,Ross,R,R,PIT
pears001,Pearce,Steve,R,R,PIT
salaj002,Salazar,Jeff,L,L,PIT
sancf001,Sanchez,Freddy,R,R,PIT
sneli001,Snell,Ian,R,R,PIT
vasqv001,Vasquez,Virgil,R,R,PIT
vazqr001,Vazquez,Ramon,L,R,PIT
veald001,Veal,Donnie,L,L,PIT
walkn001,Walker,Neil,B,R,PIT
wilsj002,Wilson,Jack,R,R,PIT
yatet001,Yates,Tyler,R,R,PIT
yound004,Young,Delwyn,B,R,PIT
adamm001,Adams,Mike,R,R,SDN
alfoe002,Alfonzo,Eliezer,R,R,SDN
bankj001,Banks,Josh,R,R,SDN
bellh001,Bell,Heath,R,R,SDN
blanh001,Blanco,Henry,R,R,SDN
blank002,Blanks,Kyle,R,R,SDN
burkc001,Burke,Chris,R,R,SDN
burkg001,Burke,Greg,R,R,SDN
cabre001,Cabrera,Everth,B,R,SDN
carrc002,Carrillo,Cesar,R,R,SDN
corrk001,Correia,Kevin,R,R,SDN
delae001,de la Cruz,Eulogio,R,R,SDN
dural001,Durango,Luis,B,R,SDN
ecksd001,Eckstein,David,R,R,SDN
ekstm001,Ekstrom,Mike,R,R,SDN
floyc001,Floyd,Cliff,L,R,SDN
friee001,Frieri,Ernesto,R,R,SDN
galls001,Gallagher,Sean,R,R,SDN
gaudc001,Gaudin,Chad,R,R,SDN
geerj001,Geer,Josh,R,R,SDN
geruj001,Gerut,Jody,L,L,SDN
gileb002,Giles,Brian,L,L,SDN
gonza003,Gonzalez,Adrian,L,L,SDN
gonze003,Gonzalez,Edgar,R,R,SDN
gregl001,Gregerson,Luke,L,R,SDN
gwynt002,Gwynn,Tony,L,R,SDN
hairs001,Hairston,Scott,R,R,SDN
headc001,Headley,Chase,B,R,SDN
hills003,Hill,Shawn,R,R,SDN
hundn001,Hundley,Nick,R,R,SDN
kouzk001,Kouzmanoff,Kevin,R,R,SDN
latom001,Latos,Mat,R,R,SDN
leblw001,LeBlanc,Wade,L,L,SDN
lobaj001,Lobaton,Jose,B,R,SDN
lopea004,Lopez,Arturo,L,L,SDN
macid001,Macias,Drew,L,L,SDN
merec001,Meredith,Cla,R,R,SDN
moree001,Moreno,Edwin,R,R,SDN
mujie001,Mujica,Edward,R,R,SDN
peavj001,Peavy,Jake,R,R,SDN
perdl001,Perdomo,Luis,L,R,SDN
porea001,Poreda,Aaron,L,L,SDN
ramoc001,Ramos,Cesar,L,L,SDN
richc002,Richard,Clayton,L,L,SDN
rodrl002,Rodriguez,Luis,B,R,SDN
russa001,Russell,Adam,R,R,SDN
salao001,Salazar,Oscar,R,R,SDN
sancd001,Sanchez,Duaner,R,R,SDN
silvw001,Silva,Walter,R,R,SDN
stanc001,Stansberry,Craig,R,R,SDN
staut001,Stauffer,Tim,R,R,SDN
thatj001,Thatcher,Joe,L,L,SDN
venaw001,Venable,Will,L,L,SDN
webbr001,Webb,Ryan,R,R,SDN
wilsj003,Wilson,Josh,R,R,SDN
younc003,Young,Chris,R,R,SDN
aardd001,Aardsma,David,R,R,SEA
balew001,Balentien,Wladimir,R,R,SEA
batim001,Batista,Miguel,R,R,SEA
bedae001,Bedard,Erik,L,L,SEA
belta001,Beltre,Adrian,R,R,SEA
betay001,Betancourt,Yuniesky,R,R,SEA
branr001,Branyan,Russell,L,R,SEA
burkj003,Burke,Jamie,R,R,SEA
carpm001,Carp,Mike,L,R,SEA
ceder002,Cedeno,Ronny,R,R,SEA
chave002,Chavez,Endy,L,L,SEA
corcr001,Corcoran,Roy,R,R,SEA
fistd001,Fister,Doug,L,R,SEA
frenl001,French,Lucas,L,L,SEA
grifk002,Griffey,Ken,L,L,SEA
gutif001,Gutierrez,Franklin,R,R,SEA
hallb001,Hall,Bill,R,R,SEA
hannj001,Hannahan,Jack,L,R,SEA
hernf002,Hernandez,Felix,R,R,SEA
jakuc001,Jakubauskas,Chris,L,R,SEA
johjk001,Johjima,Kenji,R,R,SEA
johnr009,Johnson,Rob,R,R,SEA
kells001,Kelley,Shawn,R,R,SEA
langr002,Langerhans,Ryan,L,L,SEA
lopej003,Lopez,Jose,R,R,SEA
lowem002,Lowe,Mark,L,R,SEA
messr001,Messenger,Randy,R,R,SEA
moora001,Moore,Adam,R,R,SEA
morrb001,Morrow,Brandon,R,R,SEA
olsog003,Olson,Garrett,R,L,SEA
quirg001,Quiroz,Guillermo,R,R,SEA
rowlr002,Rowland-Smith,Ryan,L,L,SEA
saunm001,Saunders,Michael,L,R,SEA
shelc001,Shelton,Chris,R,R,SEA
silvc001,Silva,Carlos,R,R,SEA
sneli001,Snell,Ian,R,R,SEA
stard001,Stark,Denny,R,R,SEA
suzui001,Suzuki,Ichiro,L,R,SEA
sweem002,Sweeney,Mike,R,R,SEA
tuiam001,Tuiasosopo,Matt,R,R,SEA
vargj001,Vargas,Jason,L,L,SEA
washj001,Washburn,Jarrod,L,L,SEA
whits002,White,Sean,R,R,SEA
wilsj002,Wilson,Jack,R,R,SEA
wilsj003,Wilson,Josh,R,R,SEA
woodc001,Woodward,Chris,R,R,SEA
affej001,Affeldt,Jeremy,L,L,SFN
aurir001,Aurilia,Rich,R,R,SFN
bowkj001,Bowker,John,L,L,SFN
bumgm001,Bumgarner,Madison,R,L,SFN
burre001,Burriss,Emmanuel,B,R,SFN
cainm001,Cain,Matt,R,R,SFN
downm001,Downs,Matt,R,R,SFN
frank001,Frandsen,Kevin,R,R,SFN
garkr001,Garko,Ryan,R,R,SFN
guzmj005,Guzman,Jesus,R,R,SFN
hinsa001,Hinshaw,Alex,L,L,SFN
holms002,Holm,Steve,R,R,SFN
howrb001,Howry,Bob,L,R,SFN
ishit001,Ishikawa,Travis,L,L,SFN
joaqw001,Joaquin,Waldis,R,R,SFN
johnr005,Johnson,Randy,R,L,SFN
lewif001,Lewis,Fred,L,R,SFN
linct001,Lincecum,Tim,L,R,SFN
martj004,Martinez,Joe,L,R,SFN
matoo001,Matos,Osiris,R,R,SFN
meddb001,Medders,Brandon,R,R,SFN
millj002,Miller,Justin,R,R,SFN
miscp001,Misch,Pat,R,L,SFN
molib001,Molina,Bengie,R,R,SFN
pennb002,Penny,Brad,R,R,SFN
poseb001,Posey,Buster,R,R,SFN
rente001,Renteria,Edgar,R,R,SFN
rohlr001,Rohlinger,Ryan,R,R,SFN
romos001,Romo,Sergio,R,R,SFN
rowaa001,Rowand,Aaron,R,R,SFN
runzd001,Runzler,Dan,L,L,SFN
sador001,Sadowski,Ryan,R,R,SFN
sancf001,Sanchez,Freddy,R,R,SFN
sancj002,Sanchez,Jonathan,L,L,SFN
sandp001,Sandoval,Pablo,B,R,SFN
schin001,Schierholtz,Nate,L,R,SFN
torra001,Torres,Andres,B,R,SFN
uribj002,Uribe,Juan,R,R,SFN
valdm003,Valdez,Merkin,R,R,SFN
velee001,Velez,Eugenio,B,R,SFN
white004,Whiteside,Eli,R,R,SFN
wilsb001,Wilson,Brian,R,R,SFN
winnr001,Winn,Randy,B,R,SFN
zitob001,Zito,Barry,L,L,SFN
ankir001,Ankiel,Rick,L,L,SLN
bardb001,Barden,Brian,R,R,SLN
boggm001,Boggs,Mitchell,R,R,SLN
boyeb001,Boyer,Blaine,R,R,SLN
carpc002,Carpenter,Chris,R,R,SLN
derom001,DeRosa,Mark,R,R,SLN
duncc002,Duncan,Chris,L,R,SLN
franr001,Franklin,Ryan,R,R,SLN
freed001,Freese,David,R,R,SLN
glaut001,Glaus,Troy,R,R,SLN
greek002,Greene,Khalil,R,R,SLN
greet004,Greene,Tyler,R,R,SLN
hawkb001,Hawksworth,Blake,R,R,SLN
hoffj002,Hoffpauir,Jarrett,R,R,SLN
hollm001,Holliday,Matt,R,R,SLN
kinnj001,Kinney,Josh,R,R,SLN
laruj001,LaRue,Jason,R,R,SLN
lohsk001,Lohse,Kyle,R,R,SLN
ludwr001,Ludwick,Ryan,R,L,SLN
lugoj001,Lugo,Julio,R,R,SLN
mcclk001,McClellan,Kyle,R,R,SLN
millt002,Miller,Trever,R,L,SLN
moliy001,Molina,Yadier,R,R,SLN
mortc003,Mortensen,Clayton,R,R,SLN
mottj001,Motte,Jason,R,R,SLN
pagnm001,Pagnozzi,Matt,R,R,SLN
perec002,Perez,Chris,R,R,SLN
pinej001,Pineiro,Joel,R,R,SLN
pujoa001,Pujols,Albert,R,R,SLN
rasmc001,Rasmus,Colby,L,L,SLN
reyed001,Reyes,Dennys,R,L,SLN
robis001,Robinson,Shane,R,R,SLN
ryanb002,Ryan,Brendan,R,R,SLN
schus001,Schumaker,Skip,L,R,SLN
smolj001,Smoltz,John,R,R,SLN
stavn001,Stavinoha,Nick,R,R,SLN
thomb002,Thompson,Brad,R,R,SLN
thurj001,Thurston,Joseph,L,R,SLN
toddj001,Todd,Jess,R,R,SLN
waina001,Wainwright,Adam,R,R,SLN
waltp001,Walters,P.J.,R,R,SLN
wellt002,Wellemeyer,Todd,R,R,SLN
abrew001,Abreu,Winston,R,R,TBA
aybaw001,Aybar,Willy,B,R,TBA
balfg001,Balfour,Grant,R,R,TBA
bartj001,Bartlett,Jason,R,R,TBA
bennj002,Bennett,Jeff,R,R,TBA
bradc001,Bradford,Chad,R,R,TBA
brigr001,Brignac,Reid,L,R,TBA
burrp001,Burrell,Pat,R,R,TBA
choar001,Choate,Randy,L,L,TBA
corml001,Cormier,Lance,R,R,TBA
crawc002,Crawford,Carl,L,L,TBA
daviw001,Davis,Wade,R,R,TBA
dillj001,Dillon,Joe,R,R,TBA
garzm001,Garza,Matt,R,R,TBA
grosg002,Gross,Gabe,L,R,TBA
hernm002,Hernandez,Michel,R,R,TBA
howej003,Howell,J.P.,L,L,TBA
isrij001,Isringhausen,Jason,R,R,TBA
iwama001,Iwamura,Akinori,L,R,TBA
joycm001,Joyce,Matthew,L,R,TBA
kaplg001,Kapler,Gabe,R,R,TBA
kazms001,Kazmir,Scott,L,L,TBA
longe001,Longoria,Evan,R,R,TBA
navad001,Navarro,Dioner,B,R,TBA
nelsj002,Nelson,Joe,R,R,TBA
niemj001,Niemann,Jeff,R,R,TBA
penac001,Pena,Carlos,L,L,TBA
perct001,Percival,Troy,R,R,TBA
peref001,Perez,Fernando,B,R,TBA
pricd001,Price,David,L,L,TBA
richc001,Richard,Chris,L,L,TBA
riggs001,Riggans,Shawn,R,R,TBA
shiej002,Shields,James,R,R,TBA
shoub001,Shouse,Brian,L,L,TBA
sonna001,Sonnanstine,Andy,L,R,TBA
sprir001,Springer,Russ,R,R,TBA
thayd001,Thayer,Dale,R,R,TBA
uptob001,Upton,Melvin,R,R,TBA
wheed001,Wheeler,Dan,R,R,TBA
zaung001,Zaun,Gregg,B,R,TBA
zobrb001,Zobrist,Ben,B,R,TBA
andre001,Andrus,Elvis,R,R,TEX
ariaj001,Arias,Joaquin,R,R,TEX
bensk001,Benson,Kris,R,R,TEX
blalh001,Blalock,Hank,L,R,TEX
boggb001,Boggs,Brandon,B,R,TEX
borbj001,Borbon,Julio,L,L,TEX
byrdm001,Byrd,Marlon,R,R,TEX
cruzn002,Cruz,Nelson,R,R,TEX
davic003,Davis,Chris,L,R,TEX
eyrew001,Eyre,Willie,R,R,TEX
felds001,Feldman,Scott,L,R,TEX
felin001,Feliz,Neftali,R,R,TEX
franf001,Francisco,Frank,R,R,TEX
gentc001,Gentry,Craig,R,R,TEX
germe001,German,Esteban,R,R,TEX
golsg001,Golson,Greg,R,R,TEX
grilj001,Grilli,Jason,R,R,TEX
guare001,Guardado,Eddie,R,L,TEX
hamij003,Hamilton,Josh,L,L,TEX
harrm001,Harrison,Matt,L,L,TEX
holld003,Holland,Derek,B,L,TEX
huntt002,Hunter,Tommy,R,R,TEX
jennj001,Jennings,Jason,L,R,TEX
jonea002,Jones,Andruw,R,R,TEX
kinsi001,Kinsler,Ian,R,R,TEX
madrw001,Madrigal,Warner,R,R,TEX
mathd001,Mathis,Doug,R,R,TEX
mccab001,McCarthy,Brandon,R,R,TEX
mendl001,Mendoza,Luis,R,R,TEX
millk004,Millwood,Kevin,R,R,TEX
moscg001,Moscoso,Guillermo,R,R,TEX
murpd005,Murphy,David,L,L,TEX
nippd001,Nippert,Dustin,R,R,TEX
odayd001,O'Day,Darren,R,R,TEX
padiv001,Padilla,Vicente,R,R,TEX
richk001,Richardson,Kevin,R,R,TEX
rodri001,Rodriguez,Ivan,R,R,TEX
rupej001,Rupe,Josh,R,R,TEX
saltj001,Saltalamacchia,Jarrod,B,R,TEX
strop001,Strop,Pedro,R,R,TEX
teagt001,Teagarden,Taylor,R,R,TEX
vizqo001,Vizquel,Omar,B,R,TEX
wilsc004,Wilson,C.J.,L,L,TEX
younm003,Young,Michael,R,R,TEX
accaj001,Accardo,Jeremy,R,R,TOR
adamr002,Adams,Russ,L,R,TOR
barar001,Barajas,Rod,R,R,TOR
barrm003,Barrett,Michael,R,R,TOR
bautj002,Bautista,Jose,R,R,TOR
bullb001,Bullington,Bryan,R,R,TOR
burrb001,Burres,Brian,L,L,TOR
camps002,Camp,Shawn,R,R,TOR
carlj001,Carlson,Jesse,L,L,TOR
cecib001,Cecil,Brett,R,L,TOR
chavr001,Chavez,Raul,R,R,TOR
delld001,Dellucci,David,L,L,TOR
downs001,Downs,Scott,L,L,TOR
encae001,Encarnacion,Edwin,R,R,TOR
frasj002,Frasor,Jason,R,R,TOR
hallr001,Halladay,Roy,R,R,TOR
hayhd001,Hayhurst,Dirk,L,R,TOR
hilla001,Hill,Aaron,R,R,TOR
inglj001,Inglett,Joe,L,R,TOR
jansc001,Janssen,Casey,R,R,TOR
leagb001,League,Brandon,R,R,TOR
linda001,Lind,Adam,L,L,TOR
litsj001,Litsch,Jesse,R,R,TOR
mcdoj003,McDonald,John,R,R,TOR
millb001,Mills,Brad,R,L,TOR
millk005,Millar,Kevin,R,R,TOR
murpb001,Murphy,Bill,L,L,TOR
overl001,Overbay,Lyle,L,L,TOR
philk001,Phillips,Kyle,L,R,TOR
purcd001,Purcey,David,L,L,TOR
ray-r001,Ray,Robert,R,R,TOR
richs001,Richmond,Scott,R,R,TOR
riosa002,Rios,Alex,R,R,TOR
roenj001,Roenicke,Josh,R,R,TOR
roles001,Rolen,Scott,R,R,TOR
romer002,Romero,Ricky,R,L,TOR
ruizr001,Ruiz,Randy,R,R,TOR
ryanb001,Ryan,B.J.,L,L,TOR
rzepm001,Rzepczynski,Marc,L,L,TOR
scutm001,Scutaro,Marco,R,R,TOR
snidt001,Snider,Travis,L,L,TOR
tallb001,Tallet,Brian,L,L,TOR
wellv001,Wells,Vernon,R,R,TOR
wolfb001,Wolfe,Brian,R,R,TOR
balec001,Balester,Collin,R,R,WAS
bardj001,Bard,Josh,B,R,WAS
beimj001,Beimel,Joe,L,L,WAS
bellr002,Belliard,Ronnie,R,R,WAS
bergj001,Bergmann,Jason,R,R,WAS
bernr001,Bernadina,Roger,L,L,WAS
burkj003,Burke,Jamie,R,R,WAS
burns001,Burnett,Sean,L,L,WAS
cabrd001,Cabrera,Daniel,R,R,WAS
cinta001,Cintron,Alex,B,R,WAS
clipt001,Clippard,Tyler,R,R,WAS
coloj001,Colome,Jesus,R,R,WAS
desmi001,Desmond,Ian,R,R,WAS
detwr001,Detwiler,Ross,R,L,WAS
dukee001,Dukes,Elijah,R,R,WAS
dunna001,Dunn,Adam,L,R,WAS
estrm001,Estrada,Marco,R,R,WAS
florj002,Flores,Jesus,R,R,WAS
garav001,Garate,Victor,L,L,WAS
gonza005,Gonzalez,Alberto,R,R,WAS
guzmc001,Guzman,Cristian,B,R,WAS
hanrj001,Hanrahan,Joel,R,R,WAS
harrw001,Harris,Willie,L,R,WAS
herna003,Hernandez,Anderson,B,R,WAS
hernl003,Hernandez,Livan,R,R,WAS
hincm001,Hinckley,Mike,R,L,WAS
johnn001,Johnson,Nick,L,L,WAS
keara001,Kearns,Austin,R,R,WAS
kensl001,Kensing,Logan,R,R,WAS
lannj001,Lannan,John,L,L,WAS
ledew001,Ledezma,Wil,L,L,WAS
macdm001,MacDougal,Mike,B,R,WAS
martj005,Martin,J.D.,R,R,WAS
marts001,Martis,Shairon,R,R,WAS
maxwj002,Maxwell,Justin,R,R,WAS
milll002,Milledge,Lastings,R,R,WAS
mockg001,Mock,Garrett,R,R,WAS
morgn001,Morgan,Nyjer,L,L,WAS
morsm001,Morse,Michael,R,R,WAS
nievw001,Nieves,Wil,R,R,WAS
olses001,Olsen,Scott,L,L,WAS
orr-p001,Orr,Pete,L,R,WAS
padij002,Padilla,Jorge,R,R,WAS
pattc001,Patterson,Corey,L,R,WAS
rives001,Rivera,Saul,B,R,WAS
segoz001,Segovia,Zack,R,R,WAS
shels002,Shell,Steven,R,R,WAS
sosaj002,Sosa,Jorge,R,R,WAS
stamc001,Stammen,Craig,R,R,WAS
tavaj001,Tavarez,Julian,L,R,WAS
villr001,Villone,Ron,L,L,WAS
wellk001,Wells,Kip,R,R,WAS
willj004,Willingham,Josh,R,R,WAS
zimmj003,Zimmermann,Jordan,R,R,WAS
zimmr001,Zimmerman,Ryan,R,R,WAS
