PlayerID,LastName,FirstName,Bats,Pitches,Team
aybae001,Aybar,Erick,B,R,ANA
blanj001,Blanton,Joe,R,R,ANA
boshb001,Boshers,Buddy,L,L,ANA
bourp001,Bourjos,Peter,R,R,ANA
brasr001,Brasier,Ryan,R,R,ANA
buckb002,Buckner,Billy,R,R,ANA
burns001,Burnett,Sean,L,L,ANA
calhk001,Calhoun,Kole,L,L,ANA
calla001,Callaspo,Alberto,B,R,ANA
carpd002,Carpenter,David,R,R,ANA
coelr001,Coello,Robert,R,R,ANA
congh001,Conger,Hank,B,R,ANA
couss001,Cousins,Scott,L,L,ANA
cowgc001,Cowgill,Collin,R,L,ANA
delad001,de la Rosa,Dane,R,R,ANA
downs001,Downs,Scott,L,L,ANA
enrib001,Enright,Barry,R,R,ANA
fielt001,Field,Thomas,R,R,ANA
friee001,Frieri,Ernesto,R,R,ANA
greeg002,Green,Grant,R,R,ANA
gutij002,Gutierrez,Juan,R,R,ANA
hamij003,Hamilton,Josh,L,L,ANA
hanst001,Hanson,Tommy,R,R,ANA
harrb001,Harris,Brendan,R,R,ANA
hawpb001,Hawpe,Brad,L,L,ANA
hestj001,Hester,John,R,R,ANA
iannc001,Iannetta,Chris,R,R,ANA
jepsk001,Jepsen,Kevin,R,R,ANA
jimel002,Jimenez,Luis,R,R,ANA
kendh001,Kendrick,Howie,R,R,ANA
kohnm001,Kohn,Michael,R,R,ANA
lowem002,Lowe,Mark,L,R,ANA
maron001,Maronde,Nick,B,L,ANA
navae001,Navarro,Efren,L,L,ANA
nelsc001,Nelson,Chris,R,R,ANA
pujoa001,Pujols,Albert,R,R,ANA
rasmc002,Rasmus,Cory,R,R,ANA
richg002,Richards,Garrett,R,R,ANA
romia001,Romine,Andrew,B,R,ANA
rothm001,Roth,Michael,L,L,ANA
shoem001,Shoemaker,Matt,R,R,ANA
shucj001,Shuck,J.B.,L,L,ANA
stand001,Stange,Daniel,R,R,ANA
troum001,Trout,Mike,R,R,ANA
trumm001,Trumbo,Mark,R,R,ANA
vargj001,Vargas,Jason,L,L,ANA
weavj003,Weaver,Jered,R,R,ANA
willj003,Williams,Jerome,R,R,ANA
wilsc004,Wilson,C.J.,L,L,ANA
bellh001,Bell,Heath,R,R,ARI
bloow001,Bloomquist,Willie,R,R,ARI
brewc001,Brewer,Charles,R,R,ARI
cahit001,Cahill,Trevor,R,R,ARI
campt001,Campana,Tony,L,L,ARI
chave001,Chavez,Eric,L,R,ARI
collj001,Collmenter,Josh,R,R,ARI
corbp001,Corbin,Patrick,L,L,ARI
davim005,Davidson,Matt,R,R,ARI
delae002,de la Rosa,Eury,L,L,ARI
delgr001,Delgado,Randall,R,R,ARI
eatoa002,Eaton,Adam,L,L,ARI
goldp001,Goldschmidt,Paul,R,R,ARI
goset001,Gosewisch,Tuffy,R,R,ARI
gregd001,Gregorius,Didi,L,R,ARI
harrw002,Harris,Will,R,R,ARI
hernd002,Hernandez,David,R,R,ARI
hilla001,Hill,Aaron,R,R,ARI
hinse001,Hinske,Eric,L,R,ARI
holmd002,Holmberg,David,R,L,ARI
kenni001,Kennedy,Ian,R,R,ARI
kubej002,Kubel,Jason,L,R,ARI
langm002,Langwell,Matt,R,R,ARI
marta005,Marte,Alfredo,R,R,ARI
mccab001,McCarthy,Brandon,R,R,ARI
milew001,Miley,Wade,L,L,ARI
montm001,Montero,Miguel,L,R,ARI
nievw001,Nieves,Wil,R,R,ARI
owinc001,Owings,Chris,R,R,ARI
parrg001,Parra,Gerardo,L,L,ARI
patej001,Paterson,Joe,R,L,ARI
pennc001,Pennington,Cliff,B,R,ARI
polla001,Pollock,A.J.,R,R,ARI
pradm001,Prado,Martin,R,R,ARI
putzj001,Putz,J.J.,R,R,ARI
reynm002,Reynolds,Matt,L,L,ARI
roe-c001,Roe,Chaz,R,R,ARI
rossc001,Ross,Cody,R,L,ARI
sippt001,Sipp,Tony,L,L,ARI
skagt001,Skaggs,Tyler,L,L,ARI
spruz001,Spruill,Zeke,B,R,ARI
thatj001,Thatcher,Joe,L,L,ARI
wilsj003,Wilson,Josh,R,R,ARI
ziegb001,Ziegler,Brad,R,R,ARI
avill001,Avilan,Luis,L,L,ATL
ayall001,Ayala,Luis,R,R,ATL
beacb001,Beachy,Brandon,R,R,ATL
bethc001,Bethancourt,Christian,R,R,ATL
carpd001,Carpenter,David,R,R,ATL
consj001,Constanza,Jose,L,L,ATL
cunnt001,Cunningham,Todd,B,R,ATL
dewib001,DeWitt,Blake,L,R,ATL
downs001,Downs,Scott,L,L,ATL
franj005,Francisco,Juan,L,R,ATL
freef001,Freeman,Freddie,L,R,ATL
garcf002,Garcia,Freddy,R,R,ATL
gatte001,Gattis,Evan,R,R,ATL
gearc001,Gearrin,Cory,R,R,ATL
gossp001,Gosselin,Phil,R,R,ATL
haled001,Hale,David,R,R,ATL
heywj001,Heyward,Jason,L,L,ATL
hudst001,Hudson,Tim,R,R,ATL
janip001,Janish,Paul,R,R,ATL
johnc003,Johnson,Chris,R,R,ATL
johne002,Johnson,Elliot,B,R,ATL
johnr008,Johnson,Reed,R,R,ATL
kimbc001,Kimbrel,Craig,R,R,ATL
lairg001,Laird,Gerald,R,R,ATL
loe-k001,Loe,Kameron,R,R,ATL
mahop002,Maholm,Paul,L,L,ATL
martc005,Martinez,Cristhian,R,R,ATL
mccab002,McCann,Brian,L,R,ATL
medlk001,Medlen,Kris,B,R,ATL
minom001,Minor,Mike,R,L,ATL
oflae001,O'Flaherty,Eric,L,L,ATL
pastt001,Pastornicky,Tyler,R,R,ATL
penar002,Pena,Ramiro,B,R,ATL
rasmc002,Rasmus,Cory,R,R,ATL
schaj002,Schafer,Jordan,L,L,ATL
simma001,Simmons,Andrelton,R,R,ATL
tehej001,Teheran,Julio,R,R,ATL
terdj001,Terdoslavich,Joey,B,R,ATL
uggld001,Uggla,Dan,R,R,ATL
uptob001,Upton,Melvin,R,R,ATL
uptoj001,Upton,Justin,R,R,ATL
varva001,Varvaro,Anthony,R,R,ATL
waldj001,Walden,Jordan,R,R,ATL
wooda002,Wood,Alex,R,L,ATL
arrij001,Arrieta,Jake,R,R,BAL
ayall001,Ayala,Luis,R,R,BAL
belfm001,Belfiore,Mike,R,L,BAL
betew001,Betemit,Wilson,B,R,BAL
britz001,Britton,Zach,L,L,BAL
burna002,Burnett,Alex,R,R,BAL
casia001,Casilla,Alexi,B,R,BAL
chenw001,Chen,Wei-Yin,L,L,BAL
clarz001,Clark,Zach,R,R,BAL
clevs001,Clevenger,Steve,L,R,BAL
davic003,Davis,Chris,L,R,BAL
dickc001,Dickerson,Chris,L,L,BAL
felds001,Feldman,Scott,L,R,BAL
flahr001,Flaherty,Ryan,L,R,BAL
garcf002,Garcia,Freddy,R,R,BAL
gausk001,Gausman,Kevin,L,R,BAL
gonzm003,Gonzalez,Miguel,R,R,BAL
hammj002,Hammel,Jason,R,R,BAL
hardj003,Hardy,J.J.,R,R,BAL
hoesl001,Hoes,L.J.,R,R,BAL
huntt002,Hunter,Tommy,R,R,BAL
ishit001,Ishikawa,Travis,L,L,BAL
johnd004,Johnson,Dan,L,R,BAL
johnj010,Johnson,Jim,R,R,BAL
johns001,Johnson,Steve,R,R,BAL
jonea003,Jones,Adam,R,R,BAL
jurrj001,Jurrjens,Jair,R,R,BAL
machm001,Machado,Manny,R,R,BAL
markn001,Markakis,Nick,L,L,BAL
matub001,Matusz,Brian,L,L,BAL
mcfat001,McFarland,T.J.,L,L,BAL
mclon001,McLouth,Nate,L,R,BAL
morsm001,Morse,Michael,R,R,BAL
navay001,Navarro,Yamaico,R,R,BAL
norrb001,Norris,Bud,R,R,BAL
odayd001,O'Day,Darren,R,R,BAL
pattt001,Patton,Troy,B,L,BAL
pears001,Pearce,Steve,R,R,BAL
pridj001,Pridie,Jason,L,R,BAL
reimn001,Reimold,Nolan,R,R,BAL
robeb003,Roberts,Brian,B,R,BAL
rodrf003,Rodriguez,Francisco,R,R,BAL
schoj001,Schoop,Jonathan,R,R,BAL
snydc002,Snyder,Chris,R,R,BAL
stinj001,Stinson,Josh,R,R,BAL
strop001,Strop,Pedro,R,R,BAL
teagt001,Teagarden,Taylor,R,R,BAL
tillc001,Tillman,Chris,R,R,BAL
urruh001,Urrutia,Henry,L,R,BAL
valdl001,Valdez,Luis,R,R,BAL
valed001,Valencia,Danny,R,R,BAL
wietm001,Wieters,Matt,B,R,BAL
aceva001,Aceves,Alfredo,R,R,BOS
baila001,Bailey,Andrew,R,R,BOS
bardd001,Bard,Daniel,R,R,BOS
beatp001,Beato,Pedro,R,R,BOS
berrq001,Berry,Quintin,L,L,BOS
bogax001,Bogaerts,Xander,R,R,BOS
bradj001,Bradley,Jackie,L,R,BOS
bresc001,Breslow,Craig,L,L,BOS
britd001,Britton,Drake,L,L,BOS
buchc001,Buchholz,Clay,L,R,BOS
carpm001,Carp,Mike,L,R,BOS
cirip001,Ciriaco,Pedro,R,R,BOS
delaj002,de la Torre,Jose,R,R,BOS
delar003,de la Rosa,Rubby,R,R,BOS
dempr002,Dempster,Ryan,R,R,BOS
diazj004,Diaz,Jonathan,R,R,BOS
doubf001,Doubront,Felix,L,L,BOS
drews001,Drew,Stephen,L,R,BOS
ellsj001,Ellsbury,Jacoby,L,L,BOS
gomej001,Gomes,Jonny,R,R,BOS
hanrj001,Hanrahan,Joel,R,R,BOS
holtb002,Holt,Brock,L,R,BOS
iglej001,Iglesias,Jose,R,R,BOS
lackj001,Lackey,John,R,R,BOS
lavar001,Lavarnway,Ryan,R,R,BOS
lestj001,Lester,Jon,L,L,BOS
mcdoj003,McDonald,John,R,R,BOS
middw001,Middlebrooks,Will,R,R,BOS
milla002,Miller,Andrew,L,L,BOS
moraf001,Morales,Franklin,L,L,BOS
mortc003,Mortensen,Clayton,R,R,BOS
napom001,Napoli,Mike,R,R,BOS
navad002,Nava,Daniel,B,L,BOS
ortid001,Ortiz,David,L,L,BOS
peavj001,Peavy,Jake,R,R,BOS
pedrd001,Pedroia,Dustin,R,R,BOS
rossd001,Ross,David,R,R,BOS
saltj001,Saltalamacchia,Jarrod,B,R,BOS
snydb003,Snyder,Brandon,R,R,BOS
tazaj001,Tazawa,Junichi,R,R,BOS
thorm001,Thornton,Matt,L,L,BOS
uehak001,Uehara,Koji,R,R,BOS
victs001,Victorino,Shane,R,R,BOS
villb002,Villarreal,Brayan,R,R,BOS
websa001,Webster,Allen,R,R,BOS
wilsa001,Wilson,Alex,R,R,BOS
workb001,Workman,Brandon,R,R,BOS
wrigs001,Wright,Steven,R,R,BOS
andeb005,Anderson,Bryan,L,R,CHA
axeld001,Axelrod,Dylan,R,R,CHA
beckg001,Beckham,Gordon,R,R,CHA
casts002,Castro,Simon,R,R,CHA
craij001,Crain,Jesse,R,R,CHA
dankj001,Danks,John,L,L,CHA
dankj002,Danks,Jordan,L,R,CHA
deaza001,de Aza,Alejandro,L,L,CHA
dunna001,Dunn,Adam,L,R,CHA
flowt001,Flowers,Tyler,R,R,CHA
floyg001,Floyd,Gavin,R,R,CHA
garca003,Garcia,Avisail,R,R,CHA
garcl004,Garcia,Leury,B,R,CHA
gillc001,Gillaspie,Conor,L,R,CHA
gimeh001,Gimenez,Hector,B,R,CHA
gonzm004,Gonzalez,Miguel,R,R,CHA
greet004,Greene,Tyler,R,R,CHA
heatd001,Heath,Deunte,R,R,CHA
johne003,Johnson,Erik,R,R,CHA
jonen001,Jones,Nate,R,R,CHA
keppj001,Keppinger,Jeff,R,R,CHA
konep001,Konerko,Paul,R,R,CHA
leesc001,Leesman,Charlie,L,L,CHA
lindm001,Lindstrom,Matt,R,R,CHA
moreb001,Morel,Brent,R,R,CHA
omogb001,Omogrosso,Brian,R,R,CHA
peavj001,Peavy,Jake,R,R,CHA
petrj001,Petricka,Jake,R,R,CHA
phegj001,Phegley,Josh,R,R,CHA
purcd001,Purcey,David,L,L,CHA
quinj001,Quintana,Jose,R,L,CHA
ramia003,Ramirez,Alexei,R,R,CHA
reeda001,Reed,Addison,L,R,CHA
riena001,Rienzo,Andre,R,R,CHA
riosa002,Rios,Alex,R,R,CHA
salec001,Sale,Chris,L,L,CHA
sanca005,Sanchez,Angel,R,R,CHA
santh001,Santiago,Hector,R,L,CHA
semim001,Semien,Marcus,R,R,CHA
tekob001,Tekotte,Blake,L,R,CHA
thorm001,Thornton,Matt,L,L,CHA
tronr001,Troncoso,Ramon,R,R,CHA
veald001,Veal,Donnie,L,L,CHA
vicid001,Viciedo,Dayan,R,R,CHA
webbd001,Webb,Daniel,R,R,CHA
wellc001,Wells,Casper,R,R,CHA
wised001,Wise,Dewayne,L,L,CHA
arrij001,Arrieta,Jake,R,R,CHN
bakes002,Baker,Scott,R,R,CHN
barnd001,Barney,Darwin,R,R,CHN
bogub001,Bogusevic,Brian,L,L,CHN
borbj001,Borbon,Julio,L,L,CHN
boscj001,Boscan,J.C.,R,R,CHN
bowdm001,Bowden,Michael,R,R,CHN
burna002,Burnett,Alex,R,R,CHN
cabra003,Cabrera,Alberto,R,R,CHN
camps002,Camp,Shawn,R,R,CHN
casts001,Castro,Starlin,R,R,CHN
castw002,Castillo,Welington,R,R,CHN
clevs001,Clevenger,Steve,L,R,CHN
dejed001,DeJesus,David,L,L,CHN
dolir001,Dolis,Rafael,R,R,CHN
felds001,Feldman,Scott,L,R,CHN
fujik001,Fujikawa,Kyuji,L,R,CHN
garzm001,Garza,Matt,R,R,CHN
gillc002,Gillespie,Cole,R,R,CHN
gonza005,Gonzalez,Alberto,R,R,CHN
gregk001,Gregg,Kevin,R,R,CHN
grimj002,Grimm,Justin,R,R,CHN
guerm001,Guerrier,Matt,R,R,CHN
hairs001,Hairston,Scott,R,R,CHN
jacke001,Jackson,Edwin,R,R,CHN
lakej001,Lake,Junior,R,R,CHN
lillb001,Lillibridge,Brent,R,R,CHN
lim-c001,Lim,Chang-Yong,R,R,CHN
loe-k001,Loe,Kameron,R,R,CHN
marmc001,Marmol,Carlos,R,R,CHN
mcdod002,McDonald,Darnell,R,R,CHN
murpd004,Murphy,Donnie,R,R,CHN
navad001,Navarro,Dioner,B,R,CHN
nealt001,Neal,Thomas,R,R,CHN
parkb001,Parker,Blake,R,R,CHN
putnz001,Putnam,Zach,R,R,CHN
raleb001,Raley,Brooks,L,L,CHN
ransc001,Ransom,Cody,R,R,CHN
rizza001,Rizzo,Anthony,L,L,CHN
rodrh002,Rodriguez,Henry,R,R,CHN
rondh001,Rondon,Hector,R,R,CHN
rossz001,Rosscup,Zac,R,L,CHN
rusic001,Rusin,Chris,L,L,CHN
russj003,Russell,James,L,L,CHN
samaj001,Samardzija,Jeff,R,R,CHN
sance001,Sanchez,Eduardo,R,R,CHN
sappd001,Sappelt,Dave,R,R,CHN
schin001,Schierholtz,Nate,L,R,CHN
soria001,Soriano,Alfonso,R,R,CHN
strop001,Strop,Pedro,R,R,CHN
sweer001,Sweeney,Ryan,L,L,CHN
takah001,Takahashi,Hisanori,L,L,CHN
valbl001,Valbuena,Luis,L,R,CHN
villc001,Villanueva,Carlos,R,R,CHN
watkl001,Watkins,Logan,L,R,CHN
woodt004,Wood,Travis,R,L,CHN
arrob001,Arroyo,Bronson,R,R,CIN
bailh001,Bailey,Homer,R,R,CIN
broxj001,Broxton,Jonathan,R,R,CIN
brucj001,Bruce,Jay,L,L,CIN
chapa001,Chapman,Aroldis,L,L,CIN
choos001,Choo,Shin-Soo,L,L,CIN
chrin001,Christiani,Nick,R,R,CIN
cingt001,Cingrani,Tony,L,L,CIN
cozaz001,Cozart,Zack,R,R,CIN
cuetj001,Cueto,Johnny,R,R,CIN
dukez001,Duke,Zach,L,L,CIN
frazt001,Frazier,Todd,R,R,CIN
freej001,Freeman,Justin,R,R,CIN
hamib001,Hamilton,Billy,B,R,CIN
hanir001,Hanigan,Ryan,R,R,CIN
hannj001,Hannahan,Jack,L,R,CIN
heisc001,Heisey,Chris,R,R,CIN
hoovj002,Hoover,J.J.,R,R,CIN
iztuc001,Izturis,Cesar,B,R,CIN
latom001,Latos,Mat,R,R,CIN
leakm001,Leake,Mike,R,R,CIN
lecus001,LeCure,Sam,R,R,CIN
ludwr001,Ludwick,Ryan,R,L,CIN
lutzd001,Lutz,Donald,L,R,CIN
marss002,Marshall,Sean,L,L,CIN
mesod001,Mesoraco,Devin,R,R,CIN
millc001,Miller,Corky,R,R,CIN
ondrl001,Ondrusek,Logan,R,R,CIN
parrm001,Parra,Manny,L,L,CIN
partc001,Partch,Curtis,R,R,CIN
paulx001,Paul,Xavier,L,R,CIN
philb001,Phillips,Brandon,R,R,CIN
reyng001,Reynolds,Greg,R,R,CIN
robid002,Robinson,Derrick,B,L,CIN
rodrh003,Rodriguez,Henry,B,R,CIN
simoa001,Simon,Alfredo,R,R,CIN
soton001,Soto,Neftali,R,R,CIN
villp001,Villarreal,Pedro,R,R,CIN
vottj001,Votto,Joey,L,R,CIN
albem001,Albers,Matt,L,R,CLE
allec002,Allen,Cody,R,R,CLE
avilm001,Aviles,Mike,R,R,CLE
barns002,Barnes,Scott,L,L,CLE
bauet001,Bauer,Trevor,R,R,CLE
bourm001,Bourn,Michael,L,R,CLE
branm003,Brantley,Michael,L,L,CLE
cabra002,Cabrera,Asdrubal,B,R,CLE
carrc003,Carrasco,Carlos,R,R,CLE
carre001,Carrera,Ezequiel,L,L,CLE
carsm001,Carson,Matt,R,R,CLE
chisl001,Chisenhall,Lonnie,L,R,CLE
giamj001,Giambi,Jason,L,R,CLE
gomey001,Gomes,Yan,R,R,CLE
guilp001,Guilmet,Preston,R,R,CLE
hagan001,Hagadone,Nick,L,L,CLE
hillr001,Hill,Rich,L,L,CLE
huffd001,Huff,David,B,L,CLE
jimeu001,Jimenez,Ubaldo,R,R,CLE
kazms001,Kazmir,Scott,L,L,CLE
kipnj001,Kipnis,Jason,L,R,CLE
klubc001,Kluber,Corey,R,R,CLE
kubej002,Kubel,Jason,L,R,CLE
langm002,Langwell,Matt,R,R,CLE
lee-c004,Lee,C.C.,R,R,CLE
marsl001,Marson,Lou,R,R,CLE
martj004,Martinez,Joe,L,R,CLE
mastj001,Masterson,Justin,R,R,CLE
mcalz001,McAllister,Zach,R,R,CLE
mcdoj003,McDonald,John,R,R,CLE
myerb001,Myers,Brett,R,R,CLE
perec002,Perez,Chris,R,R,CLE
pestv001,Pestano,Vinnie,R,R,CLE
phelc001,Phelps,Cord,B,R,CLE
rabur001,Raburn,Ryan,R,R,CLE
ramij003,Ramirez,Jose,B,R,CLE
rapac001,Rapada,Clay,R,L,CLE
reynm001,Reynolds,Mark,R,R,CLE
rzepm001,Rzepczynski,Marc,L,L,CLE
salad001,Salazar,Danny,L,R,CLE
santc002,Santana,Carlos,B,R,CLE
santo001,Santos,Omir,R,R,CLE
shawb001,Shaw,Bryan,B,R,CLE
shopk001,Shoppach,Kelly,R,R,CLE
smitj002,Smith,Joe,R,R,CLE
stubd001,Stubbs,Drew,R,R,CLE
swisn001,Swisher,Nick,B,L,CLE
tomlj001,Tomlin,Josh,R,R,CLE
woodb004,Wood,Blake,R,R,CLE
arenn001,Arenado,Nolan,R,R,COL
belim001,Belisle,Matt,R,R,COL
betar001,Betancourt,Rafael,R,R,COL
bettc001,Bettis,Chad,R,R,COL
blacc001,Blackmon,Charlie,L,L,COL
boggm001,Boggs,Mitchell,R,R,COL
brigr001,Brignac,Reid,L,R,COL
brotr001,Brothers,Rex,L,L,COL
chacj001,Chacin,Jhoulys,R,R,COL
chatt001,Chatwood,Tyler,R,R,COL
colvt001,Colvin,Tyler,L,L,COL
corpm001,Corpas,Manuel,R,R,COL
cuddm001,Cuddyer,Michael,R,R,COL
culbc001,Culberson,Charlie,R,R,COL
delaj001,de la Rosa,Jorge,L,L,COL
dickc002,Dickerson,Corey,L,R,COL
escae001,Escalona,Edgmer,R,R,COL
fowld001,Fowler,Dexter,B,R,COL
franj003,Francis,Jeff,L,L,COL
garlj001,Garland,Jon,R,R,COL
gonzc001,Gonzalez,Carlos,L,L,COL
heltt001,Helton,Todd,L,L,COL
herrj002,Herrera,Jonathan,B,R,COL
kensl001,Kensing,Logan,R,R,COL
lemad001,LeMahieu,DJ,R,R,COL
lopew001,Lopez,Wilton,R,R,COL
mansj001,Manship,Jeff,R,R,COL
mchuc001,McHugh,Collin,R,R,COL
nelsc001,Nelson,Chris,R,R,COL
nicaj001,Nicasio,Juan,R,R,COL
oswar001,Oswalt,Roy,R,R,COL
ottaa001,Ottavino,Adam,L,R,COL
outmj001,Outman,Josh,L,L,COL
pachj001,Pacheco,Jordan,R,R,COL
pomed001,Pomeranz,Drew,R,L,COL
rosaw001,Rosario,Wilin,R,R,COL
rutlj001,Rutledge,Josh,R,R,COL
scahr001,Scahill,Rob,L,R,COL
torry001,Torrealba,Yorvit,R,R,COL
tulot001,Tulowitzki,Troy,R,R,COL
volsc001,Volstad,Chris,R,R,COL
wheer001,Wheeler,Ryan,L,R,COL
youne003,Young,Eric,B,R,COL
albua001,Alburquerque,Al,R,R,DET
alvaj003,Alvarez,Jose,L,L,DET
avila001,Avila,Alex,L,R,DET
benoj001,Benoit,Joaquin,R,R,DET
bondj001,Bonderman,Jeremy,R,R,DET
cabrm001,Cabrera,Miguel,R,R,DET
castn001,Castellanos,Nick,R,R,DET
cokep001,Coke,Phil,L,L,DET
dirka001,Dirks,Andy,L,L,DET
doteo001,Dotel,Octavio,R,R,DET
downd001,Downs,Darin,R,L,DET
fielp001,Fielder,Prince,L,R,DET
fistd001,Fister,Doug,L,R,DET
garca003,Garcia,Avisail,R,R,DET
holab001,Holaday,Bryan,R,R,DET
huntt001,Hunter,Torii,R,R,DET
iglej001,Iglesias,Jose,R,R,DET
infao001,Infante,Omar,R,R,DET
jacka001,Jackson,Austin,R,R,DET
kelld001,Kelly,Don,L,R,DET
martv001,Martinez,Victor,B,R,DET
ortej001,Ortega,Jose,R,R,DET
penab002,Pena,Brayan,B,R,DET
peraj001,Peralta,Jhonny,R,R,DET
pereh001,Perez,Hernan,R,R,DET
porcr001,Porcello,Rick,R,R,DET
putkl001,Putkonen,Luke,R,R,DET
reede002,Reed,Evan,R,R,DET
rondb001,Rondon,Bruce,R,R,DET
sanca004,Sanchez,Anibal,R,R,DET
santr002,Santiago,Ramon,B,R,DET
schem001,Scherzer,Max,R,R,DET
smyld001,Smyly,Drew,L,L,DET
tuiam001,Tuiasosopo,Matt,R,R,DET
valvj001,Valverde,Jose,R,R,DET
veraj001,Veras,Jose,R,R,DET
verlj001,Verlander,Justin,R,R,DET
villb002,Villarreal,Brayan,R,R,DET
wortd001,Worth,Danny,R,R,DET
altuj001,Altuve,Jose,R,R,HOU
ambrh001,Ambriz,Hector,L,R,HOU
ankir001,Ankiel,Rick,L,L,HOU
barnb002,Barnes,Brandon,R,R,HOU
bedae001,Bedard,Erik,L,L,HOU
blact001,Blackley,Travis,L,L,HOU
cartc002,Carter,Chris,R,R,HOU
castj006,Castro,Jason,L,R,HOU
ceder002,Cedeno,Ronny,R,R,HOU
cedex001,Cedeno,Xavier,L,L,HOU
chapk002,Chapman,Kevin,L,L,HOU
cisnj001,Cisnero,Jose,R,R,HOU
clarc001,Clark,Cody,R,R,HOU
clemp002,Clemens,Paul,R,R,HOU
corpc001,Corporan,Carlos,B,R,HOU
cosaj001,Cosart,Jarred,R,R,HOU
crowt001,Crowe,Trevor,B,R,HOU
cruzr001,Cruz,Rhiner,R,R,HOU
delej002,de Leon,Jorge,R,R,HOU
domim001,Dominguez,Matt,R,R,HOU
elmoj001,Elmore,Jake,R,R,HOU
fielj002,Fields,Josh,R,R,HOU
gonze001,Gonzalez,Edgar,R,R,HOU
gonzm002,Gonzalez,Marwin,B,R,HOU
grosr001,Grossman,Robbie,B,L,HOU
harrl002,Harrell,Lucas,B,R,HOU
hoesl001,Hoes,L.J.,R,R,HOU
humbp001,Humber,Philip,R,R,HOU
keucd001,Keuchel,Dallas,L,L,HOU
kraum001,Krauss,Marc,L,R,HOU
lairb001,Laird,Brandon,R,R,HOU
leblw001,LeBlanc,Wade,L,L,HOU
lo--c001,Lo,Chia-Jen,R,R,HOU
lylej001,Lyles,Jordan,R,R,HOU
martd005,Martinez,David,R,R,HOU
martf002,Martinez,Fernando,L,R,HOU
martj006,Martinez,J.D.,R,R,HOU
maxwj002,Maxwell,Justin,R,R,HOU
norrb001,Norris,Bud,R,R,HOU
oberb001,Oberholtzer,Brett,L,L,HOU
pagnm001,Pagnozzi,Matt,R,R,HOU
parej002,Paredes,Jimmy,B,R,HOU
peacb001,Peacock,Brad,R,R,HOU
penac001,Pena,Carlos,L,L,HOU
stasm001,Stassi,Max,R,R,HOU
veraj001,Veras,Jose,R,R,HOU
villj001,Villar,Jonathan,B,R,HOU
wallb001,Wallace,Brett,L,R,HOU
wrigw001,Wright,Wesley,R,L,HOU
zeidj001,Zeid,Josh,R,R,HOU
bonie001,Bonifacio,Emilio,B,R,KCA
buenf001,Bueno,Francisley,L,L,KCA
butlb003,Butler,Billy,R,R,KCA
cainl001,Cain,Lorenzo,R,R,KCA
carrj001,Carroll,Jamey,R,R,KCA
chenb001,Chen,Bruce,L,L,KCA
cirip001,Ciriaco,Pedro,R,R,KCA
colel001,Coleman,Louis,R,R,KCA
collt001,Collins,Tim,L,L,KCA
crowa001,Crow,Aaron,R,R,KCA
daviw001,Davis,Wade,R,R,KCA
duffd001,Duffy,Danny,L,L,KCA
dwyec001,Dwyer,Chris,R,L,KCA
dysoj001,Dyson,Jarrod,L,R,KCA
escoa003,Escobar,Alcides,R,R,KCA
falui001,Falu,Irving,B,R,KCA
franj004,Francoeur,Jeff,R,R,KCA
getzc001,Getz,Chris,L,R,KCA
giavj001,Giavotella,Johnny,R,R,KCA
gorda001,Gordon,Alex,L,R,KCA
guthj001,Guthrie,Jeremy,R,R,KCA
gutij002,Gutierrez,Juan,R,R,KCA
hayeb001,Hayes,Brett,R,R,KCA
herrk001,Herrera,Kelvin,R,R,KCA
hochl001,Hochevar,Luke,R,R,KCA
hollg001,Holland,Greg,R,R,KCA
hosme001,Hosmer,Eric,L,L,KCA
johne002,Johnson,Elliot,B,R,KCA
josed001,Joseph,Donnie,L,L,KCA
kottg001,Kottaras,George,L,R,KCA
lougd001,Lough,David,L,L,KCA
maxwj002,Maxwell,Justin,R,R,KCA
mendl001,Mendoza,Luis,R,R,KCA
moora001,Moore,Adam,R,R,KCA
mousm001,Moustakas,Mike,L,R,KCA
penac001,Pena,Carlos,L,L,KCA
peres002,Perez,Salvador,R,R,KCA
sante001,Santana,Ervin,R,R,KCA
shiej002,Shields,James,R,R,KCA
smitw002,Smith,Will,R,L,KCA
teafe001,Teaford,Everett,L,L,KCA
tejam001,Tejada,Miguel,R,R,KCA
venty001,Ventura,Yordano,R,R,KCA
beckj002,Beckett,Josh,R,R,LAN
belir001,Belisario,Ronald,R,R,LAN
billc001,Billingsley,Chad,R,R,LAN
bussn001,Buss,Nick,L,R,LAN
buted001,Butera,Drew,R,R,LAN
capuc001,Capuano,Chris,L,L,LAN
casta003,Castellanos,Alex,R,R,LAN
crawc002,Crawford,Carl,L,L,LAN
cruzl001,Cruz,Luis,R,R,LAN
domij002,Dominguez,Jose,R,R,LAN
ellia001,Ellis,A.J.,R,R,LAN
ellim001,Ellis,Mark,R,R,LAN
ethia001,Ethier,Andre,L,L,LAN
fedet001,Federowicz,Tim,R,R,LAN
fifes001,Fife,Stephen,R,R,LAN
garco001,Garcia,Onelki,L,L,LAN
gonza003,Gonzalez,Adrian,L,L,LAN
gordd002,Gordon,Dee,L,R,LAN
greiz001,Greinke,Zack,R,R,LAN
guerj002,Guerra,Javy,R,R,LAN
guerm001,Guerrier,Matt,R,R,LAN
hairj002,Hairston,Jerry,R,R,LAN
hernr002,Hernandez,Ramon,R,R,LAN
herre001,Herrera,Elian,B,R,LAN
howej003,Howell,J.P.,L,L,LAN
jansk001,Jansen,Kenley,B,R,LAN
kempm001,Kemp,Matt,R,R,LAN
kersc001,Kershaw,Clayton,L,L,LAN
leagb001,League,Brandon,R,R,LAN
lillt001,Lilly,Ted,L,L,LAN
magim001,Magill,Matt,R,R,LAN
marmc001,Marmol,Carlos,R,R,LAN
moylp001,Moylan,Peter,R,R,LAN
nolar001,Nolasco,Ricky,R,R,LAN
puigy001,Puig,Yasiel,R,R,LAN
puntn001,Punto,Nick,B,R,LAN
ramih003,Ramirez,Hanley,R,R,LAN
rodrp001,Rodriguez,Paco,L,L,LAN
ryu-h001,Ryu,Hyun-Jin,R,L,LAN
schus001,Schumaker,Skip,L,R,LAN
sellj002,Sellers,Justin,R,R,LAN
tolls002,Tolleson,Shawn,R,R,LAN
uribj002,Uribe,Juan,R,R,LAN
vanss001,Van Slyke,Scott,R,R,LAN
volqe001,Volquez,Edinson,R,R,LAN
wallj002,Wall,Josh,R,R,LAN
wilsb001,Wilson,Brian,R,R,LAN
withc001,Withrow,Chris,R,R,LAN
younm003,Young,Michael,R,R,LAN
alvah001,Alvarez,Henderson,R,R,MIA
amess001,Ames,Steve,R,R,MIA
belod001,Below,Duane,L,L,MIA
branr002,Brantly,Rob,L,R,MIA
browj006,Brown,Jordan,L,L,MIA
camia001,Caminero,Arquimedes,R,R,MIA
cishs001,Cishek,Steve,R,R,MIA
coghc001,Coghlan,Chris,L,R,MIA
diazm003,Diaz,Matt,R,R,MIA
dietd001,Dietrich,Derek,L,R,MIA
dobbg001,Dobbs,Greg,L,R,MIA
dunnm002,Dunn,Michael,L,L,MIA
dysos001,Dyson,Sam,R,R,MIA
eovan001,Eovaldi,Nathan,R,R,MIA
fernj003,Fernandez,Jose,R,R,MIA
flynb001,Flynn,Brian,L,L,MIA
green001,Green,Nick,R,R,MIA
handb001,Hand,Brad,L,L,MIA
hatcc002,Hatcher,Chris,B,R,MIA
hecha001,Hechavarria,Adeiny,R,R,MIA
hillk002,Hill,Koyie,B,R,MIA
jennd003,Jennings,Dan,L,L,MIA
keara001,Kearns,Austin,R,R,MIA
koeht001,Koehler,Tom,R,R,MIA
kotcc001,Kotchman,Casey,L,L,MIA
leblw001,LeBlanc,Wade,L,L,MIA
lucae001,Lucas,Ed,R,R,MIA
mahoj001,Mahoney,Joe,L,L,MIA
mainj001,Maine,John,R,R,MIA
marij002,Marisnick,Jake,R,R,MIA
mathj001,Mathis,Jeff,R,R,MIA
morrl001,Morrison,Logan,L,L,MIA
nolar001,Nolasco,Ricky,R,R,MIA
olivm001,Olivo,Miguel,R,R,MIA
olmoe001,Olmos,Edgar,L,L,MIA
ozunm001,Ozuna,Marcell,R,R,MIA
philz001,Phillips,Zach,L,L,MIA
pierj002,Pierre,Juan,L,L,MIA
polap001,Polanco,Placido,R,R,MIA
qualc001,Qualls,Chad,R,R,MIA
ramoa001,Ramos,A.J.,R,R,MIA
raucj001,Rauch,Jon,R,R,MIA
ruggj001,Ruggiano,Justin,R,R,MIA
sanaa001,Sanabia,Alex,R,R,MIA
skipk001,Skipworth,Kyle,L,R,MIA
slowk001,Slowey,Kevin,R,R,MIA
solad001,Solano,Donovan,R,R,MIA
stanm004,Stanton,Giancarlo,R,R,MIA
turnj002,Turner,Jacob,R,R,MIA
valac001,Valaika,Chris,R,R,MIA
velag002,Velazquez,Gil,R,R,MIA
webbr001,Webb,Ryan,R,R,MIA
yelic001,Yelich,Christian,L,R,MIA
aokin001,Aoki,Nori,L,R,MIL
axfoj001,Axford,John,R,R,MIL
badeb001,Badenhop,Burke,R,R,MIL
betay001,Betancourt,Yuniesky,R,R,MIL
bianj001,Bianchi,Jeff,R,R,MIL
blazm001,Blazek,Michael,R,R,MIL
braur002,Braun,Ryan,R,R,MIL
burgh001,Burgos,Hiram,R,R,MIL
davik003,Davis,Khris,R,R,MIL
estrm001,Estrada,Marco,R,R,MIL
fierm001,Fiers,Michael,R,R,MIL
figaa001,Figaro,Alfredo,R,R,MIL
franj005,Francisco,Juan,L,R,MIL
gally001,Gallardo,Yovani,R,R,MIL
genns001,Gennett,Scooter,L,R,MIL
gindc001,Gindl,Caleb,L,L,MIL
gomec002,Gomez,Carlos,R,R,MIL
gonza002,Gonzalez,Alex,R,R,MIL
gonzm001,Gonzalez,Mike,R,L,MIL
gorzt001,Gorzelanny,Tom,L,L,MIL
halts002,Halton,Sean,R,R,MIL
handd001,Hand,Donovan,R,R,MIL
hellj002,Hellweg,Johnny,R,R,MIL
hendj001,Henderson,Jim,L,R,MIL
kintb001,Kintzler,Brandon,R,R,MIL
lallb001,Lalli,Blake,L,R,MIL
lohsk001,Lohse,Kyle,R,R,MIL
lucrj001,Lucroy,Jonathan,R,R,MIL
maldm001,Maldonado,Martin,R,R,MIL
narvc001,Narveson,Chris,L,L,MIL
nelsj004,Nelson,Jimmy,R,R,MIL
peraw001,Peralta,Wily,R,R,MIL
prinj001,Prince,Josh,R,R,MIL
ramia001,Ramirez,Aramis,R,R,MIL
rodrf003,Rodriguez,Francisco,R,R,MIL
schal001,Schafer,Logan,L,L,MIL
seguj002,Segura,Jean,R,R,MIL
thort001,Thornburg,Tyler,R,R,MIL
weekr001,Weeks,Rickie,R,R,MIL
wootr001,Wooten,Rob,R,R,MIL
albea001,Albers,Andrew,R,L,MIN
arcio001,Arcia,Oswaldo,L,R,MIN
bernd001,Bernier,Doug,R,R,MIN
burtj001,Burton,Jared,R,R,MIN
buted001,Butera,Drew,R,R,MIN
carrj001,Carroll,Jamey,R,R,MIN
colac001,Colabello,Chris,R,R,MIN
corrk001,Correia,Kevin,R,R,MIN
dedus001,Deduno,Samuel,R,R,MIN
devrc001,De Vries,Cole,R,R,MIN
diams001,Diamond,Scott,L,L,MIN
doumr001,Doumit,Ryan,B,R,MIN
dozib001,Dozier,Brian,R,R,MIN
duenb001,Duensing,Brian,L,L,MIN
escoe001,Escobar,Eduardo,B,R,MIN
fienc001,Fien,Casey,R,R,MIN
florp001,Florimon,Pedro,B,R,MIN
fryee001,Fryer,Eric,R,R,MIN
gibsk002,Gibson,Kyle,R,R,MIN
hendl001,Hendriks,Liam,R,R,MIN
hernp001,Hernandez,Pedro,L,L,MIN
herrc001,Herrmann,Chris,L,R,MIN
hicka001,Hicks,Aaron,B,R,MIN
marts001,Martis,Shairon,R,R,MIN
mastd002,Mastroianni,Darin,R,R,MIN
mauej001,Mauer,Joe,L,R,MIN
mornj001,Morneau,Justin,L,R,MIN
parmc001,Parmelee,Chris,L,L,MIN
pelfm001,Pelfrey,Mike,R,R,MIN
perkg001,Perkins,Glen,L,L,MIN
pintj001,Pinto,Josmil,R,R,MIN
plout001,Plouffe,Trevor,R,R,MIN
presa001,Presley,Alex,L,L,MIN
presr001,Pressly,Ryan,R,R,MIN
ramiw001,Ramirez,Wilkin,R,R,MIN
robet001,Robertson,Tyler,L,L,MIN
roenj001,Roenicke,Josh,R,R,MIN
swara001,Swarzak,Anthony,R,R,MIN
thiec001,Thielbar,Caleb,R,L,MIN
thomc002,Thomas,Clete,L,R,MIN
tonkm001,Tonkin,Michael,R,R,MIN
waltp001,Walters,P.J.,R,R,MIN
willj004,Willingham,Josh,R,R,MIN
worlv001,Worley,Vance,R,R,MIN
adamd001,Adams,David,R,R,NYA
almoz001,Almonte,Zoilo,B,R,NYA
betad001,Betances,Dellin,R,R,NYA
boesb001,Boesch,Brennan,L,L,NYA
bootc001,Bootcheck,Chris,R,R,NYA
brigr001,Brignac,Reid,L,R,NYA
cabrc001,Cabral,Cesar,L,L,NYA
canor001,Cano,Robinson,L,R,NYA
cervf001,Cervelli,Francisco,R,R,NYA
chamj002,Chamberlain,Joba,R,R,NYA
claip001,Claiborne,Preston,R,R,NYA
cruzl001,Cruz,Luis,R,R,NYA
dalem002,Daley,Matt,R,R,NYA
epplc001,Eppley,Cody,R,R,NYA
franb001,Francisco,Ben,R,R,NYA
gardb001,Gardner,Brett,L,L,NYA
gonza005,Gonzalez,Alberto,R,R,NYA
granc001,Granderson,Curtis,L,R,NYA
hafnt001,Hafner,Travis,L,R,NYA
huffd001,Huff,David,B,L,NYA
hughp001,Hughes,Phil,R,R,NYA
ishit001,Ishikawa,Travis,L,L,NYA
jeted001,Jeter,Derek,R,R,NYA
josec001,Joseph,Corban,L,R,NYA
kells001,Kelley,Shawn,R,R,NYA
kuroh001,Kuroda,Hiroki,R,R,NYA
lillb001,Lillibridge,Brent,R,R,NYA
logab001,Logan,Boone,R,L,NYA
marsb001,Marshall,Brett,R,R,NYA
mesam001,Mesa,Melky,R,R,NYA
millj005,Miller,Jim,R,R,NYA
murpj001,Murphy,John Ryan,R,R,NYA
nealt001,Neal,Thomas,R,R,NYA
nelsc001,Nelson,Chris,R,R,NYA
nix-j001,Nix,Jayson,R,R,NYA
novai001,Nova,Ivan,R,R,NYA
nunee002,Nunez,Eduardo,R,R,NYA
nunov001,Nuno,Vidal,L,L,NYA
overl001,Overbay,Lyle,L,L,NYA
petta001,Pettitte,Andy,L,L,NYA
pheld001,Phelps,David,R,R,NYA
reynm001,Reynolds,Mark,R,R,NYA
rivem002,Rivera,Mariano,R,R,NYA
robed002,Robertson,David,R,R,NYA
rodra001,Rodriguez,Alex,R,R,NYA
romia002,Romine,Austin,R,R,NYA
ryanb002,Ryan,Brendan,R,R,NYA
sabac001,Sabathia,CC,L,L,NYA
soria001,Soriano,Alfonso,R,R,NYA
stewc001,Stewart,Chris,R,R,NYA
suzui001,Suzuki,Ichiro,L,R,NYA
teixm001,Teixeira,Mark,B,R,NYA
warra001,Warren,Adam,R,R,NYA
wellv001,Wells,Vernon,R,R,NYA
youkk001,Youkilis,Kevin,R,R,NYA
zagum001,Zagurski,Mike,L,L,NYA
aardd001,Aardsma,David,R,R,NYN
ankir001,Ankiel,Rick,L,L,NYN
atchs001,Atchison,Scott,R,R,NYN
baxtm001,Baxter,Mike,L,R,NYN
blacv001,Black,Vic,R,R,NYN
browa003,Brown,Andrew,R,R,NYN
buckj001,Buck,John,R,R,NYN
burkg001,Burke,Greg,R,R,NYN
byrdm001,Byrd,Marlon,R,R,NYN
byrdt001,Byrdak,Tim,L,L,NYN
carsr001,Carson,Robert,L,L,NYN
centj001,Centeno,Juan,L,R,NYN
cowgc001,Cowgill,Collin,R,L,NYN
darnt001,d'Arnaud,Travis,R,R,NYN
davii001,Davis,Ike,L,L,NYN
dendm001,den Dekker,Matt,L,L,NYN
dudal001,Duda,Lucas,L,R,NYN
edgij001,Edgin,Josh,R,L,NYN
famij001,Familia,Jeurys,R,R,NYN
felip002,Feliciano,Pedro,L,L,NYN
florw001,Flores,Wilmer,R,R,NYN
franf001,Francisco,Frank,R,R,NYN
gee-d001,Gee,Dillon,R,R,NYN
germg001,Germen,Gonzalez,R,R,NYN
haraa001,Harang,Aaron,R,R,NYN
harvm001,Harvey,Matt,R,R,NYN
hawkl001,Hawkins,LaTroy,R,R,NYN
hefnj001,Hefner,Jeremy,R,R,NYN
henns001,Henn,Sean,R,L,NYN
laffa001,Laffey,Aaron,L,L,NYN
lagaj001,Lagares,Juan,R,R,NYN
lutzz001,Lutz,Zach,R,R,NYN
lyonb003,Lyon,Brandon,R,R,NYN
marcs001,Marcum,Shaun,R,R,NYN
matsd001,Matsuzaka,Daisuke,R,R,NYN
mchuc001,McHugh,Collin,R,R,NYN
mejij001,Mejia,Jenrry,R,R,NYN
murpd006,Murphy,Daniel,L,R,NYN
niesj001,Niese,Jon,L,L,NYN
nieuk001,Nieuwenhuis,Kirk,L,R,NYN
parnb001,Parnell,Bobby,R,R,NYN
quino001,Quintanilla,Omar,L,R,NYN
recka001,Recker,Anthony,R,R,NYN
rices001,Rice,Scott,L,L,NYN
satij001,Satin,Josh,R,R,NYN
tejar001,Tejada,Ruben,R,R,NYN
torrc001,Torres,Carlos,R,R,NYN
tovaw001,Tovar,Wilfredo,R,R,NYN
turnj001,Turner,Justin,R,R,NYN
valdj002,Valdespin,Jordany,L,R,NYN
wheez001,Wheeler,Zack,L,R,NYN
wrigd002,Wright,David,R,R,NYN
youne003,Young,Eric,B,R,NYN
andeb004,Anderson,Brett,L,L,OAK
balfg001,Balfour,Grant,R,R,OAK
bartd001,Barton,Daric,L,R,OAK
blevj001,Blevins,Jerry,L,L,OAK
calla001,Callaspo,Alberto,B,R,OAK
cespy001,Cespedes,Yoenis,R,R,OAK
chavj001,Chavez,Jesse,R,R,OAK
choim001,Choice,Michael,R,R,OAK
colob001,Colon,Bartolo,R,R,OAK
cookr001,Cook,Ryan,R,R,OAK
crisc001,Crisp,Coco,B,R,OAK
donaj001,Donaldson,Josh,R,R,OAK
dools001,Doolittle,Sean,L,L,OAK
figup001,Figueroa,Pedro,L,L,OAK
frein001,Freiman,Nate,R,R,OAK
grays001,Gray,Sonny,R,R,OAK
greeg002,Green,Grant,R,R,OAK
grifa002,Griffin,A.J.,R,R,OAK
jasoj001,Jaso,John,L,R,OAK
lowrj001,Lowrie,Jed,B,R,OAK
milot001,Milone,Tom,L,L,OAK
montl002,Montz,Luke,R,R,OAK
mossb001,Moss,Brandon,L,R,OAK
neshp001,Neshek,Pat,B,R,OAK
norrd001,Norris,Derek,R,R,OAK
okajh001,Okajima,Hideki,L,L,OAK
oterd001,Otero,Dan,R,R,OAK
parkj001,Parker,Jarrod,R,R,OAK
parra001,Parrino,Andy,B,R,OAK
petes002,Peterson,Shane,L,L,OAK
reddj001,Reddick,Josh,L,R,OAK
resoc001,Resop,Chris,R,R,OAK
rosaa001,Rosales,Adam,R,R,OAK
scrie001,Scribner,Evan,R,R,OAK
sizes001,Sizemore,Scott,R,R,OAK
smits002,Smith,Seth,L,L,OAK
sogae001,Sogard,Eric,L,R,OAK
strad003,Straily,Dan,R,R,OAK
suzuk001,Suzuki,Kurt,R,R,OAK
taylm001,Taylor,Michael,R,R,OAK
vogts001,Vogt,Stephen,L,R,OAK
weekj001,Weeks,Jemile,B,R,OAK
wellc001,Wells,Casper,R,R,OAK
younc004,Young,Chris,R,R,OAK
adamm001,Adams,Mike,R,R,PHI
aschc001,Asche,Cody,L,R,PHI
aumop001,Aumont,Phillippe,L,R,PHI
basta001,Bastardo,Antonio,R,L,PHI
bernr001,Bernadina,Roger,L,L,PHI
browd004,Brown,Domonic,L,L,PHI
carre001,Carrera,Ezequiel,L,L,PHI
cloyt001,Cloyd,Tyler,R,R,PHI
defrj001,De Fratus,Justin,B,R,PHI
diekj001,Diekman,Jake,L,L,PHI
durbc001,Durbin,Chad,R,R,PHI
frank001,Frandsen,Kevin,R,R,PHI
galvf001,Galvis,Freddy,B,R,PHI
garcl005,Garcia,Luis,R,R,PHI
hallr001,Halladay,Roy,R,R,PHI
hamec001,Hamels,Cole,L,L,PHI
hernc005,Hernandez,Cesar,B,R,PHI
horsj001,Horst,Jeremy,L,L,PHI
howar001,Howard,Ryan,L,L,PHI
jimec002,Jimenez,Cesar,L,L,PHI
kendk001,Kendrick,Kyle,R,R,PHI
krate001,Kratz,Erik,R,R,PHI
lannj001,Lannan,John,L,L,PHI
lee-c003,Lee,Cliff,L,L,PHI
lerus001,Lerud,Steven,L,R,PHI
marte002,Martin,Ethan,R,R,PHI
martm003,Martinez,Michael,B,R,PHI
maybj001,Mayberry,John,R,R,PHI
mcdoj003,McDonald,John,R,R,PHI
minez001,Miner,Zach,R,R,PHI
nix-l001,Nix,Laynce,L,L,PHI
orr-p001,Orr,Pete,L,R,PHI
papej001,Papelbon,Jonathan,R,R,PHI
pettj001,Pettibone,Jonathan,L,R,PHI
quinh001,Quintero,Humberto,R,R,PHI
ramij002,Ramirez,J.C.,R,R,PHI
reveb001,Revere,Ben,L,R,PHI
roblm001,Robles,Mauricio,L,L,PHI
rollj001,Rollins,Jimmy,B,R,PHI
roseb003,Rosenberg,B.J.,R,R,PHI
ruf-d001,Ruf,Darin,R,R,PHI
ruizc001,Ruiz,Carlos,R,R,PHI
ruppc001,Rupp,Cameron,R,R,PHI
savej001,Savery,Joe,L,L,PHI
stutm001,Stutes,Michael,R,R,PHI
susds001,Susdorf,Steve,L,L,PHI
utlec001,Utley,Chase,L,R,PHI
valdr002,Valdes,Raul,L,L,PHI
wellc001,Wells,Casper,R,R,PHI
yound003,Young,Delmon,R,R,PHI
younm003,Young,Michael,R,R,PHI
alvap001,Alvarez,Pedro,L,R,PIT
barmc001,Barmes,Clint,R,R,PIT
blacv001,Black,Vic,R,R,PIT
buckj001,Buck,John,R,R,PIT
burna001,Burnett,A.J.,R,R,PIT
byrdm001,Byrd,Marlon,R,R,PIT
coleg001,Cole,Gerrit,R,R,PIT
contj002,Contreras,Jose,R,R,PIT
cumpb001,Cumpton,Brandon,R,R,PIT
farnk001,Farnsworth,Kyle,R,R,PIT
gomej002,Gomez,Jeanmar,R,R,PIT
grilj001,Grilli,Jason,R,R,PIT
harrj002,Harrison,Josh,R,R,PIT
hughj001,Hughes,Jared,R,R,PIT
ingeb001,Inge,Brandon,R,R,PIT
irwip001,Irwin,Phil,R,R,PIT
johnk004,Johnson,Kris,L,L,PIT
joneg002,Jones,Garrett,L,L,PIT
lamba001,Lambo,Andrew,L,L,PIT
leroc001,Leroux,Chris,L,R,PIT
lirif001,Liriano,Francisco,L,L,PIT
lockj001,Locke,Jeff,L,L,PIT
martr004,Martin,Russell,R,R,PIT
marts002,Marte,Starling,R,R,PIT
mazzv001,Mazzaro,Vin,R,R,PIT
mccua001,McCutchen,Andrew,R,R,PIT
mcdoj003,McDonald,John,R,R,PIT
mcdoj004,McDonald,James,L,R,PIT
mckem001,McKenry,Michael,R,R,PIT
melam001,Melancon,Mark,R,R,PIT
mercj002,Mercer,Jordy,R,R,PIT
mornj001,Morneau,Justin,L,R,PIT
morrb002,Morris,Bryan,L,R,PIT
mortc002,Morton,Charlie,R,R,PIT
pie-f001,Pie,Felix,L,L,PIT
pimes001,Pimentel,Stolmy,R,R,PIT
presa001,Presley,Alex,L,L,PIT
reidr001,Reid,Ryan,L,R,PIT
rodrw002,Rodriguez,Wandy,B,L,PIT
sancg001,Sanchez,Gaby,R,R,PIT
sancj002,Sanchez,Jonathan,L,L,PIT
sanct001,Sanchez,Tony,R,R,PIT
snidt001,Snider,Travis,L,L,PIT
tabaj002,Tabata,Jose,R,R,PIT
walkn001,Walker,Neil,B,R,PIT
watst001,Watson,Tony,L,L,PIT
welkd001,Welker,Duke,L,R,PIT
wilsj004,Wilson,Justin,L,L,PIT
zagum001,Zagurski,Mike,L,L,PIT
alony001,Alonso,Yonder,L,R,SDN
amara001,Amarista,Alexi,L,R,SDN
bakej002,Baker,John,L,R,SDN
bassa001,Bass,Anthony,R,R,SDN
blank002,Blanks,Kyle,R,R,SDN
boxbb001,Boxberger,Brad,R,R,SDN
bracb001,Brach,Brad,R,R,SDN
cabre001,Cabrera,Everth,B,R,SDN
casha001,Cashner,Andrew,R,R,SDN
ceder002,Cedeno,Ronny,R,R,SDN
cirip001,Ciriaco,Pedro,R,R,SDN
deckj001,Decker,Jaff,L,L,SDN
denoc001,Denorfia,Chris,R,R,SDN
erlir001,Erlin,Robbie,R,L,SDN
forsl001,Forsythe,Logan,R,R,SDN
fuenr001,Fuentes,Reymond,L,L,SDN
grany001,Grandal,Yasmani,B,R,SDN
gregl001,Gregerson,Luke,L,R,SDN
guzmj005,Guzman,Jesus,R,R,SDN
gyorj001,Gyorko,Jedd,R,R,SDN
headc001,Headley,Chase,B,R,SDN
hundn001,Hundley,Nick,R,R,SDN
hynec001,Hynes,Colt,L,L,SDN
kenni001,Kennedy,Ian,R,R,SDN
kotsm001,Kotsay,Mark,L,L,SDN
laynt001,Layne,Tom,L,L,SDN
marqj001,Marquis,Jason,L,R,SDN
maybc001,Maybin,Cameron,R,R,SDN
medit001,Medica,Tommy,R,R,SDN
mikom001,Mikolas,Miles,R,R,SDN
osuls001,O'Sullivan,Sean,R,R,SDN
quenc001,Quentin,Carlos,R,R,SDN
ransc001,Ransom,Cody,R,R,SDN
richc002,Richard,Clayton,L,L,SDN
river003,Rivera,Rene,R,R,SDN
robic002,Robinson,Chris,R,R,SDN
rosst001,Ross,Tyson,R,R,SDN
smitb005,Smith,Burch,R,R,SDN
staut001,Stauffer,Tim,R,R,SDN
streh001,Street,Huston,R,R,SDN
stule002,Stults,Eric,L,L,SDN
thatj001,Thatcher,Joe,L,L,SDN
thayd001,Thayer,Dale,R,R,SDN
venaw001,Venable,Will,L,L,SDN
vincn001,Vincent,Nick,R,R,SDN
volqe001,Volquez,Edinson,R,R,SDN
webet001,Weber,Thad,R,R,SDN
ackld001,Ackley,Dustin,L,R,SEA
almoa001,Almonte,Abraham,B,R,SEA
andir001,Andino,Robert,R,R,SEA
bantb001,Bantz,Brandon,R,R,SEA
bay-j001,Bay,Jason,R,R,SEA
beavb001,Beavan,Blake,R,R,SEA
blanh001,Blanco,Henry,R,R,SEA
bondj001,Bonderman,Jeremy,R,R,SEA
cappc001,Capps,Carter,R,R,SEA
chave002,Chavez,Endy,L,L,SEA
farqd001,Farquhar,Danny,R,R,SEA
frann001,Franklin,Nick,B,R,SEA
furbc001,Furbush,Charlie,L,L,SEA
gutif001,Gutierrez,Franklin,R,R,SEA
haraa001,Harang,Aaron,R,R,SEA
hernf002,Hernandez,Felix,R,R,SEA
ibanr001,Ibanez,Raul,L,R,SEA
iwakh001,Iwakuma,Hisashi,R,R,SEA
lafrb001,LaFromboise,Bobby,L,L,SEA
lidda001,Liddi,Alex,R,R,SEA
loe-k001,Loe,Kameron,R,R,SEA
luetl001,Luetge,Lucas,L,L,SEA
maurb001,Maurer,Brandon,R,R,SEA
mediy001,Medina,Yoervis,R,R,SEA
millb002,Miller,Brad,L,R,SEA
montj003,Montero,Jesus,R,R,SEA
morak001,Morales,Kendrys,B,R,SEA
morsm001,Morse,Michael,R,R,SEA
noesh001,Noesi,Hector,R,R,SEA
paxtj001,Paxton,James,L,L,SEA
peguc001,Peguero,Carlos,L,L,SEA
pereo002,Perez,Oliver,L,L,SEA
pryos001,Pryor,Stephen,R,R,SEA
quinh001,Quintero,Humberto,R,R,SEA
ramie004,Ramirez,Erasmo,R,R,SEA
ruffc001,Ruffin,Chance,R,R,SEA
ryanb002,Ryan,Brendan,R,R,SEA
saunj001,Saunders,Joe,L,L,SEA
saunm001,Saunders,Michael,L,R,SEA
seagk001,Seager,Kyle,L,R,SEA
shopk001,Shoppach,Kelly,R,R,SEA
smoaj001,Smoak,Justin,B,L,SEA
sucrj001,Sucre,Jesus,R,R,SEA
triuc001,Triunfel,Carlos,R,R,SEA
walkt004,Walker,Taijuan,R,R,SEA
wilht001,Wilhelmsen,Tom,R,R,SEA
zunim001,Zunino,Mike,R,R,SEA
abret001,Abreu,Tony,B,R,SFN
adrie001,Adrianza,Ehire,B,R,SFN
affej001,Affeldt,Jeremy,L,L,SFN
ariaj001,Arias,Joaquin,R,R,SFN
beltb001,Belt,Brandon,L,L,SFN
blang001,Blanco,Gregor,L,L,SFN
bumgm001,Bumgarner,Madison,R,L,SFN
cainm001,Cain,Matt,R,R,SFN
crawb001,Crawford,Brandon,L,R,SFN
dunnj001,Dunning,Jake,R,R,SFN
franj004,Francoeur,Jeff,R,R,SFN
garcj002,Casilla,Santiago,R,R,SFN
gaudc001,Gaudin,Chad,R,R,SFN
gillc002,Gillespie,Cole,R,R,SFN
hembh001,Hembree,Heath,R,R,SFN
kickm001,Kickham,Mike,L,L,SFN
kiesr001,Kieschnick,Roger,L,R,SFN
kontg001,Kontos,George,R,R,SFN
linct001,Lincecum,Tim,L,R,SFN
lopej002,Lopez,Javier,L,L,SFN
machj002,Machi,Jean,R,R,SFN
mijaj001,Mijares,Jose,L,L,SFN
monej001,Monell,Johnny,L,R,SFN
moscg001,Moscoso,Guillermo,R,R,SFN
noonn001,Noonan,Nick,L,R,SFN
pagaa001,Pagan,Angel,B,R,SFN
peguf001,Peguero,Francisco,R,R,SFN
pench001,Pence,Hunter,R,R,SFN
perej002,Perez,Juan,R,R,SFN
petiy001,Petit,Yusmeiro,R,R,SFN
pillb001,Pill,Brett,R,R,SFN
poseb001,Posey,Buster,R,R,SFN
quirg001,Quiroz,Guillermo,R,R,SFN
ramir003,Ramirez,Ramon,R,R,SFN
romos001,Romo,Sergio,R,R,SFN
rosas001,Rosario,Sandy,R,R,SFN
sanch002,Sanchez,Hector,B,R,SFN
sandp001,Sandoval,Pablo,B,R,SFN
scutm001,Scutaro,Marco,R,R,SFN
surke001,Surkamp,Eric,L,L,SFN
tanak001,Tanaka,Kensuke,L,R,SFN
torra001,Torres,Andres,B,R,SFN
voger001,Vogelsong,Ryan,R,R,SFN
zitob001,Zito,Barry,L,L,SFN
adamm002,Adams,Matt,L,R,SLN
axfoj001,Axford,John,R,R,SLN
beltc001,Beltran,Carlos,B,R,SLN
blazm001,Blazek,Michael,R,R,SLN
boggm001,Boggs,Mitchell,R,R,SLN
butlk001,Butler,Keith,R,R,SLN
carpm002,Carpenter,Matt,L,R,SLN
chama002,Chambers,Adron,L,L,SLN
choar001,Choate,Randy,L,L,SLN
cletm001,Cleto,Maikel,R,R,SLN
craia001,Craig,Allen,R,R,SLN
cruzt002,Cruz,Tony,R,R,SLN
curtj002,Curtis,Jermaine,R,R,SLN
descd001,Descalso,Daniel,L,R,SLN
freed001,Freese,David,R,R,SLN
frees001,Freeman,Sam,R,L,SLN
garcj004,Garcia,Jaime,L,L,SLN
gastj001,Gast,John,L,L,SLN
hollm001,Holliday,Matt,R,R,SLN
jackr005,Jackson,Ryan,R,R,SLN
jay-j001,Jay,Jon,L,L,SLN
johnr009,Johnson,Rob,R,R,SLN
kellj001,Kelly,Joe,R,R,SLN
kozmp001,Kozma,Pete,R,R,SLN
lynnl001,Lynn,Lance,R,R,SLN
lyont001,Lyons,Tyler,B,L,SLN
manes001,Maness,Seth,R,R,SLN
martc006,Martinez,Carlos,R,R,SLN
martv002,Marte,Victor,R,R,SLN
mills001,Miller,Shelby,R,R,SLN
moliy001,Molina,Yadier,R,R,SLN
mujie001,Mujica,Edward,R,R,SLN
perea002,Perez,Audry,R,R,SLN
peteb002,Peterson,Brock,R,R,SLN
robis001,Robinson,Shane,R,R,SLN
roset001,Rosenthal,Trevor,R,R,SLN
rzepm001,Rzepczynski,Marc,L,L,SLN
salaf001,Salas,Fernando,R,R,SLN
siegk001,Siegrist,Kevin,L,L,SLN
wachm001,Wacha,Michael,R,R,SLN
waina001,Wainwright,Adam,R,R,SLN
westj001,Westbrook,Jake,R,R,SLN
wiggt001,Wigginton,Ty,R,R,SLN
wongk001,Wong,Kolten,L,R,SLN
archc001,Archer,Chris,R,R,TBA
beckt001,Beckham,Tim,R,R,TBA
belij001,Beliveau,Jeff,L,L,TBA
bourj001,Bourgeois,Jason,R,R,TBA
carmf001,Carmona,Fausto,R,R,TBA
cobba001,Cobb,Alex,R,R,TBA
coloa001,Colome,Alex,R,R,TBA
dejed001,DeJesus,David,L,L,TBA
duncs001,Duncan,Shelley,R,R,TBA
escoy001,Escobar,Yunel,R,R,TBA
farnk001,Farnsworth,Kyle,R,R,TBA
fulds001,Fuld,Sam,L,L,TBA
gimec001,Gimenez,Chris,R,R,TBA
gomeb001,Gomes,Brandon,R,R,TBA
guzmf001,Guzman,Freddy,B,R,TBA
hellj001,Hellickson,Jeremy,R,R,TBA
jennd002,Jennings,Desmond,R,R,TBA
johnk003,Johnson,Kelly,L,R,TBA
joycm001,Joyce,Matthew,L,R,TBA
kierk001,Kiermaier,Kevin,L,R,TBA
lobaj001,Lobaton,Jose,B,R,TBA
lonej001,Loney,James,L,L,TBA
longe001,Longoria,Evan,R,R,TBA
luekj001,Lueke,Josh,R,R,TBA
mcgej001,McGee,Jake,L,L,TBA
molij001,Molina,Jose,R,R,TBA
moorm003,Moore,Matt,L,L,TBA
myerw001,Myers,Wil,R,R,TBA
odorj001,Odorizzi,Jake,R,R,TBA
peraj002,Peralta,Joel,R,R,TBA
pricd001,Price,David,L,L,TBA
ramoc001,Ramos,Cesar,L,L,TBA
rober002,Roberts,Ryan,R,R,TBA
rodnf001,Rodney,Fernando,R,R,TBA
rodrs002,Rodriguez,Sean,R,R,TBA
romee002,Romero,Enny,L,L,TBA
scotl001,Scott,Luke,L,R,TBA
torra002,Torres,Alex,L,L,TBA
wrigj001,Wright,Jamey,R,R,TBA
wrigw001,Wright,Wesley,R,L,TBA
yound003,Young,Delmon,R,R,TBA
zobrb001,Zobrist,Ben,B,R,TBA
adduj002,Adduci,Jim,L,L,TEX
andre001,Andrus,Elvis,R,R,TEX
bakej001,Baker,Jeff,R,R,TEX
belta001,Beltre,Adrian,R,R,TEX
belte002,Beltre,Engel,L,L,TEX
berkl001,Berkman,Lance,B,L,TEX
blact001,Blackley,Travis,L,L,TEX
borbj001,Borbon,Julio,L,L,TEX
burnc001,Burns,Cory,R,R,TEX
butlj002,Butler,Joey,R,R,TEX
chirr001,Chirinos,Robinson,R,R,TEX
cottn001,Cotts,Neal,L,L,TEX
cruzn002,Cruz,Nelson,R,R,TEX
darvy001,Darvish,Yu,R,R,TEX
felin001,Feliz,Neftali,R,R,TEX
fontw001,Font,Wilmer,R,R,TEX
frasj002,Frasor,Jason,R,R,TEX
garcl004,Garcia,Leury,B,R,TEX
garzm001,Garza,Matt,R,R,TEX
gentc001,Gentry,Craig,R,R,TEX
grimj002,Grimm,Justin,R,R,TEX
harrm001,Harrison,Matt,L,L,TEX
holld003,Holland,Derek,B,L,TEX
kinsi001,Kinsler,Ian,R,R,TEX
kirkm001,Kirkman,Michael,L,L,TEX
lindj004,Lindblom,Josh,R,R,TEX
lowed001,Lowe,Derek,R,R,TEX
martl004,Martin,Leonys,L,R,TEX
mcclk001,McClellan,Kyle,R,R,TEX
mcguc001,McGuiness,Chris,L,L,TEX
morem001,Moreland,Mitch,L,L,TEX
murpd005,Murphy,David,L,L,TEX
nathj001,Nathan,Joe,R,R,TEX
ogana001,Ogando,Alexi,R,R,TEX
ortij004,Ortiz,Joe,L,L,TEX
perem004,Perez,Martin,L,L,TEX
piera001,Pierzynski,A.J.,L,R,TEX
profj001,Profar,Jurickson,B,R,TEX
riosa002,Rios,Alex,R,R,TEX
rosaa001,Rosales,Adam,R,R,TEX
rossr002,Ross,Robbie,L,L,TEX
schet001,Scheppers,Tanner,R,R,TEX
sorij001,Soria,Joakim,R,R,TEX
sotog001,Soto,Geovany,R,R,TEX
tepen001,Tepesch,Nick,R,R,TEX
wolfr002,Wolf,Ross,R,R,TEX
arenj001,Arencibia,J.P.,R,R,TOR
bautj002,Bautista,Jose,R,R,TOR
blanh001,Blanco,Henry,R,R,TOR
bonie001,Bonifacio,Emilio,B,R,TOR
buehm001,Buehrle,Mark,L,L,TOR
bushd001,Bush,David,R,R,TOR
cabrm002,Cabrera,Melky,B,L,TOR
cecib001,Cecil,Brett,R,L,TOR
davir003,Davis,Rajai,R,R,TOR
delas001,Delabar,Steve,R,R,TOR
derom001,DeRosa,Mark,R,R,TOR
dickr001,Dickey,R.A.,R,R,TOR
drabk001,Drabek,Kyle,R,R,TOR
encae001,Encarnacion,Edwin,R,R,TOR
germj001,Germano,Justin,R,R,TOR
goinr001,Goins,Ryan,L,R,TOR
gonze001,Gonzalez,Edgar,R,R,TOR
gosea001,Gose,Anthony,L,L,TOR
happj001,Happ,J.A.,L,L,TOR
iztum001,Izturis,Maicer,B,R,TOR
jansc001,Janssen,Casey,R,R,TOR
jeffj001,Jeffress,Jeremy,R,R,TOR
jenkc001,Jenkins,Chad,R,R,TOR
johnj009,Johnson,Josh,L,R,TOR
kawam001,Kawasaki,Munenori,L,R,TOR
laffa001,Laffey,Aaron,L,L,TOR
langr002,Langerhans,Ryan,L,L,TOR
laroa002,LaRoche,Andy,R,R,TOR
lawrb002,Lawrie,Brett,R,R,TOR
lincb001,Lincoln,Brad,L,R,TOR
linda001,Lind,Adam,L,L,TOR
loupa001,Loup,Aaron,L,L,TOR
mcgod001,McGowan,Dustin,R,R,TOR
morrb001,Morrow,Brandon,R,R,TOR
nickm001,Nickeas,Mike,R,R,TOR
nolis001,Nolin,Sean,L,L,TOR
olivd001,Oliver,Darren,R,L,TOR
ortir002,Ortiz,Ramon,R,R,TOR
perej001,Perez,Juan,R,L,TOR
perel001,Perez,Luis,L,L,TOR
pillk001,Pillar,Kevin,R,R,TOR
rasmc001,Rasmus,Colby,L,L,TOR
redmt002,Redmond,Todd,R,R,TOR
reyej001,Reyes,Jose,B,R,TOR
rogee002,Rogers,Esmil,R,R,TOR
romer002,Romero,Ricky,R,L,TOR
sants001,Santos,Sergio,R,R,TOR
sierm001,Sierra,Moises,R,R,TOR
storm001,Storey,Mickey,R,R,TOR
tholj001,Thole,Josh,L,R,TOR
wagnn001,Wagner,Neil,R,R,TOR
wangc001,Wang,Chien-Ming,R,R,TOR
webet001,Weber,Thad,R,R,TOR
abadf001,Abad,Fernando,L,L,WAS
bernr001,Bernadina,Roger,L,L,WAS
browc003,Brown,Corey,L,L,WAS
cedex001,Cedeno,Xavier,L,L,WAS
clipt001,Clippard,Tyler,R,R,WAS
davie002,Davis,Erik,R,R,WAS
dejed001,DeJesus,David,L,L,WAS
desmi001,Desmond,Ian,R,R,WAS
detwr001,Detwiler,Ross,R,L,WAS
dukez001,Duke,Zach,L,L,WAS
espid001,Espinosa,Danny,B,R,WAS
gonzg003,Gonzalez,Gio,R,L,WAS
hairs001,Hairston,Scott,R,R,WAS
hared001,Haren,Dan,R,R,WAS
harpb003,Harper,Bryce,L,R,WAS
jordt001,Jordan,Taylor,R,R,WAS
karnn001,Karns,Nathan,R,R,WAS
kobej001,Kobernus,Jeff,R,R,WAS
kroli001,Krol,Ian,L,L,WAS
laroa001,LaRoche,Adam,L,L,WAS
leons001,Leon,Sandy,B,R,WAS
lombs002,Lombardozzi,Steve,B,R,WAS
marrc001,Marrero,Chris,R,R,WAS
mattr001,Mattheus,Ryan,R,R,WAS
mayay001,Maya,Yuniesky,R,R,WAS
moort002,Moore,Tyler,R,R,WAS
ohler001,Ohlendorf,Ross,R,R,WAS
peree003,Perez,Eury,R,R,WAS
ramow001,Ramos,Wilson,R,R,WAS
renda001,Rendon,Anthony,R,R,WAS
roart001,Roark,Tanner,R,R,WAS
rodrh002,Rodriguez,Henry,R,R,WAS
solaj002,Solano,Jhonatan,R,R,WAS
sorir001,Soriano,Rafael,R,R,WAS
spand001,Span,Denard,L,L,WAS
stamc001,Stammen,Craig,R,R,WAS
stord001,Storen,Drew,B,R,WAS
stras001,Strasburg,Stephen,R,R,WAS
suzuk001,Suzuki,Kurt,R,R,WAS
tracc001,Tracy,Chad,L,R,WAS
waltz001,Walters,Zach,B,R,WAS
wertj001,Werth,Jayson,R,R,WAS
zimmj003,Zimmermann,Jordan,R,R,WAS
zimmr001,Zimmerman,Ryan,R,R,WAS
