PlayerID,LastName,FirstName,Bats,Pitches,Team
andeg001,Anderson,Garret,L,L,ANA
bootc001,Bootcheck,Chris,R,R,ANA
byrdp001,Byrd,Paul,R,R,ANA
cabro001,Cabrera,Orlando,R,R,ANA
chrij002,Christiansen,Jason,R,L,ANA
colob001,Colon,Bartolo,R,R,ANA
davaj001,DaVanon,Jeff,B,R,ANA
donnb001,Donnelly,Brendan,R,R,ANA
erstd001,Erstad,Darin,L,L,ANA
escok001,Escobar,Kelvim,R,R,ANA
figgc001,Figgins,Chone,B,R,ANA
finls001,Finley,Steve,L,L,ANA
gregk001,Gregg,Kevin,R,R,ANA
guerv001,Guerrero,Vladimir,R,R,ANA
iztum001,Izturis,Maicer,B,R,ANA
joneg001,Jones,Greg,R,R,ANA
kenna001,Kennedy,Adam,L,R,ANA
kotcc001,Kotchman,Casey,L,L,ANA
lackj001,Lackey,John,R,R,ANA
mathj001,Mathis,Jeff,R,R,ANA
matrd001,Matranga,Dave,R,R,ANA
mcphd001,McPherson,Dallas,L,R,ANA
merll001,Merloni,Lou,R,R,ANA
molib001,Molina,Bengie,R,R,ANA
molij001,Molina,Jose,R,R,ANA
paulj001,Paul,Josh,R,R,ANA
peraj002,Peralta,Joel,R,R,ANA
pridc001,Pride,Curtis,L,R,ANA
priec001,Prieto,Chris,L,L,ANA
prinb001,Prinz,Bret,R,R,ANA
quinr002,Quinlan,Robb,R,R,ANA
rivej001,Rivera,Juan,R,R,ANA
rodrf003,Rodriguez,Francisco,R,R,ANA
sante001,Santana,Ervin,R,R,ANA
saunj001,Saunders,Joe,L,L,ANA
shies002,Shields,Scot,R,R,ANA
sorez001,Sorensen,Zach,B,R,ANA
washj001,Washburn,Jarrod,L,L,ANA
woodj002,Woods,Jake,L,L,ANA
yan-e001,Yan,Esteban,R,R,ANA
almaa001,Almanza,Armando,L,L,ARI
aquig001,Aquino,Greg,R,R,ARI
brunb001,Bruney,Brian,R,R,ARI
bulgj001,Bulger,Jason,R,R,ARI
choar001,Choate,Randy,L,L,ARI
cinta001,Cintron,Alex,B,R,ARI
clart002,Clark,Tony,B,R,ARI
clayr001,Clayton,Royce,R,R,ARI
corml001,Cormier,Lance,R,R,ARI
counc001,Counsell,Craig,L,R,ARI
cruzj004,Cruz,Jose,B,R,ARI
estes001,Estes,Shawn,R,L,ARI
glaut001,Glaus,Troy,R,R,ARI
gonze001,Gonzalez,Edgar,R,R,ARI
gonzl001,Gonzalez,Luis,L,R,ARI
goslm001,Gosling,Mike,L,L,ARI
greea001,Green,Andy,R,R,ARI
grees001,Green,Shawn,L,L,ARI
groob001,Groom,Buddy,L,L,ARI
hairs001,Hairston,Scott,R,R,ARI
halsb001,Halsey,Brad,L,L,ARI
hergm001,Herges,Matt,L,R,ARI
hillk002,Hill,Koyie,B,R,ARI
jackc002,Jackson,Conor,R,R,ARI
katam001,Kata,Matt,B,R,ARI
koplm001,Koplove,Mike,R,R,ARI
ligtk001,Ligtenberg,Kerry,R,R,ARI
lopej002,Lopez,Javier,L,L,ARI
lyonb003,Lyon,Brandon,R,R,ARI
mccrq001,McCracken,Quinton,B,R,ARI
meddb001,Medders,Brandon,R,R,ARI
nippd001,Nippert,Dustin,R,R,ARI
ortir001,Ortiz,Russ,R,R,ARI
snydc002,Snyder,Chris,R,R,ARI
stink001,Stinnett,Kelly,R,R,ARI
terrl001,Terrero,Luis,R,R,ARI
tracc001,Tracy,Chad,L,R,ARI
valvj001,Valverde,Jose,R,R,ARI
vargc001,Vargas,Claudio,R,R,ARI
vazqj001,Vazquez,Javier,R,R,ARI
villo001,Villarreal,Oscar,L,R,ARI
webbb001,Webb,Brandon,R,R,ARI
worrt002,Worrell,Tim,R,R,ARI
berna001,Bernero,Adam,R,R,ATL
betew001,Betemit,Wilson,B,R,ATL
boyeb001,Boyer,Blaine,R,R,ATL
broof001,Brooks,Frank,L,L,ATL
browj003,Brower,Jim,R,R,ATL
chilm001,Childers,Matt,R,R,ATL
color001,Colon,Roman,R,R,ATL
davik002,Davies,Kyle,R,R,ATL
devij001,Devine,Joey,R,R,ATL
estrj001,Estrada,Johnny,B,R,ATL
farnk001,Farnsworth,Kyle,R,R,ATL
fostj001,Foster,John,L,L,ATL
franj002,Franco,Julio,R,R,ATL
franj004,Francoeur,Jeff,R,R,ATL
furcr001,Furcal,Rafael,B,R,ATL
gilem001,Giles,Marcus,R,R,ATL
greis001,Greisinger,Seth,R,R,ATL
grybk001,Gryboski,Kevin,R,R,ATL
hampm001,Hampton,Mike,R,L,ATL
hollt001,Hollandsworth,Todd,L,L,ATL
hudst001,Hudson,Tim,R,R,ATL
jamec002,James,Chuck,L,L,ATL
johnk003,Johnson,Kelly,L,R,ATL
jonea002,Jones,Andruw,R,R,ATL
jonec004,Jones,Chipper,B,R,ATL
jordb001,Jordan,Brian,R,R,ATL
kolbd001,Kolb,Danny,R,R,ATL
langr002,Langerhans,Ryan,L,L,ATL
laroa001,LaRoche,Adam,L,L,ATL
lerea001,Lerew,Anthony,L,R,ATL
marta004,Marte,Andy,R,R,ATL
martt003,Martin,Tom,L,L,ATL
mcbrm001,McBride,Macay,L,L,ATL
mccab002,McCann,Brian,L,R,ATL
mondr002,Mondesi,Raul,R,R,ATL
orr-p001,Orr,Pete,L,R,ATL
penab002,Pena,Brayan,B,R,ATL
peree002,Perez,Eddie,R,R,ATL
powej001,Powell,Jay,R,R,ATL
ramih002,Ramirez,Horacio,L,L,ATL
reitc001,Reitsma,Chris,R,R,ATL
smolj001,Smoltz,John,R,R,ATL
sosaj002,Sosa,Jorge,R,R,ATL
thomj005,Thomson,John,R,R,ATL
vasqj001,Vasquez,Jorge,R,R,ATL
baldj002,Baldwin,James,R,R,BAL
bauer001,Bauer,Rick,R,R,BAL
bedae001,Bedard,Erik,L,L,BAL
bigbl001,Bigbie,Larry,L,R,BAL
byrdt001,Byrdak,Tim,L,L,BAL
byrne001,Byrnes,Eric,R,R,BAL
cabrd001,Cabrera,Daniel,R,R,BAL
calzn001,Calzado,Napoleon,R,R,BAL
castb002,Castro,Bernie,B,R,BAL
chenb001,Chen,Bruce,L,L,BAL
cummm001,Cummings,Midre,L,R,BAL
duboe001,DuBose,Eric,L,L,BAL
fasas001,Fasano,Sal,R,R,BAL
fiorj001,Fiorentino,Jeffrey,L,R,BAL
freia001,Freire,Alejandro,R,R,BAL
gibbj002,Gibbons,Jay,L,L,BAL
gil-g001,Gil,Geronimo,R,R,BAL
gomec001,Gomez,Chris,R,R,BAL
grimj001,Grimsley,Jason,R,R,BAL
julij001,Julio,Jorge,R,R,BAL
klins002,Kline,Steve,R,L,BAL
lopej001,Lopez,Javy,R,R,BAL
loper001,Lopez,Rodrigo,R,R,BAL
mainj001,Maine,John,R,R,BAL
marre001,Marrero,Eli,R,R,BAL
matol001,Matos,Luis,R,R,BAL
moram002,Mora,Melvin,R,R,BAL
newhd001,Newhan,David,L,R,BAL
nivar001,Nivar,Ramon,R,R,BAL
palmr001,Palmeiro,Rafael,L,L,BAL
parrj003,Parrish,John,L,L,BAL
pennh001,Penn,Hayden,R,R,BAL
ponss001,Ponson,Sidney,R,R,BAL
rakea001,Rakers,Aaron,R,R,BAL
ray-c001,Ray,Chris,R,R,BAL
reedk001,Reed,Keith,R,R,BAL
reeds001,Reed,Steve,R,R,BAL
robeb003,Roberts,Brian,B,R,BAL
rogee001,Rogers,Eddie,R,R,BAL
ryanb001,Ryan,B.J.,L,L,BAL
sosas001,Sosa,Sammy,R,R,BAL
surhb001,Surhoff,B.J.,L,R,BAL
tejam001,Tejada,Miguel,R,R,BAL
white004,Whiteside,Eli,R,R,BAL
willt001,Williams,Todd,R,R,BAL
younw001,Young,Walter,L,R,BAL
alvaa001,Alvarez,Abe,L,L,BOS
arrob001,Arroyo,Bronson,R,R,BOS
bellm002,Bellhorn,Mark,B,R,BOS
bradc001,Bradford,Chad,R,R,BOS
casss001,Cassidy,Scott,R,R,BOS
clemm001,Clement,Matt,R,R,BOS
coraa001,Cora,Alex,L,R,BOS
cruzj004,Cruz,Jose,B,R,BOS
damoj001,Damon,Johnny,L,L,BOS
delcm001,Delcarmen,Manny,R,R,BOS
dinal001,DiNardo,Lenny,L,L,BOS
embra001,Embree,Alan,L,L,BOS
foulk001,Foulke,Keith,R,R,BOS
gonzj003,Gonzalez,Geremi,R,R,BOS
graft001,Graffanino,Tony,R,R,BOS
halaj001,Halama,John,L,L,BOS
hansc001,Hansen,Craig,R,R,BOS
harvc001,Harville,Chad,R,R,BOS
hyzda001,Hyzdu,Adam,R,R,BOS
kaplg001,Kapler,Gabe,R,R,BOS
macha002,Machado,Alejandro,B,R,BOS
mantm001,Mantei,Matt,R,R,BOS
mccad001,McCarty,Dave,R,L,BOS
merec001,Meredith,Cla,R,R,BOS
millk005,Millar,Kevin,R,R,BOS
millw001,Miller,Wade,R,R,BOS
mirad001,Mirabelli,Doug,R,R,BOS
muelb001,Mueller,Bill,B,R,BOS
myerm001,Myers,Mike,L,L,BOS
nealb001,Neal,Blaine,L,R,BOS
nixot001,Nixon,Trot,L,L,BOS
olerj001,Olerud,John,L,L,BOS
ortid001,Ortiz,David,L,L,BOS
papej001,Papelbon,Jonathan,R,R,BOS
paytj001,Payton,Jay,R,R,BOS
perim001,Perisho,Matt,L,L,BOS
petar001,Petagine,Roberto,L,L,BOS
ramih003,Ramirez,Hanley,R,R,BOS
ramim002,Ramirez,Manny,R,R,BOS
remlm001,Remlinger,Mike,L,L,BOS
rente001,Renteria,Edgar,R,R,BOS
schic002,Schilling,Curt,R,R,BOS
shopk001,Shoppach,Kelly,R,R,BOS
stanm003,Stanton,Mike,L,L,BOS
stera001,Stern,Adam,L,R,BOS
timlm001,Timlin,Mike,R,R,BOS
varij001,Varitek,Jason,B,R,BOS
vazqr001,Vazquez,Ramon,L,R,BOS
waket001,Wakefield,Tim,R,R,BOS
welld001,Wells,David,L,L,BOS
woots001,Wooten,Shawn,R,R,BOS
youkk001,Youkilis,Kevin,R,R,BOS
adkij001,Adkins,Jon,L,R,CHA
andeb003,Anderson,Brian,R,R,CHA
bajej001,Bajenaru,Jeff,R,R,CHA
blumg001,Blum,Geoff,B,R,CHA
borcj001,Borchard,Joe,B,R,CHA
buehm001,Buehrle,Mark,L,L,CHA
burkj003,Burke,Jamie,R,R,CHA
casar001,Casanova,Raul,B,R,CHA
contj002,Contreras,Jose,R,R,CHA
cottn001,Cotts,Neal,L,L,CHA
credj001,Crede,Joe,R,R,CHA
dye-j001,Dye,Jermaine,R,R,CHA
everc001,Everett,Carl,B,R,CHA
garcf002,Garcia,Freddy,R,R,CHA
garlj001,Garland,Jon,R,R,CHA
gloar001,Gload,Ross,L,L,CHA
harrw001,Harris,Willie,L,R,CHA
hermd001,Hermanson,Dustin,R,R,CHA
herno001,Hernandez,Orlando,R,R,CHA
iguct001,Iguchi,Tadahito,R,R,CHA
jenkb001,Jenks,Bobby,R,R,CHA
konep001,Konerko,Paul,R,R,CHA
lopep001,Lopez,Pedro,R,R,CHA
martd004,Marte,Damaso,L,L,CHA
mccab001,McCarthy,Brandon,R,R,CHA
ozunp001,Ozuna,Pablo,R,R,CHA
peret004,Perez,Timo,L,L,CHA
piera001,Pierzynski,A.J.,L,R,CHA
podss001,Podsednik,Scott,L,L,CHA
polic001,Politte,Cliff,R,R,CHA
rowaa001,Rowand,Aaron,R,R,CHA
sandd002,Sanders,David,L,L,CHA
takas001,Takatsu,Shingo,R,R,CHA
thomf001,Thomas,Frank,R,R,CHA
uribj002,Uribe,Juan,R,R,CHA
vizcl001,Vizcaino,Luis,R,R,CHA
walkk001,Walker,Kevin,L,L,CHA
widgc001,Widger,Chris,R,R,CHA
barrm003,Barrett,Michael,R,R,CHN
bartc001,Bartosh,Cliff,L,L,CHN
blanh001,Blanco,Henry,R,R,CHN
boroj001,Borowski,Joe,R,R,CHN
burnj001,Burnitz,Jeromy,L,R,CHN
ceder002,Cedeno,Ronny,R,R,CHN
dempr002,Dempster,Ryan,R,R,CHN
duboj001,Dubois,Jason,R,R,CHN
fontm001,Fontenot,Mike,L,R,CHN
fox-c001,Fox,Chad,R,R,CHN
garcn001,Garciaparra,Nomar,R,R,CHN
geruj001,Gerut,Jody,L,L,CHN
greea002,Greenberg,Adam,L,L,CHN
grieb001,Grieve,Ben,L,R,CHN
hairj002,Hairston,Jerry,R,R,CHN
hawkl001,Hawkins,LaTroy,R,R,CHN
hillr001,Hill,Rich,L,L,CHN
hollt001,Hollandsworth,Todd,L,L,CHN
koroj001,Koronka,John,L,L,CHN
lawtm002,Lawton,Matt,L,R,CHN
lee-d002,Lee,Derrek,R,R,CHN
leicj001,Leicester,Jon,R,R,CHN
macij001,Macias,Jose,B,R,CHN
maddg002,Maddux,Greg,R,R,CHN
mccls001,McClain,Scott,R,R,CHN
mitrs001,Mitre,Sergio,R,R,CHN
murtm001,Murton,Matt,R,R,CHN
novor002,Novoa,Roberto,R,R,CHN
ohmaw001,Ohman,Will,L,L,CHN
pattc001,Patterson,Corey,L,R,CHN
peren001,Perez,Neifi,B,R,CHN
priom001,Prior,Mark,R,R,CHN
ramia001,Ramirez,Aramis,R,R,CHN
remlm001,Remlinger,Mike,L,L,CHN
ruscg001,Rusch,Glendon,L,L,CHN
sotog001,Soto,Geovany,R,R,CHN
therr001,Theriot,Ryan,R,R,CHN
vanbj002,Van Buren,Jermaine,R,R,CHN
walkt002,Walker,Todd,L,R,CHN
wellt002,Wellemeyer,Todd,R,R,CHN
willj003,Williams,Jerome,R,R,CHN
wills002,Williamson,Scott,R,R,CHN
wilse001,Wilson,Enrique,B,R,CHN
woodk002,Wood,Kerry,R,R,CHN
wuerm001,Wuertz,Michael,R,R,CHN
zambc001,Zambrano,Carlos,B,R,CHN
aurir001,Aurilia,Rich,R,R,CIN
belim001,Belisle,Matt,R,R,CIN
bergw001,Bergolla,William,R,R,CIN
bookc001,Booker,Chris,R,R,CIN
cases001,Casey,Sean,L,R,CIN
claub001,Claussen,Brandon,R,L,CIN
cofft001,Coffey,Todd,R,R,CIN
cruzj003,Cruz,Jacob,L,L,CIN
denoc001,Denorfia,Chris,R,R,CIN
dunna001,Dunn,Adam,L,R,CIN
encae001,Encarnacion,Edwin,R,R,CIN
freer001,Freel,Ryan,R,R,CIN
gravd001,Graves,Danny,R,R,CIN
grifk002,Griffey,Ken,L,L,CIN
hancj001,Hancock,Josh,R,R,CIN
haraa001,Harang,Aaron,R,R,CIN
holba001,Holbert,Aaron,R,R,CIN
hudsl001,Hudson,Luke,R,R,CIN
jimed001,Jimenez,D'Angelo,B,R,CIN
keara001,Kearns,Austin,R,R,CIN
keisr001,Keisler,Randy,L,L,CIN
kellk001,Kelly,Kenny,R,R,CIN
laruj001,LaRue,Jason,R,R,CIN
lopef001,Lopez,Felipe,B,R,CIN
lopel002,Lopez,Luis,B,R,CIN
macha001,Machado,Anderson,B,R,CIN
merck001,Mercker,Kent,L,L,CIN
milte001,Milton,Eric,L,L,CIN
olmer001,Olmedo,Ray,B,R,CIN
ortir002,Ortiz,Ramon,R,R,CIN
penaw001,Pena,Wily Mo,R,R,CIN
perem003,Perez,Miguel,R,R,CIN
ramie002,Ramirez,Elizardo,B,R,CIN
randj002,Randa,Joe,R,R,CIN
romaj002,Romano,Jason,R,R,CIN
sardd001,Sardinha,Dane,R,R,CIN
shacb001,Shackelford,Brian,L,L,CIN
simpa001,Simpson,Allan,R,R,CIN
stanj001,Standridge,Jason,R,R,CIN
stonr001,Stone,Ricky,R,R,CIN
valej004,Valentin,Javier,B,R,CIN
valej005,Valentine,Joe,R,R,CIN
wagnr001,Wagner,Ryan,R,R,CIN
weatd001,Weathers,David,R,R,CIN
webeb001,Weber,Ben,R,R,CIN
wilsp001,Wilson,Paul,R,R,CIN
bardj001,Bard,Josh,B,R,CLE
bellr002,Belliard,Ronnie,R,R,CLE
betar001,Betancourt,Rafael,R,R,CLE
blakc001,Blake,Casey,R,R,CLE
boona001,Boone,Aaron,R,R,CLE
broub001,Broussard,Ben,L,L,CLE
cabrf002,Cabrera,Fernando,R,R,CLE
coraa001,Cora,Alex,L,R,CLE
crisc001,Crisp,Coco,B,R,CLE
davij005,Davis,Jason,R,R,CLE
duboj001,Dubois,Jason,R,R,CLE
elars001,Elarton,Scott,R,R,CLE
garkr001,Garko,Ryan,R,R,CLE
geruj001,Gerut,Jody,L,L,CLE
gonzj002,Gonzalez,Juan,R,R,CLE
guthj001,Guthrie,Jeremy,R,R,CLE
gutif001,Gutierrez,Franklin,R,R,CLE
hafnt001,Hafner,Travis,L,R,CLE
hernj001,Hernandez,Jose,R,R,CLE
howrb001,Howry,Bob,L,R,CLE
lee-c003,Lee,Cliff,L,L,CLE
liefj001,Liefer,Jeff,L,R,CLE
ludwr001,Ludwick,Ryan,R,L,CLE
martv001,Martinez,Victor,B,R,CLE
millk004,Millwood,Kevin,R,R,CLE
millm002,Miller,Matt,R,R,CLE
peraj001,Peralta,Jhonny,R,R,CLE
philb001,Phillips,Brandon,R,R,CLE
rhoda001,Rhodes,Arthur,L,L,CLE
riskd001,Riske,David,R,R,CLE
sabac001,Sabathia,CC,L,L,CLE
saues001,Sauerbeck,Scott,R,L,CLE
sizeg001,Sizemore,Grady,L,L,CLE
tadak001,Tadano,Kazuhito,R,R,CLE
tallb001,Tallet,Brian,L,L,CLE
vazqr001,Vazquez,Ramon,L,R,CLE
westj001,Westbrook,Jake,R,R,CLE
wickb001,Wickman,Bob,R,R,CLE
acevj002,Acevedo,Jose,R,R,COL
ameza001,Amezaga,Alfredo,B,R,COL
andem002,Anderson,Matt,R,R,COL
ardod001,Ardoin,Danny,R,R,COL
atkig001,Atkins,Garrett,R,R,COL
bakej001,Baker,Jeff,R,R,COL
barmc001,Barmes,Clint,R,R,COL
bigbl001,Bigbie,Larry,L,R,COL
byrne001,Byrnes,Eric,R,R,COL
carvm001,Carvajal,Marcos,R,R,COL
chacs001,Chacon,Shawn,R,R,COL
closj001,Closser,JD,B,R,COL
cooka002,Cook,Aaron,R,R,COL
cortd001,Cortes,David,R,R,COL
day-z001,Day,Zach,R,R,COL
dejem001,DeJean,Mike,R,R,COL
dohms001,Dohmann,Scott,R,R,COL
espom001,Esposito,Mike,R,R,COL
franj003,Francis,Jeff,L,L,COL
freec001,Freeman,Choo,R,R,COL
fuenb001,Fuentes,Brian,L,L,COL
garae001,Garabito,Eddy,B,R,COL
gonzl004,Gonzalez,Luis,R,R,COL
greet003,Greene,Todd,R,R,COL
hawpb001,Hawpe,Brad,L,L,COL
heltt001,Helton,Todd,L,L,COL
hollm001,Holliday,Matt,R,R,COL
jennj001,Jennings,Jason,L,R,COL
kennj001,Kennedy,Joe,R,L,COL
kim-b001,Kim,Byung-Hyun,R,R,COL
kim-s001,Kim,Sun-Woo,R,R,COL
lopea003,Lopez,Aquilino,R,R,COL
lopej002,Lopez,Javier,L,L,COL
macha001,Machado,Anderson,B,R,COL
miced001,Miceli,Dan,R,R,COL
milea001,Miles,Aaron,B,R,COL
mohrd001,Mohr,Dustan,R,R,COL
nealb001,Neal,Blaine,L,R,COL
olsot001,Olson,Tim,R,R,COL
piedj001,Piedra,Jorge,L,L,COL
quino001,Quintanilla,Omar,L,R,COL
relad001,Relaford,Desi,B,R,COL
restm001,Restovich,Michael,R,R,COL
seayb001,Seay,Bobby,L,L,COL
shear001,Shealy,Ryan,R,R,COL
simpa001,Simpson,Allan,R,R,COL
speir001,Speier,Ryan,R,R,COL
spilr001,Spilborghs,Ryan,R,R,COL
sullc001,Sullivan,Cory,L,L,COL
tsaoc001,Tsao,Chin-hui,R,R,COL
willr003,Williams,Randy,L,L,COL
wilsp002,Wilson,Preston,R,R,COL
witaj001,Witasick,Jay,R,R,COL
wrigj001,Wright,Jamey,R,R,COL
bondj001,Bonderman,Jeremy,R,R,DET
color001,Colon,Roman,R,R,DET
creed001,Creek,Doug,L,L,DET
darev001,Darensbourg,Vic,L,L,DET
dingc001,Dingman,Craig,R,R,DET
dougs001,Douglass,Sean,R,R,DET
farnk001,Farnsworth,Kyle,R,R,DET
germf001,German,Franklyn,R,R,DET
giart001,Giarratano,Tony,B,R,DET
gintm001,Ginter,Matt,R,R,DET
gomea001,Gomez,Alexis,L,L,DET
gooda001,Good,Andrew,R,R,DET
granc001,Granderson,Curtis,L,R,DET
grilj001,Grilli,Jason,R,R,DET
guilc001,Guillen,Carlos,B,R,DET
higgb001,Higginson,Bobby,L,R,DET
hoopk001,Hooper,Kevin,R,R,DET
infao001,Infante,Omar,R,R,DET
ingeb001,Inge,Brandon,R,R,DET
johnj007,Johnson,Jason,R,R,DET
karnj001,Karnuth,Jason,R,R,DET
ledew001,Ledezma,Wil,L,L,DET
logan001,Logan,Nook,B,R,DET
marom001,Maroth,Mike,L,L,DET
martr003,Martinez,Ramon,R,R,DET
mcdoj003,McDonald,John,R,R,DET
monrc001,Monroe,Craig,R,R,DET
ordom001,Ordonez,Magglio,R,R,DET
penac001,Pena,Carlos,L,L,DET
perct001,Percival,Troy,R,R,DET
polap001,Polanco,Placido,R,R,DET
roben001,Robertson,Nate,R,L,DET
rodnf001,Rodney,Fernando,R,R,DET
rodri001,Rodriguez,Ivan,R,R,DET
shelc001,Shelton,Chris,R,R,DET
smitj001,Smith,Jason,L,R,DET
spurc001,Spurling,Chris,R,R,DET
thamm001,Thames,Marcus,R,R,DET
urbiu001,Urbina,Ugueth,R,R,DET
verlj001,Verlander,Justin,R,R,DET
walkj001,Walker,Jamie,L,L,DET
whitr001,White,Rondell,R,R,DET
wilsv001,Wilson,Vance,R,R,DET
woodm003,Woodyard,Mark,R,R,DET
yound001,Young,Dmitri,B,R,DET
aguic001,Aguila,Chris,R,R,FLO
alfoa001,Alfonseca,Antonio,R,R,FLO
andir001,Andino,Robert,R,R,FLO
bazay001,Bazardo,Yorman,R,R,FLO
beckj002,Beckett,Josh,R,R,FLO
bentc001,Bentz,Chad,R,L,FLO
bumpn001,Bump,Nate,L,R,FLO
burna001,Burnett,A.J.,R,R,FLO
cabrm001,Cabrera,Miguel,R,R,FLO
castf001,Castillo,Frank,R,R,FLO
castl001,Castillo,Luis,B,R,FLO
conij001,Conine,Jeff,R,R,FLO
crowj001,Crowell,Jim,R,L,FLO
delgc001,Delgado,Carlos,L,R,FLO
delov001,de los Santos,Valerio,L,L,FLO
dillj001,Dillon,Joe,R,R,FLO
easld001,Easley,Damion,R,R,FLO
encaj001,Encarnacion,Juan,R,R,FLO
gonza002,Gonzalez,Alex,R,R,FLO
harrl001,Harris,Lenny,L,R,FLO
hermj001,Hermida,Jeremy,L,R,FLO
johnj009,Johnson,Josh,L,R,FLO
jonet003,Jones,Todd,L,R,FLO
jorgr001,Jorgensen,Ryan,R,R,FLO
kensl001,Kensing,Logan,R,R,FLO
leita001,Leiter,Al,L,L,FLO
lodup001,Lo Duca,Paul,R,R,FLO
lowem001,Lowell,Mike,R,R,FLO
mecij001,Mecir,Jim,B,R,FLO
messr001,Messenger,Randy,R,R,FLO
moehb001,Moehler,Brian,R,R,FLO
mordm001,Mordecai,Mike,R,R,FLO
motag001,Mota,Guillermo,R,R,FLO
olses001,Olsen,Scott,L,L,FLO
perim001,Perisho,Matt,L,L,FLO
pierj002,Pierre,Juan,L,L,FLO
quanp001,Quantrill,Paul,L,R,FLO
resoc001,Resop,Chris,R,R,FLO
riedj001,Riedling,John,R,R,FLO
smitt001,Smith,Travis,R,R,FLO
tream001,Treanor,Matt,R,R,FLO
valdi001,Valdez,Ismael,R,R,FLO
vargj001,Vargas,Jason,L,L,FLO
villr001,Villone,Ron,L,L,FLO
willd003,Willis,Dontrelle,L,L,FLO
willj004,Willingham,Josh,R,R,FLO
wilsj003,Wilson,Josh,R,R,FLO
astae001,Astacio,Ezequiel,R,R,HOU
ausmb001,Ausmus,Brad,R,R,HOU
backb001,Backe,Brandon,R,R,HOU
bagwj001,Bagwell,Jeff,R,R,HOU
berkl001,Berkman,Lance,B,L,HOU
biggc001,Biggio,Craig,R,R,HOU
brune001,Bruntlett,Eric,R,R,HOU
burkc001,Burke,Chris,R,R,HOU
burnm001,Burns,Mike,R,R,HOU
chavr001,Chavez,Raul,R,R,HOU
clemr001,Clemens,Roger,R,R,HOU
drist001,Driskill,Travis,R,R,HOU
duckb001,Duckworth,Brandon,R,R,HOU
ensbm001,Ensberg,Morgan,R,R,HOU
evera001,Everett,Adam,R,R,HOU
franj001,Franco,John,L,L,HOU
gallm002,Gallo,Mike,L,L,HOU
gipsc001,Gipson,Charles,R,R,HOU
harvc001,Harville,Chad,R,R,HOU
jimec001,Jimerson,Charlton,R,R,HOU
lambm001,Lamb,Mike,L,R,HOU
lanej001,Lane,Jason,R,L,HOU
lidgb001,Lidge,Brad,R,R,HOU
oswar001,Oswalt,Roy,R,R,HOU
palmo001,Palmeiro,Orlando,L,L,HOU
petta001,Pettitte,Andy,L,L,HOU
qualc001,Qualls,Chad,R,R,HOU
quinh001,Quintero,Humberto,R,R,HOU
rodrw002,Rodriguez,Wandy,B,L,HOU
scotl001,Scott,Luke,L,R,HOU
selft001,Self,Todd,L,R,HOU
sprir001,Springer,Russ,R,R,HOU
stris001,Strickland,Scott,R,R,HOU
tavew001,Taveras,Willy,R,R,HOU
vizcj001,Vizcaino,Jose,B,R,HOU
wheed001,Wheeler,Dan,R,R,HOU
affej001,Affeldt,Jeremy,L,L,KCA
ambrc001,Ambres,Chip,R,R,KCA
andeb002,Anderson,Brian,L,L,KCA
bautd002,Bautista,Denny,R,R,KCA
baylj001,Bayliss,Jonah,R,R,KCA
berra001,Berroa,Angel,R,R,KCA
blana001,Blanco,Andres,B,R,KCA
browe001,Brown,Emil,R,R,KCA
buckj001,Buck,John,R,R,KCA
burga001,Burgos,Ambiorix,R,R,KCA
camps002,Camp,Shawn,R,R,KCA
carrd001,Carrasco,D.J.,R,R,KCA
casta001,Castillo,Alberto,R,R,KCA
cerdj001,Cerda,Jaime,L,L,KCA
costs001,Costa,Shane,L,R,KCA
dejed001,DeJesus,David,L,L,KCA
demac001,Demaria,Chris,B,R,KCA
diazm003,Diaz,Matt,R,R,KCA
fieln001,Field,Nate,R,R,KCA
gobbj001,Gobble,Jimmy,L,L,KCA
gotar001,Gotay,Ruben,B,R,KCA
graft001,Graffanino,Tony,R,R,KCA
greiz001,Greinke,Zack,R,R,KCA
guiea001,Guiel,Aaron,L,R,KCA
harvk001,Harvey,Ken,R,R,KCA
hernr003,Hernandez,Runelvys,R,R,KCA
hockd001,Hocking,Denny,B,R,KCA
howej003,Howell,J.P.,L,L,KCA
hubej001,Huber,Justin,R,R,KCA
jensr001,Jensen,Ryan,R,R,KCA
limaj001,Lima,Jose,R,R,KCA
longt002,Long,Terrence,L,L,KCA
macdm001,MacDougal,Mike,B,R,KCA
marre001,Marrero,Eli,R,R,KCA
mcewj001,McEwing,Joe,R,R,KCA
murpd004,Murphy,Donnie,R,R,KCA
nunel001,Nunez,Leo,R,R,KCA
philp001,Phillips,Paul,R,R,KCA
pickc001,Pickering,Calvin,L,L,KCA
sisca001,Sisco,Andy,L,L,KCA
snydk001,Snyder,Kyle,B,R,KCA
staim001,Stairs,Matt,L,R,KCA
stems001,Stemle,Steve,R,R,KCA
sweem002,Sweeney,Mike,R,R,KCA
teahm001,Teahen,Mark,L,R,KCA
woodm002,Wood,Mike,R,R,KCA
alvaw001,Alvarez,Wilson,L,L,LAN
aybaw001,Aybar,Willy,B,R,LAN
bakop001,Bako,Paul,L,R,LAN
bradm001,Bradley,Milton,B,R,LAN
brazy001,Brazoban,Yhency,R,R,LAN
broxj001,Broxton,Jonathan,R,R,LAN
carlb001,Carlyle,Buddy,L,R,LAN
carrg001,Carrara,Giovanni,R,R,LAN
chenc001,Chen,Chin-Feng,R,R,LAN
choih001,Choi,Hee-Seop,L,L,LAN
cruzj004,Cruz,Jose,B,R,LAN
desse001,Dessens,Elmer,R,R,LAN
drewj001,Drew,J.D.,L,R,LAN
edwam001,Edwards,Mike,R,R,LAN
erics001,Erickson,Scott,R,R,LAN
gagne001,Gagne,Eric,R,R,LAN
grabj001,Grabowski,Jason,L,R,LAN
hould001,Houlton,D.J.,R,R,LAN
iztuc001,Izturis,Cesar,B,R,LAN
jacke001,Jackson,Edwin,R,R,LAN
kentj001,Kent,Jeff,R,R,LAN
kuo-h001,Kuo,Hong-Chih,L,L,LAN
leder001,Ledee,Ricky,L,L,LAN
lowed001,Lowe,Derek,R,R,LAN
myrob001,Myrow,Brian,L,R,LAN
nakan001,Nakamura,Norihiro,R,R,LAN
navad001,Navarro,Dioner,B,R,LAN
osorf001,Osoria,Franquelis,R,R,LAN
pennb002,Penny,Brad,R,R,LAN
perea001,Perez,Antonio,R,R,LAN
pereo001,Perez,Odalis,L,L,LAN
philj003,Phillips,Jason,R,R,LAN
repkj001,Repko,Jason,R,R,LAN
roblo001,Robles,Oscar,L,R,LAN
rosem001,Rose,Mike,B,R,LAN
rossc001,Ross,Cody,R,L,LAN
saeno001,Saenz,Olmedo,R,R,LAN
sancd001,Sanchez,Duaner,R,R,LAN
schms001,Schmoll,Steve,R,R,LAN
thomd002,Thompson,Derek,L,L,LAN
valej003,Valentin,Jose,B,R,LAN
weavj002,Weaver,Jeff,R,R,LAN
wertj001,Werth,Jayson,R,R,LAN
wunsk001,Wunsch,Kelly,L,L,LAN
adamm001,Adams,Mike,R,R,MIL
bottr001,Bottalico,Ricky,L,R,MIL
branr001,Branyan,Russell,L,R,MIL
capej001,Capellan,Jose,R,R,MIL
capuc001,Capuano,Chris,L,L,MIL
cirij001,Cirillo,Jeff,R,R,MIL
clarb003,Clark,Brady,R,R,MIL
cruzn002,Cruz,Nelson,R,R,MIL
david002,Davis,Doug,R,L,MIL
davik001,Davis,Kane,R,R,MIL
delaj001,de la Rosa,Jorge,L,L,MIL
durrt001,Durrington,Trent,R,R,MIL
eveld001,Eveland,Dana,L,L,MIL
fielp001,Fielder,Prince,L,R,MIL
glovg001,Glover,Gary,R,R,MIL
hallb001,Hall,Bill,R,R,MIL
hardj003,Hardy,J.J.,R,R,MIL
hartc001,Hart,Corey,R,R,MIL
hellr001,Helling,Rick,R,R,MIL
helmw001,Helms,Wes,R,R,MIL
jenkg001,Jenkins,Geoff,L,R,MIL
krynd001,Krynzel,Dave,L,L,MIL
lee-c001,Lee,Carlos,R,R,MIL
lehrj001,Lehr,Justin,R,R,MIL
magrc001,Magruder,Chris,B,R,MIL
milld002,Miller,Damian,R,R,MIL
moelc001,Moeller,Chad,R,R,MIL
mosqj001,Mosquera,Julio,R,R,MIL
oberw001,Obermueller,Wes,R,R,MIL
ohkat001,Ohka,Tomo,B,R,MIL
overl001,Overbay,Lyle,L,L,MIL
phelt002,Phelps,Tommy,L,L,MIL
santj001,Santana,Julio,R,R,MIL
santv001,Santos,Victor,R,R,MIL
sheeb001,Sheets,Ben,R,R,MIL
spivj001,Spivey,Junior,R,R,MIL
turnd001,Turnbow,Derrick,R,R,MIL
weekr001,Weeks,Rickie,R,R,MIL
wisem001,Wise,Matt,R,R,MIL
aberb001,Abernathy,Brent,R,R,MIN
bakes002,Baker,Scott,R,R,MIN
bartj001,Bartlett,Jason,R,R,MIN
boonb002,Boone,Bret,R,R,MIN
bowyt001,Bowyer,Travis,R,R,MIN
castj004,Castro,Juan,R,R,MIN
craij001,Crain,Jesse,R,R,MIN
cuddm001,Cuddyer,Michael,R,R,MIN
fordl001,Ford,Lew,R,R,MIN
gassd001,Gassner,Dave,R,L,MIN
guerm001,Guerrier,Matt,R,R,MIN
heinc001,Heintz,Chris,R,R,MIN
huntt001,Hunter,Torii,R,R,MIN
jonej003,Jones,Jacque,L,L,MIN
lecrm001,LeCroy,Matt,R,R,MIN
lirif001,Liriano,Francisco,L,L,MIN
lohsk001,Lohse,Kyle,R,R,MIN
mauej001,Mauer,Joe,L,R,MIN
maysj001,Mays,Joe,B,R,MIN
millc001,Miller,Corky,R,R,MIN
mornj001,Morneau,Justin,L,R,MIN
mulht001,Mulholland,Terry,R,L,MIN
nathj001,Nathan,Joe,R,R,MIN
puntn001,Punto,Nick,B,R,MIN
radkb001,Radke,Brad,R,R,MIN
redmm001,Redmond,Mike,R,R,MIN
rincj001,Rincon,Juan,R,R,MIN
rival001,Rivas,Luis,R,R,MIN
rodrl002,Rodriguez,Luis,B,R,MIN
romej001,Romero,J.C.,B,L,MIN
ryanm001,Ryan,Mike,L,R,MIN
santj003,Santana,Johan,L,L,MIN
silvc001,Silva,Carlos,R,R,MIN
stews002,Stewart,Shannon,R,R,MIN
tifft001,Tiffee,Terry,B,R,MIN
tynej001,Tyner,Jason,L,L,MIN
willg003,Williams,Glenn,B,R,MIN
andej003,Anderson,Jason,L,R,NYA
beanc001,Bean,Colter,R,R,NYA
bellm002,Bellhorn,Mark,B,R,NYA
browk001,Brown,Kevin,R,R,NYA
cabrm002,Cabrera,Melky,B,L,NYA
canor001,Cano,Robinson,L,R,NYA
chacs001,Chacon,Shawn,R,R,NYA
crosb001,Crosby,Bubba,L,L,NYA
depaj002,de Paula,Jorge,R,R,NYA
embra001,Embree,Alan,L,L,NYA
escaf001,Escalona,Felix,R,R,NYA
flahj001,Flaherty,John,R,R,NYA
franw001,Franklin,Wayne,L,L,NYA
giamj001,Giambi,Jason,L,R,NYA
gordt001,Gordon,Tom,R,R,NYA
grama001,Graman,Alex,L,L,NYA
groob001,Groom,Buddy,L,L,NYA
henns001,Henn,Sean,R,L,NYA
jeted001,Jeter,Derek,R,R,NYA
johnr005,Johnson,Randy,R,L,NYA
johnr006,Johnson,Russ,R,R,NYA
karss001,Karsay,Steve,R,R,NYA
lawtm002,Lawton,Matt,L,R,NYA
leita001,Leiter,Al,L,L,NYA
martt002,Martinez,Tino,L,R,NYA
matsh001,Matsui,Hideki,L,R,NYA
may-d002,May,Darrell,L,L,NYA
mendr001,Mendoza,Ramiro,R,R,NYA
mussm001,Mussina,Mike,L,R,NYA
nievw001,Nieves,Wil,R,R,NYA
pavac001,Pavano,Carl,R,R,NYA
phila001,Phillips,Andy,R,R,NYA
posaj001,Posada,Jorge,B,R,NYA
procs001,Proctor,Scott,R,R,NYA
quanp001,Quantrill,Paul,L,R,NYA
reddt001,Redding,Tim,R,R,NYA
reesk001,Reese,Kevin,L,L,NYA
rivem002,Rivera,Mariano,R,R,NYA
rodra001,Rodriguez,Alex,R,R,NYA
rodrf002,Rodriguez,Felix,R,R,NYA
sancr001,Sanchez,Rey,R,R,NYA
shefg001,Sheffield,Gary,R,R,NYA
sierr001,Sierra,Ruben,B,R,NYA
smala001,Small,Aaron,R,R,NYA
stanm003,Stanton,Mike,L,L,NYA
sturt001,Sturtze,Tanyon,R,R,NYA
ventm001,Vento,Mike,R,R,NYA
wangc001,Wang,Chien-Ming,R,R,NYA
willb002,Williams,Bernie,B,R,NYA
womat001,Womack,Tony,L,R,NYA
wrigj002,Wright,Jaret,R,R,NYA
andem003,Anderson,Marlon,L,R,NYN
aybam001,Aybar,Manny,R,R,NYN
bellh001,Bell,Heath,R,R,NYN
beltc001,Beltran,Carlos,B,R,NYN
bensk001,Benson,Kris,R,R,NYN
cairm001,Cairo,Miguel,R,R,NYN
camem001,Cameron,Mike,R,R,NYN
castr002,Castro,Ramon,R,R,NYN
daubb001,Daubach,Brian,L,R,NYN
dejem001,DeJean,Mike,R,R,NYN
diazv001,Diaz,Victor,R,R,NYN
difem001,Difelice,Mike,R,R,NYN
floyc001,Floyd,Cliff,L,R,NYN
glavt001,Glavine,Tom,L,L,NYN
gravd001,Graves,Danny,R,R,NYN
hamut001,Hamulack,Tim,R,L,NYN
heila001,Heilman,Aaron,R,R,NYN
heref001,Heredia,Felix,L,L,NYN
herna003,Hernandez,Anderson,B,R,NYN
hernr001,Hernandez,Roberto,R,R,NYN
ishik001,Ishii,Kazuhisa,L,L,NYN
jacom001,Jacobs,Mike,L,R,NYN
koo-d001,Koo,Dae-Sung,L,L,NYN
loopb001,Looper,Braden,R,R,NYN
martp001,Martinez,Pedro,R,R,NYN
matsk001,Matsui,Kazuo,B,R,NYN
mattm001,Matthews,Mike,L,L,NYN
miend001,Mientkiewicz,Doug,L,R,NYN
offej001,Offerman,Jose,B,R,NYN
padij001,Padilla,Juan,R,R,NYN
piazm001,Piazza,Mike,R,R,NYN
reyej001,Reyes,Jose,B,R,NYN
ringr001,Ring,Royce,L,L,NYN
santj002,Santiago,Jose,R,R,NYN
seo-j001,Seo,Jae Weong,R,R,NYN
takas001,Takatsu,Shingo,R,R,NYN
tracs001,Trachsel,Steve,R,R,NYN
valee002,Valent,Eric,L,L,NYN
willg001,Williams,Gerald,R,R,NYN
woodc001,Woodward,Chris,R,R,NYN
wrigd002,Wright,David,R,R,NYN
zambv001,Zambrano,Victor,B,R,NYN
blanj001,Blanton,Joe,R,R,OAK
bocah001,Bocachica,Hiram,R,R,OAK
bynuf001,Bynum,Freddie,L,R,OAK
byrne001,Byrnes,Eric,R,R,OAK
calek001,Calero,Kiko,R,R,OAK
casta001,Castillo,Alberto,R,R,OAK
chave001,Chavez,Eric,L,R,OAK
clarj003,Clark,Jermaine,L,R,OAK
crosb002,Crosby,Bobby,R,R,OAK
cruzj005,Cruz,Juan,R,R,OAK
doteo001,Dotel,Octavio,R,R,OAK
duchj001,Duchscherer,Justin,R,R,OAK
durae001,Durazo,Erubiel,L,L,OAK
ellim001,Ellis,Mark,R,R,OAK
ethes001,Etherton,Seth,R,R,OAK
florr002,Flores,Ron,L,L,OAK
garcj002,Casilla,Santiago,R,R,OAK
gintk001,Ginter,Keith,R,R,OAK
glynr001,Glynn,Ryan,R,R,OAK
hardr001,Harden,Rich,L,R,OAK
hared001,Haren,Dan,R,R,OAK
harit001,Harikkala,Tim,R,R,OAK
hatts001,Hatteberg,Scott,L,R,OAK
johnd004,Johnson,Dan,L,R,OAK
kendj001,Kendall,Jason,R,R,OAK
kennj001,Kennedy,Joe,R,L,OAK
kielb001,Kielty,Bobby,B,R,OAK
kotsm001,Kotsay,Mark,L,L,OAK
melha001,Melhuse,Adam,B,R,OAK
paytj001,Payton,Jay,R,R,OAK
reamb001,Reames,Britt,R,R,OAK
rincr001,Rincon,Ricardo,L,L,OAK
saark001,Saarloos,Kirk,R,R,OAK
scutm001,Scutaro,Marco,R,R,OAK
streh001,Street,Huston,R,R,OAK
swisn001,Swisher,Nick,B,L,OAK
thomc001,Thomas,Charles,L,L,OAK
watsm002,Watson,Matt,L,R,OAK
witaj001,Witasick,Jay,R,R,OAK
yabuk001,Yabu,Keiichi,R,R,OAK
zitob001,Zito,Barry,L,L,OAK
abreb001,Abreu,Bobby,L,R,PHI
adamt001,Adams,Terry,R,R,PHI
belld002,Bell,David,R,R,PHI
brite001,Brito,Eude,L,L,PHI
burrp001,Burrell,Pat,R,R,PHI
byrdm001,Byrd,Marlon,R,R,PHI
chave002,Chavez,Endy,L,L,PHI
cormr001,Cormier,Rheal,L,L,PHI
floyg001,Floyd,Gavin,R,R,PHI
fulta001,Fultz,Aaron,L,L,PHI
gearg001,Geary,Geoff,R,R,PHI
howar001,Howard,Ryan,L,L,PHI
katam001,Kata,Matt,B,R,PHI
lidlc001,Lidle,Cory,R,R,PHI
liebj001,Lieber,Jon,L,R,PHI
liebm001,Lieberthal,Mike,R,R,PHI
lirip001,Liriano,Pedro,R,R,PHI
loftk001,Lofton,Kenny,L,L,PHI
lopea003,Lopez,Aquilino,R,R,PHI
madsr001,Madson,Ryan,L,R,PHI
martr003,Martinez,Ramon,R,R,PHI
michj001,Michaels,Jason,R,R,PHI
myerb001,Myers,Brett,R,R,PHI
offej001,Offerman,Jose,B,R,PHI
padiv001,Padilla,Vicente,R,R,PHI
peret003,Perez,Tomas,B,R,PHI
polap001,Polanco,Placido,R,R,PHI
pratt001,Pratt,Todd,R,R,PHI
rollj001,Rollins,Jimmy,B,R,PHI
sandd003,Sandoval,Danny,B,R,PHI
tejer001,Tejeda,Rob,R,R,PHI
telea001,Telemaco,Amaury,R,R,PHI
thomj002,Thome,Jim,L,R,PHI
tuckm001,Tucker,Michael,L,R,PHI
urbiu001,Urbina,Ugueth,R,R,PHI
utlec001,Utley,Chase,L,R,PHI
victs001,Victorino,Shane,B,R,PHI
wagnb001,Wagner,Billy,L,L,PHI
wolfr001,Wolf,Randy,L,L,PHI
worrt002,Worrell,Tim,R,R,PHI
ameza001,Amezaga,Alfredo,B,R,PIT
bautj002,Bautista,Jose,R,R,PIT
bay-j001,Bay,Jason,R,R,PIT
bullb001,Bullington,Bryan,R,R,PIT
cappm001,Capps,Matt,R,R,PIT
castj005,Castillo,Jose,R,R,PIT
cotah001,Cota,Humberto,R,R,PIT
doumr001,Doumit,Ryan,B,R,PIT
duffc001,Duffy,Chris,L,L,PIT
dukez001,Duke,Zach,L,L,PIT
eldrb001,Eldred,Brad,R,R,PIT
foggj001,Fogg,Josh,R,R,PIT
furmj001,Furmaniak,J.J.,R,R,PIT
geruj001,Gerut,Jody,L,L,PIT
gonzm001,Gonzalez,Mike,R,L,PIT
gorzt001,Gorzelanny,Tom,L,L,PIT
grabj002,Grabow,John,L,L,PIT
hillb001,Hill,Bobby,B,R,PIT
johnm005,Johnston,Mike,L,L,PIT
lawtm002,Lawton,Matt,L,R,PIT
mackr001,Mackowiak,Rob,L,R,PIT
mahop002,Maholm,Paul,L,L,PIT
mclon001,McLouth,Nate,L,R,PIT
meadb001,Meadows,Brian,R,R,PIT
mesaj001,Mesa,Jose,R,R,PIT
paulr001,Paulino,Ronny,R,R,PIT
pereo002,Perez,Oliver,L,L,PIT
redmm002,Redman,Mark,L,L,PIT
redmt001,Redman,Tike,L,L,PIT
restm001,Restovich,Michael,R,R,PIT
rossd001,Ross,David,R,R,PIT
sadlr001,Sadler,Ray,R,R,PIT
sancf001,Sanchez,Freddy,R,R,PIT
santb001,Santiago,Benito,R,R,PIT
sneli001,Snell,Ian,R,R,PIT
torrs001,Torres,Salomon,R,R,PIT
voger001,Vogelsong,Ryan,R,R,PIT
wardd002,Ward,Daryle,L,L,PIT
wellk001,Wells,Kip,R,R,PIT
whitr002,White,Rick,R,R,PIT
wiggt001,Wigginton,Ty,R,R,PIT
willd002,Williams,David,L,L,PIT
wilsc003,Wilson,Craig,R,R,PIT
wilsj002,Wilson,Jack,R,R,PIT
alexm001,Alexander,Manny,R,R,SDN
astap001,Astacio,Pedro,R,R,SDN
blumg001,Blum,Geoff,B,R,SDN
bresc001,Breslow,Craig,L,L,SDN
burrs001,Burroughs,Sean,L,R,SDN
casss001,Cassidy,Scott,R,R,SDN
eatoa001,Eaton,Adam,R,R,SDN
falkb001,Falkenborg,Brian,R,R,SDN
fickr001,Fick,Robert,L,R,SDN
garcj001,Garcia,Jesse,R,R,SDN
gileb002,Giles,Brian,L,L,SDN
greek002,Greene,Khalil,R,R,SDN
hammc001,Hammond,Chris,L,L,SDN
hensc002,Hensley,Clay,R,R,SDN
hernr002,Hernandez,Ramon,R,R,SDN
hofft001,Hoffman,Trevor,R,R,SDN
hyzda001,Hyzdu,Adam,R,R,SDN
jackd003,Jackson,Damian,R,R,SDN
johnb003,Johnson,Ben,R,R,SDN
klesr001,Klesko,Ryan,L,L,SDN
lawrb001,Lawrence,Brian,R,R,SDN
lines001,Linebrink,Scott,R,R,SDN
lorem001,Loretta,Mark,R,R,SDN
may-d002,May,Darrell,L,L,SDN
mcanp001,McAnulty,Paul,L,R,SDN
nadyx001,Nady,Xavier,R,R,SDN
nevip001,Nevin,Phil,R,R,SDN
ojedm001,Ojeda,Miguel,R,R,SDN
olivm001,Olivo,Miguel,R,R,SDN
otsua001,Otsuka,Akinori,R,R,SDN
oxspc001,Oxspring,Chris,L,R,SDN
parkc002,Park,Chan Ho,R,R,SDN
peavj001,Peavy,Jake,R,R,SDN
quanp001,Quantrill,Paul,L,R,SDN
randj002,Randa,Joe,R,R,SDN
reddt001,Redding,Tim,R,R,SDN
reyed001,Reyes,Dennys,R,L,SDN
robed001,Roberts,Dave,L,L,SDN
rossd001,Ross,David,R,R,SDN
seanr001,Seanez,Rudy,R,R,SDN
staut001,Stauffer,Tim,R,R,SDN
sweem001,Sweeney,Mark,L,L,SDN
valdw001,Valdez,Wilson,R,R,SDN
willr003,Williams,Randy,L,L,SDN
willw001,Williams,Woody,R,R,SDN
youne001,Young,Eric,R,R,SDN
atchs001,Atchison,Scott,R,R,SEA
belta001,Beltre,Adrian,R,R,SEA
betay001,Betancourt,Yuniesky,R,R,SEA
bloow001,Bloomquist,Willie,R,R,SEA
boonb002,Boone,Bret,R,R,SEA
bordp001,Borders,Pat,R,R,SEA
bubej001,Bubela,Jaime,L,R,SEA
campj002,Campillo,Jorge,R,R,SEA
choos001,Choo,Shin-Soo,L,L,SEA
dobbg001,Dobbs,Greg,L,R,SEA
franr001,Franklin,Ryan,R,R,SEA
gonzw001,Gonzalez,Wiki,R,R,SEA
guare001,Guardado,Eddie,R,L,SEA
hansd001,Hansen,Dave,L,R,SEA
harrj001,Harris,Jeff,R,R,SEA
hases001,Hasegawa,Shigetoshi,R,R,SEA
hernf002,Hernandez,Felix,R,R,SEA
ibanr001,Ibanez,Raul,L,R,SEA
kidam001,Kida,Masao,R,R,SEA
lopej003,Lopez,Jose,R,R,SEA
madrb001,Madritsch,Bobby,L,L,SEA
matej001,Mateo,Julio,R,R,SEA
mechg001,Meche,Gil,R,R,SEA
morsm001,Morse,Michael,R,R,SEA
moyej001,Moyer,Jamie,L,L,SEA
nagec001,Nageotte,Clint,R,R,SEA
nelsj001,Nelson,Jeff,R,R,SEA
ojedm001,Ojeda,Miguel,R,R,SEA
olivm001,Olivo,Miguel,R,R,SEA
pinej001,Pineiro,Joel,R,R,SEA
putzj001,Putz,J.J.,R,R,SEA
reedj004,Reed,Jeremy,L,L,SEA
river003,Rivera,Rene,R,R,SEA
santr002,Santiago,Ramon,B,R,SEA
selea001,Sele,Aaron,R,R,SEA
sexsr001,Sexson,Richie,R,R,SEA
sherg001,Sherrill,George,L,L,SEA
snelc001,Snelling,Chris,L,L,SEA
sorir001,Soriano,Rafael,R,R,SEA
spies001,Spiezio,Scott,B,R,SEA
stroj002,Strong,Jamal,R,R,SEA
suzui001,Suzuki,Ichiro,L,R,SEA
thorm001,Thornton,Matt,L,L,SEA
torry001,Torrealba,Yorvit,R,R,SEA
valdw001,Valdez,Wilson,R,R,SEA
villr001,Villone,Ron,L,L,SEA
wilsd001,Wilson,Dan,R,R,SEA
winnr001,Winn,Randy,B,R,SEA
accaj001,Accardo,Jeremy,R,R,SFN
alfoe001,Alfonzo,Edgardo,R,R,SFN
aloum001,Alou,Moises,R,R,SFN
benia001,Benitez,Armando,R,R,SFN
bondb001,Bonds,Barry,L,L,SFN
browj003,Brower,Jim,R,R,SFN
cainm001,Cain,Matt,R,R,SFN
chava002,Chavez,Angel,R,R,SFN
chrij002,Christiansen,Jason,R,L,SFN
clard002,Clark,Doug,L,R,SFN
coopb001,Cooper,Brian,R,R,SFN
corrk001,Correia,Kevin,R,R,SFN
cruzd001,Cruz,Deivi,R,R,SFN
dallb001,Dallimore,Brian,R,R,SFN
durhr001,Durham,Ray,B,R,SFN
ellij001,Ellison,Jason,R,R,SFN
eyres001,Eyre,Scott,L,L,SFN
fassj001,Fassero,Jeff,L,L,SFN
felip001,Feliz,Pedro,R,R,SFN
foppj001,Foppert,Jesse,R,R,SFN
grism001,Grissom,Marquis,R,R,SFN
haady001,Haad,Yamid,R,R,SFN
hawkl001,Hawkins,LaTroy,R,R,SFN
hennb001,Hennessey,Brad,R,R,SFN
hergm001,Herges,Matt,L,R,SFN
kinnm002,Kinney,Matt,R,R,SFN
knoej001,Knoedler,Justin,R,R,SFN
levia001,Levine,Al,L,R,SFN
lindt001,Linden,Todd,B,R,SFN
lowrn001,Lowry,Noah,R,L,SFN
mathm001,Matheny,Mike,R,R,SFN
munts001,Munter,Scott,R,R,SFN
niekl001,Niekro,Lance,R,R,SFN
ortmd001,Ortmeier,Daniel,B,L,SFN
puffb001,Puffer,Brandon,R,R,SFN
ramij001,Ramirez,Julio,R,R,SFN
ruetk001,Rueter,Kirk,L,L,SFN
sanca003,Sanchez,Alex,L,L,SFN
schmj001,Schmidt,Jason,R,R,SFN
shaba001,Shabala,Adam,L,R,SFN
snowj001,Snow,J.T.,L,L,SFN
tascj001,Taschner,Jack,L,L,SFN
tomkb001,Tomko,Brett,R,R,SFN
torct001,Torcato,Tony,L,R,SFN
torry001,Torrealba,Yorvit,R,R,SFN
tuckm001,Tucker,Michael,L,R,SFN
vizqo001,Vizquel,Omar,B,R,SFN
walkt003,Walker,Tyler,R,R,SFN
willj003,Williams,Jerome,R,R,SFN
winnr001,Winn,Randy,B,R,SFN
calic001,Cali,Carmen,L,L,SLN
carpc002,Carpenter,Chris,R,R,SLN
ceder001,Cedeno,Roger,B,R,SLN
diaze002,Diaz,Einar,R,R,SLN
duncc002,Duncan,Chris,L,R,SLN
ecksd001,Eckstein,David,R,R,SLN
edmoj001,Edmonds,Jim,L,L,SLN
eldrc001,Eldred,Cal,R,R,SLN
florr001,Flores,Randy,L,L,SLN
gallj001,Gall,John,R,R,SLN
grudm001,Grudzielanek,Mark,R,R,SLN
isrij001,Isringhausen,Jason,R,R,SLN
jarvk001,Jarvis,Kevin,L,R,SLN
johnt002,Johnson,Tyler,B,L,SLN
jourj001,Journell,Jimmy,R,R,SLN
kingr001,King,Ray,L,L,SLN
lunah001,Luna,Hector,R,R,SLN
mabrj001,Mabry,John,L,R,SLN
mahom001,Mahoney,Mike,R,R,SLN
marqj001,Marquis,Jason,L,R,SLN
moliy001,Molina,Yadier,R,R,SLN
morrm001,Morris,Matt,R,R,SLN
muldm001,Mulder,Mark,L,L,SLN
nunea001,Nunez,Abraham,B,R,SLN
pujoa001,Pujols,Albert,R,R,SLN
pulsb001,Pulsipher,Bill,L,L,SLN
reyea001,Reyes,Alberto,R,R,SLN
reyea002,Reyes,Anthony,R,R,SLN
rodrj002,Rodriguez,John,L,L,SLN
roles001,Rolen,Scott,R,R,SLN
sandr002,Sanders,Reggie,R,R,SLN
schus001,Schumaker,Skip,L,R,SLN
seabs001,Seabol,Scott,R,R,SLN
suppj001,Suppan,Jeff,R,R,SLN
tagus001,Taguchi,So,R,R,SLN
tavaj001,Tavarez,Julian,L,R,SLN
thomb002,Thompson,Brad,R,R,SLN
waina001,Wainwright,Adam,R,R,SLN
walkl001,Walker,Larry,L,R,SLN
whitg001,White,Gabe,L,L,SLN
baezd001,Baez,Danys,R,R,TBA
beimj001,Beimel,Joe,L,L,TBA
bellr003,Bell,Rob,R,R,TBA
boroj001,Borowski,Joe,R,R,TBA
brazd001,Brazelton,Dewon,R,R,TBA
cantj001,Cantu,Jorge,R,R,TBA
cartl002,Carter,Lance,R,R,TBA
cashk001,Cash,Kevin,R,R,TBA
coloj001,Colome,Jesus,R,R,TBA
corct002,Corcoran,Tim,R,R,TBA
cortf001,Cortez,Fernando,L,R,TBA
crawc002,Crawford,Carl,L,L,TBA
fossc001,Fossum,Casey,L,L,TBA
gardl001,Gardner,Lee,R,R,TBA
gathj001,Gathright,Joey,L,R,TBA
gomej001,Gomes,Jonny,R,R,TBA
gonza001,Gonzalez,Alex,R,R,TBA
green001,Green,Nick,R,R,TBA
hallt001,Hall,Toby,R,R,TBA
harpt002,Harper,Travis,L,R,TBA
hendm001,Hendrickson,Mark,L,L,TBA
holld002,Hollins,Damon,R,L,TBA
huffa001,Huff,Aubrey,L,R,TBA
johnc002,Johnson,Charles,R,R,TBA
kazms001,Kazmir,Scott,L,L,TBA
lafop001,LaForest,Pete,L,R,TBA
laket001,Laker,Tim,R,R,TBA
lee-t002,Lee,Travis,L,L,TBA
lugoj001,Lugo,Julio,R,R,TBA
mccls002,McClung,Seth,L,R,TBA
millt002,Miller,Trever,R,L,TBA
munse001,Munson,Eric,L,R,TBA
nomoh001,Nomo,Hideo,R,R,TBA
nunef001,Nunez,Franklin,R,R,TBA
orvec001,Orvella,Chad,R,R,TBA
peree001,Perez,Eduardo,R,R,TBA
phelj001,Phelps,Josh,R,R,TBA
sanca003,Sanchez,Alex,L,L,TBA
singc001,Singleton,Chris,L,L,TBA
switj001,Switzer,Jon,L,L,TBA
taylr001,Taylor,Reggie,L,R,TBA
waecd001,Waechter,Doug,R,R,TBA
webbj001,Webb,John,R,R,TBA
allec001,Allen,Chad,R,R,TEX
almac001,Almanzar,Carlos,R,R,TEX
aloms001,Alomar,Sandy,R,R,TEX
astap001,Astacio,Pedro,R,R,TEX
baldj002,Baldwin,James,R,R,TEX
barar001,Barajas,Rod,R,R,TEX
benoj001,Benoit,Joaquin,R,R,TEX
blalh001,Blalock,Hank,L,R,TEX
bottj001,Botts,Jason,B,R,TEX
brocd001,Brocail,Doug,L,R,TEX
bukvr001,Bukvich,Ryan,R,R,TEX
cordf002,Cordero,Francisco,R,R,TEX
delld001,Dellucci,David,L,L,TEX
derom001,DeRosa,Mark,R,R,TEX
dickr001,Dickey,R.A.,R,R,TEX
domij001,Dominguez,Juan,R,R,TEX
dresr001,Drese,Ryan,R,R,TEX
felds001,Feldman,Scott,L,R,TEX
germe001,German,Esteban,R,R,TEX
gonza003,Gonzalez,Adrian,L,L,TEX
grybk001,Gryboski,Kevin,R,R,TEX
hidar001,Hidalgo,Richard,R,R,TEX
karss001,Karsay,Steve,R,R,TEX
lairg001,Laird,Gerald,R,R,TEX
loe-k001,Loe,Kameron,R,R,TEX
mahar001,Mahay,Ron,L,L,TEX
mattg002,Matthews,Gary,B,R,TEX
mcdom001,McDougall,Marshall,R,R,TEX
menck001,Mench,Kevin,R,R,TEX
nevip001,Nevin,Phil,R,R,TEX
nix-l001,Nix,Laynce,L,L,TEX
parkc002,Park,Chan Ho,R,R,TEX
ramie001,Ramirez,Erasmo,L,L,TEX
regin001,Regilio,Nick,R,R,TEX
rilem001,Riley,Matt,L,L,TEX
rodrr005,Rodriguez,Ricardo,L,R,TEX
rogek001,Rogers,Kenny,L,L,TEX
rupej001,Rupe,Josh,R,R,TEX
shoub001,Shouse,Brian,L,L,TEX
soria001,Soriano,Alfonso,R,R,TEX
stanj001,Standridge,Jason,R,R,TEX
teixm001,Teixeira,Mark,B,R,TEX
tejem001,Tejera,Michael,L,L,TEX
thomj003,Thompson,Justin,L,L,TEX
torra001,Torres,Andres,B,R,TEX
volqe001,Volquez,Edinson,R,R,TEX
wasdj001,Wasdin,John,R,R,TEX
wilsc004,Wilson,C.J.,L,L,TEX
younc003,Young,Chris,R,R,TEX
younm003,Young,Michael,R,R,TEX
adamr002,Adams,Russ,L,R,TOR
batim001,Batista,Miguel,R,R,TOR
bushd001,Bush,David,R,R,TOR
cataf001,Catalanotto,Frank,L,R,TOR
chacg001,Chacin,Gustavo,L,L,TOR
chulv001,Chulk,Vinnie,R,R,TOR
domia001,Dominique,Andy,R,R,TOR
downs001,Downs,Scott,L,L,TOR
frasj002,Frasor,Jason,R,R,TOR
gaudc001,Gaudin,Chad,R,R,TOR
grifj002,Griffin,John-Ford,L,L,TOR
grosg002,Gross,Gabe,L,R,TOR
hallr001,Halladay,Roy,R,R,TOR
hilla001,Hill,Aaron,R,R,TOR
hills002,Hillenbrand,Shea,R,R,TOR
hinse001,Hinske,Eric,L,R,TOR
huckk001,Huckaby,Ken,R,R,TOR
hudso001,Hudson,Orlando,B,R,TOR
johnr008,Johnson,Reed,R,R,TOR
koskc001,Koskie,Corey,L,R,TOR
leagb001,League,Brandon,R,R,TOR
lillt001,Lilly,Ted,L,L,TOR
marcs001,Marcum,Shaun,R,R,TOR
mcdoj003,McDonald,John,R,R,TOR
mcgod001,McGowan,Dustin,R,R,TOR
menef001,Menechino,Frank,R,R,TOR
millj002,Miller,Justin,R,R,TOR
myerg001,Myers,Greg,L,R,TOR
quirg001,Quiroz,Guillermo,R,R,TOR
riosa002,Rios,Alex,R,R,TOR
schos001,Schoeneweis,Scott,L,L,TOR
speij001,Speier,Justin,R,R,TOR
towej001,Towers,Josh,R,R,TOR
walkp001,Walker,Pete,R,R,TOR
wellv001,Wells,Vernon,R,R,TOR
whitm002,Whiteside,Matt,R,R,TOR
zaung001,Zaun,Gregg,B,R,TOR
armat002,Armas,Tony,R,R,WAS
ayall001,Ayala,Luis,R,R,WAS
baerc001,Baerga,Carlos,B,R,WAS
benng001,Bennett,Gary,R,R,WAS
bergj001,Bergmann,Jason,R,R,WAS
blant001,Blanco,Tony,R,R,WAS
byrdm001,Byrd,Marlon,R,R,WAS
carrh001,Carrasco,Hector,R,R,WAS
carrj001,Carroll,Jamey,R,R,WAS
castv001,Castilla,Vinny,R,R,WAS
cepim001,Cepicky,Matthew,L,R,WAS
chave002,Chavez,Endy,L,L,WAS
churr001,Church,Ryan,L,L,WAS
cordc001,Cordero,Chad,R,R,WAS
cordw001,Cordero,Wil,R,R,WAS
cruzd001,Cruz,Deivi,R,R,WAS
davij004,Davis,J.J.,R,R,WAS
day-z001,Day,Zach,R,R,WAS
dresr001,Drese,Ryan,R,R,WAS
eiscj001,Eischen,Joey,L,L,WAS
godwt001,Godwin,Tyrell,L,R,WAS
guilj001,Guillen,Jose,R,R,WAS
guzmc001,Guzman,Cristian,B,R,WAS
halaj001,Halama,John,L,L,WAS
hammj001,Hammonds,Jeffrey,R,R,WAS
harrb001,Harris,Brendan,R,R,WAS
hernl003,Hernandez,Livan,R,R,WAS
horgj001,Horgan,Joe,L,L,WAS
hught001,Hughes,Travis,R,R,WAS
johnn001,Johnson,Nick,L,L,WAS
kellk001,Kelly,Kenny,R,R,WAS
kim-s001,Kim,Sun-Woo,R,R,WAS
loaie001,Loaiza,Esteban,R,R,WAS
majeg001,Majewski,Gary,R,R,WAS
mateh001,Mateo,Henry,B,R,WAS
nitkc001,Nitkowski,C.J.,L,L,WAS
ohkat001,Ohka,Tomo,B,R,WAS
osikk001,Osik,Keith,R,R,WAS
osuna002,Osuna,Antonio,R,R,WAS
pattj004,Patterson,John,R,R,WAS
rasnd001,Rasner,Darrell,R,R,WAS
raucj001,Rauch,Jon,R,R,WAS
schnb001,Schneider,Brian,L,R,WAS
shorr001,Short,Rick,R,R,WAS
sledt001,Sledge,Terrmel,L,L,WAS
spivj001,Spivey,Junior,R,R,WAS
stanm003,Stanton,Mike,L,L,WAS
tuckt001,Tucker,T.J.,R,R,WAS
vargc001,Vargas,Claudio,R,R,WAS
vidrj001,Vidro,Jose,B,R,WAS
watsb002,Watson,Brandon,L,R,WAS
whitm003,White,Matt,R,L,WAS
wilkb002,Wilkerson,Brad,L,L,WAS
wilsp002,Wilson,Preston,R,R,WAS
zimmr001,Zimmerman,Ryan,R,R,WAS
