PlayerID,LastName,FirstName,Bats,Pitches,Team
abreb001,Abreu,Bobby,L,R,ANA
amara001,Amarista,Alexi,L,R,ANA
aybae001,Aybar,Erick,B,R,ANA
bellt002,Bell,Trevor,L,R,ANA
bourp001,Bourjos,Peter,R,R,ANA
branr001,Branyan,Russell,L,R,ANA
bulgj001,Bulger,Jason,R,R,ANA
calla001,Callaspo,Alberto,B,R,ANA
cassb001,Cassevah,Bobby,R,R,ANA
chatt001,Chatwood,Tyler,R,R,ANA
congh001,Conger,Hank,B,R,ANA
downs001,Downs,Scott,L,L,ANA
hared001,Haren,Dan,R,R,ANA
huntt001,Hunter,Torii,R,R,ANA
iztum001,Izturis,Maicer,B,R,ANA
jepsk001,Jepsen,Kevin,R,R,ANA
kazms001,Kazmir,Scott,L,L,ANA
kendh001,Kendrick,Howie,R,R,ANA
kohnm001,Kohn,Michael,R,R,ANA
mathj001,Mathis,Jeff,R,R,ANA
moorj001,Moore,Jeremy,L,R,ANA
navae001,Navarro,Efren,L,L,ANA
palmm001,Palmer,Matt,R,R,ANA
pettc001,Pettit,Chris,R,R,ANA
pinej001,Pineiro,Joel,R,R,ANA
ramih002,Ramirez,Horacio,L,L,ANA
richg002,Richards,Garrett,R,R,ANA
rodnf001,Rodney,Fernando,R,R,ANA
rodrf005,Rodriguez,Francisco,R,R,ANA
romia001,Romine,Andrew,B,R,ANA
sante001,Santana,Ervin,R,R,ANA
takah001,Takahashi,Hisanori,L,L,ANA
thomr006,Thompson,Rich,R,R,ANA
troum001,Trout,Mike,R,R,ANA
trumm001,Trumbo,Mark,R,R,ANA
velag002,Velazquez,Gil,R,R,ANA
waldj001,Walden,Jordan,R,R,ANA
weavj003,Weaver,Jered,R,R,ANA
wellv001,Wells,Vernon,R,R,ANA
willj003,Williams,Jerome,R,R,ANA
willr004,Willits,Reggie,B,R,ANA
wilsb002,Wilson,Bobby,R,R,ANA
woodb003,Wood,Brandon,R,R,ANA
alleb001,Allen,Brandon,L,R,ARI
blanh001,Blanco,Henry,R,R,ARI
bloow001,Bloomquist,Willie,R,R,ARI
blumg001,Blum,Geoff,B,R,ARI
branr001,Branyan,Russell,L,R,ARI
brazy001,Brazoban,Yhency,R,R,ARI
burrs001,Burroughs,Sean,L,R,ARI
casta002,Castillo,Alberto,L,L,ARI
collj001,Collmenter,Josh,R,R,ARI
cookr001,Cook,Ryan,R,R,ARI
cowgc001,Cowgill,Collin,R,L,ARI
demes001,Demel,Sam,R,R,ARI
drews001,Drew,Stephen,L,R,ARI
dukez001,Duke,Zach,L,L,ARI
enrib001,Enright,Barry,R,R,ARI
galaa002,Galarraga,Armando,R,R,ARI
gillc002,Gillespie,Cole,R,R,ARI
goldp001,Goldschmidt,Paul,R,R,ARI
gutij002,Gutierrez,Juan,R,R,ARI
hammr001,Hammock,Robby,R,R,ARI
heila001,Heilman,Aaron,R,R,ARI
hernd002,Hernandez,David,R,R,ARI
hilla001,Hill,Aaron,R,R,ARI
hudsd001,Hudson,Daniel,R,R,ARI
johnk003,Johnson,Kelly,L,R,ARI
kenni001,Kennedy,Ian,R,R,ARI
kroez001,Kroenke,Zach,R,L,ARI
marqj001,Marquis,Jason,L,R,ARI
mcdoj003,McDonald,John,R,R,ARI
mickk001,Mickolio,Kameron,R,R,ARI
milew001,Miley,Wade,L,L,ARI
miraj001,Miranda,Juan,L,L,ARI
montm001,Montero,Miguel,L,R,ARI
moram002,Mora,Melvin,R,R,ARI
nadyx001,Nady,Xavier,R,R,ARI
overl001,Overbay,Lyle,L,L,ARI
owinm001,Owings,Micah,R,R,ARI
parkj001,Parker,Jarrod,R,R,ARI
parrg001,Parra,Gerardo,L,L,ARI
patej001,Paterson,Joe,R,L,ARI
penaw001,Pena,Wily Mo,R,R,ARI
putzj001,Putz,J.J.,R,R,ARI
ransc001,Ransom,Cody,R,R,ARI
rober002,Roberts,Ryan,R,R,ARI
saunj001,Saunders,Joe,L,L,ARI
shawb001,Shaw,Bryan,B,R,ARI
uptoj001,Upton,Justin,R,R,ARI
vasqe001,Vasquez,Esmerling,R,R,ARI
wilsj003,Wilson,Josh,R,R,ARI
younc004,Young,Chris,R,R,ARI
ziegb001,Ziegler,Brad,R,R,ARI
beacb001,Beachy,Brandon,R,R,ATL
boscj001,Boscan,J.C.,R,R,ATL
bourm001,Bourn,Michael,L,R,ATL
conrb001,Conrad,Brooks,B,R,ATL
consj001,Constanza,Jose,L,L,ATL
delgr001,Delgado,Randall,R,R,ATL
diazm003,Diaz,Matt,R,R,ATL
freef001,Freeman,Freddie,L,R,ATL
gearc001,Gearrin,Cory,R,R,ATL
gonza002,Gonzalez,Alex,R,R,ATL
hanst001,Hanson,Tommy,R,R,ATL
hernd001,Hernandez,Diory,R,R,ATL
heywj001,Heyward,Jason,L,L,ATL
hickb002,Hicks,Brandon,R,R,ATL
hinse001,Hinske,Eric,L,R,ATL
hudst001,Hudson,Tim,R,R,ATL
jonec004,Jones,Chipper,B,R,ATL
jurrj001,Jurrjens,Jair,R,R,ATL
kimbc001,Kimbrel,Craig,R,R,ATL
lines001,Linebrink,Scott,R,R,ATL
lowed001,Lowe,Derek,R,R,ATL
lugoj001,Lugo,Julio,R,R,ATL
martc005,Martinez,Cristhian,R,R,ATL
mathj002,Mather,Joe,R,R,ATL
mccab002,McCann,Brian,L,R,ATL
mclon001,McLouth,Nate,L,R,ATL
medlk001,Medlen,Kris,B,R,ATL
minom001,Minor,Mike,R,L,ATL
moylp001,Moylan,Peter,R,R,ATL
oflae001,O'Flaherty,Eric,L,L,ATL
pradm001,Prado,Martin,R,R,ATL
procs001,Proctor,Scott,R,R,ATL
ramiw001,Ramirez,Wilkin,R,R,ATL
richa001,Richardson,Antoan,B,R,ATL
rossd001,Ross,David,R,R,ATL
schaj002,Schafer,Jordan,L,L,ATL
sherg001,Sherrill,George,L,L,ATL
tehej001,Teheran,Julio,R,R,ATL
uggld001,Uggla,Dan,R,R,ATL
valdl001,Valdez,Luis,R,R,ATL
varva001,Varvaro,Anthony,R,R,ATL
ventj001,Venters,Jonny,L,L,ATL
vizca001,Vizcaino,Arodys,R,R,ATL
wilsj002,Wilson,Jack,R,R,ATL
younm004,Young,Matt,L,R,ATL
accaj001,Accardo,Jeremy,R,R,BAL
adamr003,Adams,Ryan,R,R,BAL
andir001,Andino,Robert,R,R,BAL
anglm001,Angle,Matt,L,R,BAL
arrij001,Arrieta,Jake,R,R,BAL
atkim001,Atkins,Mitch,R,R,BAL
bellj004,Bell,Josh,B,R,BAL
bergb002,Bergesen,Brad,L,R,BAL
berkj001,Berken,Jason,R,R,BAL
britz001,Britton,Zach,L,L,BAL
davib005,Davis,Blake,L,R,BAL
davic003,Davis,Chris,L,R,BAL
eyrew001,Eyre,Willie,R,R,BAL
florp001,Florimon,Pedro,B,R,BAL
fox-j001,Fox,Jake,R,R,BAL
gonzm001,Gonzalez,Mike,R,L,BAL
gregk001,Gregg,Kevin,R,R,BAL
guerv001,Guerrero,Vladimir,R,R,BAL
guthj001,Guthrie,Jeremy,R,R,BAL
hardj003,Hardy,J.J.,R,R,BAL
hendm001,Hendrickson,Mark,L,L,BAL
hudsk001,Hudson,Kyle,L,L,BAL
huntt002,Hunter,Tommy,R,R,BAL
iztuc001,Izturis,Cesar,B,R,BAL
jakuc001,Jakubauskas,Chris,L,R,BAL
johnj010,Johnson,Jim,R,R,BAL
jonea003,Jones,Adam,R,R,BAL
lee-d002,Lee,Derrek,R,R,BAL
markn001,Markakis,Nick,L,L,BAL
matub001,Matusz,Brian,L,L,BAL
pattt001,Patton,Troy,B,L,BAL
philz001,Phillips,Zach,L,L,BAL
pie-f001,Pie,Felix,L,L,BAL
rapac001,Rapada,Clay,R,L,BAL
reimn001,Reimold,Nolan,R,R,BAL
reyej003,Reyes,Jo-Jo,L,L,BAL
reynm001,Reynolds,Mark,R,R,BAL
robeb003,Roberts,Brian,B,R,BAL
rupej001,Rupe,Josh,R,R,BAL
scotl001,Scott,Luke,L,R,BAL
simoa001,Simon,Alfredo,R,R,BAL
snydb003,Snyder,Brandon,R,R,BAL
strop001,Strop,Pedro,R,R,BAL
tatuc001,Tatum,Craig,R,R,BAL
tillc001,Tillman,Chris,R,R,BAL
uehak001,Uehara,Koji,R,R,BAL
vandr001,van den Hurk,Rick,R,R,BAL
violp001,Viola,Pedro,R,L,BAL
wietm001,Wieters,Matt,B,R,BAL
worrm001,Worrell,Mark,R,R,BAL
aceva001,Aceves,Alfredo,R,R,BOS
albem001,Albers,Matt,L,R,BOS
andel002,Anderson,Lars,L,L,BOS
atchs001,Atchison,Scott,R,R,BOS
avilm001,Aviles,Mike,R,R,BOS
bardd001,Bard,Daniel,R,R,BOS
beckj002,Beckett,Josh,R,R,BOS
bedae001,Bedard,Erik,L,L,BOS
bowdm001,Bowden,Michael,R,R,BOS
buchc001,Buchholz,Clay,L,R,BOS
camem001,Cameron,Mike,R,R,BOS
crawc002,Crawford,Carl,L,L,BOS
doubf001,Doubront,Felix,L,L,BOS
drewj001,Drew,J.D.,L,R,BOS
ellsj001,Ellsbury,Jacoby,L,L,BOS
gathj001,Gathright,Joey,L,R,BOS
gonza003,Gonzalez,Adrian,L,L,BOS
hillr001,Hill,Rich,L,L,BOS
hottt001,Hottovy,Tommy,L,L,BOS
iglej001,Iglesias,Jose,R,R,BOS
jackc002,Jackson,Conor,R,R,BOS
jenkb001,Jenks,Bobby,R,R,BOS
lackj001,Lackey,John,R,R,BOS
lavar001,Lavarnway,Ryan,R,R,BOS
lestj001,Lester,Jon,L,L,BOS
lowrj001,Lowrie,Jed,B,R,BOS
matsd001,Matsuzaka,Daisuke,R,R,BOS
mcdod002,McDonald,Darnell,R,R,BOS
milla002,Miller,Andrew,L,L,BOS
millt002,Miller,Trever,R,L,BOS
moraf001,Morales,Franklin,L,L,BOS
navay001,Navarro,Yamaico,R,R,BOS
okajh001,Okajima,Hideki,L,L,BOS
ortid001,Ortiz,David,L,L,BOS
papej001,Papelbon,Jonathan,R,R,BOS
pedrd001,Pedroia,Dustin,R,R,BOS
reddj001,Reddick,Josh,L,R,BOS
reyed001,Reyes,Dennys,R,L,BOS
saltj001,Saltalamacchia,Jarrod,B,R,BOS
scutm001,Scutaro,Marco,R,R,BOS
spean001,Spears,Nate,L,R,BOS
suttd002,Sutton,Drew,B,R,BOS
tazaj001,Tazawa,Junichi,R,R,BOS
varij001,Varitek,Jason,B,R,BOS
waket001,Wakefield,Tim,R,R,BOS
weilk001,Weiland,Kyle,L,R,BOS
wheed001,Wheeler,Dan,R,R,BOS
willr003,Williams,Randy,L,L,BOS
youkk001,Youkilis,Kevin,R,R,BOS
axeld001,Axelrod,Dylan,R,R,CHA
beckg001,Beckham,Gordon,R,R,CHA
brunb001,Bruney,Brian,R,R,CHA
buehm001,Buehrle,Mark,L,L,CHA
castr002,Castro,Ramon,R,R,CHA
craij001,Crain,Jesse,R,R,CHA
dankj001,Danks,John,L,L,CHA
deaza001,de Aza,Alejandro,L,L,CHA
dunna001,Dunn,Adam,L,R,CHA
escoe001,Escobar,Eduardo,B,R,CHA
flowt001,Flowers,Tyler,R,R,CHA
floyg001,Floyd,Gavin,R,R,CHA
frasj002,Frasor,Jason,R,R,CHA
grayj002,Gray,Jeff,R,R,CHA
harrl002,Harrell,Lucas,B,R,CHA
humbp001,Humber,Philip,R,R,CHA
jacke001,Jackson,Edwin,R,R,CHA
kinnj001,Kinney,Josh,R,R,CHA
konep001,Konerko,Paul,R,R,CHA
lillb001,Lillibridge,Brent,R,R,CHA
linds001,Lindsay,Shane,R,R,CHA
lucyd001,Lucy,Donny,R,R,CHA
mcphd001,McPherson,Dallas,L,R,CHA
milll002,Milledge,Lastings,R,R,CHA
moreb001,Morel,Brent,R,R,CHA
ohmaw001,Ohman,Will,L,L,CHA
peavj001,Peavy,Jake,R,R,CHA
penat003,Pena,Tony,R,R,CHA
piera001,Pierzynski,A.J.,L,R,CHA
pierj002,Pierre,Juan,L,L,CHA
quenc001,Quentin,Carlos,R,R,CHA
ramia003,Ramirez,Alexei,R,R,CHA
reeda001,Reed,Addison,L,R,CHA
riosa002,Rios,Alex,R,R,CHA
salec001,Sale,Chris,L,L,CHA
santh001,Santiago,Hector,R,L,CHA
sants001,Santos,Sergio,R,R,CHA
stewz001,Stewart,Zach,R,R,CHA
teahm001,Teahen,Mark,L,R,CHA
thorm001,Thornton,Matt,L,L,CHA
vicid001,Viciedo,Dayan,R,R,CHA
vizqo001,Vizquel,Omar,B,R,CHA
bakej001,Baker,Jeff,R,R,CHN
barnd001,Barney,Darwin,R,R,CHN
bergj002,Berg,Justin,R,R,CHN
byrdm001,Byrd,Marlon,R,R,CHN
campt001,Campana,Tony,L,L,CHN
carpc003,Carpenter,Chris,R,R,CHN
casha001,Cashner,Andrew,R,R,CHN
casts001,Castro,Starlin,R,R,CHN
castw002,Castillo,Welington,R,R,CHN
clevs001,Clevenger,Steve,L,R,CHN
colec001,Coleman,Casey,L,R,CHN
colvt001,Colvin,Tyler,L,L,CHN
david002,Davis,Doug,R,L,CHN
dempr002,Dempster,Ryan,R,R,CHN
dewib001,DeWitt,Blake,L,R,CHN
dolir001,Dolis,Rafael,R,R,CHN
fukuk001,Fukudome,Kosuke,L,R,CHN
garzm001,Garza,Matt,R,R,CHN
gaubj001,Gaub,John,R,L,CHN
grabj002,Grabow,John,L,L,CHN
hillk002,Hill,Koyie,B,R,CHN
johnr008,Johnson,Reed,R,R,CHN
lahab001,LaHair,Bryan,L,R,CHN
lemad001,LeMahieu,DJ,R,R,CHN
loper001,Lopez,Rodrigo,R,R,CHN
mains001,Maine,Scott,L,L,CHN
marmc001,Marmol,Carlos,R,R,CHN
marss002,Marshall,Sean,L,L,CHN
matem001,Mateo,Marcos,R,R,CHN
montl001,Montanez,Luis,R,R,CHN
ortir002,Ortiz,Ramon,R,R,CHN
penac001,Pena,Carlos,L,L,CHN
ramia001,Ramirez,Aramis,R,R,CHN
russj003,Russell,James,L,L,CHN
samaj001,Samardzija,Jeff,R,R,CHN
snydb002,Snyder,Brad,L,L,CHN
soria001,Soriano,Alfonso,R,R,CHN
sotog001,Soto,Geovany,R,R,CHN
stevj001,Stevens,Jeff,R,R,CHN
wellr001,Wells,Randy,R,R,CHN
woodk002,Wood,Kerry,R,R,CHN
zambc001,Zambrano,Carlos,B,R,CHN
alony001,Alonso,Yonder,L,R,CIN
arrej001,Arredondo,Jose,R,R,CIN
arrob001,Arroyo,Bronson,R,R,CIN
bailh001,Bailey,Homer,R,R,CIN
brayb001,Bray,Bill,L,L,CIN
brucj001,Bruce,Jay,L,L,CIN
burtj001,Burton,Jared,R,R,CIN
cairm001,Cairo,Miguel,R,R,CIN
chapa001,Chapman,Aroldis,L,L,CIN
cordf002,Cordero,Francisco,R,R,CIN
cozaz001,Cozart,Zack,R,R,CIN
cuetj001,Cueto,Johnny,R,R,CIN
fishc001,Fisher,Carlos,R,R,CIN
franj005,Francisco,Juan,L,R,CIN
frazt001,Frazier,Todd,R,R,CIN
gomej001,Gomes,Jonny,R,R,CIN
hanir001,Hanigan,Ryan,R,R,CIN
heisc001,Heisey,Chris,R,R,CIN
hermj001,Hermida,Jeremy,L,R,CIN
hernr002,Hernandez,Ramon,R,R,CIN
horsj001,Horst,Jeremy,L,L,CIN
janip001,Janish,Paul,R,R,CIN
leakm001,Leake,Mike,R,R,CIN
lecus001,LeCure,Sam,R,R,CIN
lewif001,Lewis,Fred,L,R,CIN
malom001,Maloney,Matt,L,L,CIN
massn001,Masset,Nick,R,R,CIN
mesod001,Mesoraco,Devin,R,R,CIN
ondrl001,Ondrusek,Logan,R,R,CIN
philb001,Phillips,Brandon,R,R,CIN
reinc001,Reineke,Chad,R,R,CIN
rente001,Renteria,Edgar,R,R,CIN
roles001,Rolen,Scott,R,R,CIN
sappd001,Sappelt,Dave,R,R,CIN
smitj003,Smith,Jordan,R,R,CIN
stubd001,Stubbs,Drew,R,R,CIN
thomd003,Thompson,Daryl,R,R,CIN
valac001,Valaika,Chris,R,R,CIN
volqe001,Volquez,Edinson,R,R,CIN
vottj001,Votto,Joey,L,R,CIN
willd003,Willis,Dontrelle,L,L,CIN
woodt004,Wood,Travis,R,L,CIN
branm003,Brantley,Michael,L,L,CLE
buckt001,Buck,Travis,L,R,CLE
cabra002,Cabrera,Asdrubal,B,R,CLE
cabro001,Cabrera,Orlando,R,R,CLE
carmf001,Carmona,Fausto,R,R,CLE
carrc003,Carrasco,Carlos,R,R,CLE
carre001,Carrera,Ezequiel,L,L,CLE
chisl001,Chisenhall,Lonnie,L,R,CLE
choos001,Choo,Shin-Soo,L,L,CLE
crowt001,Crowe,Trevor,B,R,CLE
donaj002,Donald,Jason,R,R,CLE
duncs001,Duncan,Shelley,R,R,CLE
durbc001,Durbin,Chad,R,R,CLE
evera001,Everett,Adam,R,R,CLE
fukuk001,Fukudome,Kosuke,L,R,CLE
germj001,Germano,Justin,R,R,CLE
gomej002,Gomez,Jeanmar,R,R,CLE
hafnt001,Hafner,Travis,L,R,CLE
hagan001,Hagadone,Nick,L,L,CLE
hannj001,Hannahan,Jack,L,R,CLE
headj001,Head,Jerad,R,R,CLE
herrf001,Herrmann,Frank,L,R,CLE
huffd001,Huff,David,B,L,CLE
jimeu001,Jimenez,Ubaldo,R,R,CLE
judyj001,Judy,Josh,R,R,CLE
keara001,Kearns,Austin,R,R,CLE
kipnj001,Kipnis,Jason,L,R,CLE
klubc001,Kluber,Corey,R,R,CLE
lapom001,LaPorta,Matt,R,R,CLE
marsl001,Marson,Lou,R,R,CLE
mastj001,Masterson,Justin,R,R,CLE
mcalz001,McAllister,Zach,R,R,CLE
perec002,Perez,Chris,R,R,CLE
perer002,Perez,Rafael,L,L,CLE
pestv001,Pestano,Vinnie,R,R,CLE
phelc001,Phelps,Cord,B,R,CLE
putnz001,Putnam,Zach,R,R,CLE
santc002,Santana,Carlos,B,R,CLE
sippt001,Sipp,Tony,L,L,CLE
sizeg001,Sizemore,Grady,L,L,CLE
smitj002,Smith,Joe,R,R,CLE
talbm001,Talbot,Mitch,R,R,CLE
thomj002,Thome,Jim,L,R,CLE
tomlj001,Tomlin,Josh,R,R,CLE
valbl001,Valbuena,Luis,L,R,CLE
whita001,White,Alex,R,R,CLE
alfoe002,Alfonzo,Eliezer,R,R,COL
ameza001,Amezaga,Alfredo,B,R,COL
belim001,Belisle,Matt,R,R,COL
betar001,Betancourt,Rafael,R,R,COL
billb002,Billings,Bruce,R,R,COL
blacc001,Blackmon,Charlie,L,L,COL
brotr001,Brothers,Rex,L,L,COL
chacj001,Chacin,Jhoulys,R,R,COL
cooka002,Cook,Aaron,R,R,COL
dalem002,Daley,Matt,R,R,COL
delaj001,de la Rosa,Jorge,L,L,COL
ellim001,Ellis,Mark,R,R,COL
escae001,Escalona,Edgmer,R,R,COL
fielt001,Field,Thomas,R,R,COL
fowld001,Fowler,Dexter,B,R,COL
garnc001,Garner,Cole,R,R,COL
giamj001,Giambi,Jason,L,R,COL
gomeh001,Gomez,Hector,R,R,COL
gonzc001,Gonzalez,Carlos,L,L,COL
gonze001,Gonzalez,Edgar,R,R,COL
hammj002,Hammel,Jason,R,R,COL
heltt001,Helton,Todd,L,L,COL
herrj002,Herrera,Jonathan,B,R,COL
iannc001,Iannetta,Chris,R,R,COL
jimeu001,Jimenez,Ubaldo,R,R,COL
johna002,Johnson,Alan,R,R,COL
kouzk001,Kouzmanoff,Kevin,R,R,COL
lindm001,Lindstrom,Matt,R,R,COL
lopej003,Lopez,Jose,R,R,COL
millj005,Miller,Jim,R,R,COL
millk004,Millwood,Kevin,R,R,COL
moraf001,Morales,Franklin,L,L,COL
moraj002,Morales,Jose,B,R,COL
mortc003,Mortensen,Clayton,R,R,COL
nelsc001,Nelson,Chris,R,R,COL
nicaj001,Nicasio,Juan,R,R,COL
pachj001,Pacheco,Jordan,R,R,COL
pagnm001,Pagnozzi,Matt,R,R,COL
paulf001,Paulino,Felipe,R,R,COL
pomed001,Pomeranz,Drew,R,L,COL
reyng001,Reynolds,Greg,R,R,COL
reynm002,Reynolds,Matt,L,L,COL
roenj001,Roenicke,Josh,R,R,COL
rogee002,Rogers,Esmil,R,R,COL
romej001,Romero,J.C.,B,L,COL
rosaw001,Rosario,Wilin,R,R,COL
smits002,Smith,Seth,L,L,COL
spilr001,Spilborghs,Ryan,R,R,COL
stewi001,Stewart,Ian,L,R,COL
streh001,Street,Huston,R,R,COL
stule002,Stults,Eric,L,L,COL
tulot001,Tulowitzki,Troy,R,R,COL
whita001,White,Alex,R,R,COL
wiggt001,Wigginton,Ty,R,R,COL
youne003,Young,Eric,B,R,COL
albua001,Alburquerque,Al,R,R,DET
avila001,Avila,Alex,L,R,DET
belod001,Below,Duane,L,L,DET
benoj001,Benoit,Joaquin,R,R,DET
betew001,Betemit,Wilson,B,R,DET
boesb001,Boesch,Brennan,L,L,DET
cabrm001,Cabrera,Miguel,R,R,DET
cokep001,Coke,Phil,L,L,DET
dirka001,Dirks,Andy,L,L,DET
fistd001,Fister,Doug,L,R,DET
furbc001,Furbush,Charlie,L,L,DET
gonze002,Gonzalez,Enrique,R,R,DET
guilc001,Guillen,Carlos,B,R,DET
ingeb001,Inge,Brandon,R,R,DET
jacka001,Jackson,Austin,R,R,DET
kelld001,Kelly,Don,L,R,DET
martl003,Marte,Luis,R,R,DET
martv001,Martinez,Victor,B,R,DET
oliva002,Oliver,Andy,L,L,DET
olivl001,Oliveros,Lester,R,R,DET
ordom001,Ordonez,Magglio,R,R,DET
pauld001,Pauley,David,R,R,DET
pennb002,Penny,Brad,R,R,DET
peraj001,Peralta,Jhonny,R,R,DET
perrr001,Perry,Ryan,R,R,DET
porcr001,Porcello,Rick,R,R,DET
purcd001,Purcey,David,L,L,DET
rabur001,Raburn,Ryan,R,R,DET
rhymw001,Rhymes,Will,L,R,DET
ruffc001,Ruffin,Chance,R,R,DET
santo001,Santos,Omir,R,R,DET
santr002,Santiago,Ramon,B,R,DET
schem001,Scherzer,Max,R,R,DET
schld001,Schlereth,Daniel,L,L,DET
sizes001,Sizemore,Scott,R,R,DET
thomb001,Thomas,Brad,L,L,DET
turnj002,Turner,Jacob,R,R,DET
valvj001,Valverde,Jose,R,R,DET
verlj001,Verlander,Justin,R,R,DET
villb002,Villarreal,Brayan,R,R,DET
weinr001,Weinhardt,Robbie,R,R,DET
wellc001,Wells,Casper,R,R,DET
wilka001,Wilk,Adam,L,L,DET
wortd001,Worth,Danny,R,R,DET
yound003,Young,Delmon,R,R,DET
ameza001,Amezaga,Alfredo,B,R,FLO
badeb001,Badenhop,Burke,R,R,FLO
bakej002,Baker,John,L,R,FLO
bonie001,Bonifacio,Emilio,B,R,FLO
buckj001,Buck,John,R,R,FLO
buenj001,Buente,Jay,R,R,FLO
camem001,Cameron,Mike,R,R,FLO
cedaj001,Ceda,Jose,R,R,FLO
choar001,Choate,Randy,L,L,FLO
cishs001,Cishek,Steve,R,R,FLO
coghc001,Coghlan,Chris,L,R,FLO
couss001,Cousins,Scott,L,L,FLO
dobbg001,Dobbs,Greg,L,R,FLO
domim001,Dominguez,Matt,R,R,FLO
dunnm002,Dunn,Michael,L,L,FLO
handb001,Hand,Brad,L,L,FLO
hatcc002,Hatcher,Chris,B,R,FLO
hayeb001,Hayes,Brett,R,R,FLO
helmw001,Helms,Wes,R,R,FLO
hensc002,Hensley,Clay,R,R,FLO
infao001,Infante,Omar,R,R,FLO
johnj009,Johnson,Josh,L,R,FLO
lopej003,Lopez,Jose,R,R,FLO
marto001,Martinez,Osvaldo,R,R,FLO
morrl001,Morrison,Logan,L,L,FLO
mujie001,Mujica,Edward,R,R,FLO
murpd004,Murphy,Donnie,R,R,FLO
nolar001,Nolasco,Ricky,R,R,FLO
nunel001,Nunez,Leo,R,R,FLO
peteb001,Petersen,Bryan,L,R,FLO
ramih003,Ramirez,Hanley,R,R,FLO
rosas001,Rosario,Sandy,R,R,FLO
rottv001,Rottino,Vinny,R,R,FLO
sanaa001,Sanabia,Alex,R,R,FLO
sanca004,Sanchez,Anibal,R,R,FLO
sancb001,Sanches,Brian,R,R,FLO
sancg001,Sanchez,Gaby,R,R,FLO
stanm004,Stanton,Giancarlo,R,R,FLO
thurj001,Thurston,Joseph,L,R,FLO
vazqj001,Vazquez,Javier,R,R,FLO
ville002,Villanueva,Elih,R,R,FLO
volsc001,Volstad,Chris,R,R,FLO
webbr001,Webb,Ryan,R,R,FLO
wised001,Wise,Dewayne,L,L,FLO
abadf001,Abad,Fernando,L,L,HOU
abrej002,Abreu,Juan,R,R,HOU
altuj001,Altuve,Jose,R,R,HOU
barmc001,Barmes,Clint,R,R,HOU
bogub001,Bogusevic,Brian,L,L,HOU
bourj001,Bourgeois,Jason,R,R,HOU
bourm001,Bourn,Michael,L,R,HOU
cancr001,Cancel,Robinson,R,R,HOU
carpd001,Carpenter,David,R,R,HOU
cedex001,Cedeno,Xavier,L,L,HOU
corpc001,Corporan,Carlos,B,R,HOU
delre001,Del Rosario,Enerio,R,R,HOU
downm001,Downs,Matt,R,R,HOU
dural001,Durango,Luis,B,R,HOU
escas001,Escalona,Sergio,L,L,HOU
figun001,Figueroa,Nelson,B,R,HOU
fulcj001,Fulchino,Jeff,R,R,HOU
hallb001,Hall,Bill,R,R,HOU
happj001,Happ,J.A.,L,L,HOU
harrl002,Harrell,Lucas,B,R,HOU
inglj001,Inglett,Joe,L,R,HOU
johnc003,Johnson,Chris,R,R,HOU
keppj001,Keppinger,Jeff,R,R,HOU
lee-c001,Lee,Carlos,R,R,HOU
lopew001,Lopez,Wilton,R,R,HOU
lylej001,Lyles,Jordan,R,R,HOU
lyonb003,Lyon,Brandon,R,R,HOU
martj006,Martinez,J.D.,R,R,HOU
melam001,Melancon,Mark,R,R,HOU
michj001,Michaels,Jason,R,R,HOU
myerb001,Myers,Brett,R,R,HOU
norrb001,Norris,Bud,R,R,HOU
parej002,Paredes,Jimmy,B,R,HOU
pench001,Pence,Hunter,R,R,HOU
pendl001,Pendleton,Lance,L,R,HOU
quinh001,Quintero,Humberto,R,R,HOU
rodra002,Rodriguez,Aneury,R,R,HOU
rodrf004,Rodriguez,Fernando,R,R,HOU
rodrw002,Rodriguez,Wandy,B,L,HOU
sanca005,Sanchez,Angel,R,R,HOU
schaj002,Schafer,Jordan,L,L,HOU
shucj001,Shuck,J.B.,L,L,HOU
sosah001,Sosa,Henry,R,R,HOU
towlj001,Towles,J.R.,R,R,HOU
valdj001,Valdez,Jose,R,R,HOU
wallb001,Wallace,Brett,L,R,HOU
wrigw001,Wright,Wesley,R,L,HOU
adcon001,Adcock,Nathan,R,R,KCA
avilm001,Aviles,Mike,R,R,KCA
betew001,Betemit,Wilson,B,R,KCA
butlb003,Butler,Billy,R,R,KCA
cabrm002,Cabrera,Melky,B,L,KCA
cainl001,Cain,Lorenzo,R,R,KCA
chavj001,Chavez,Jesse,R,R,KCA
chenb001,Chen,Bruce,L,L,KCA
colel001,Coleman,Louis,R,R,KCA
collt001,Collins,Tim,L,L,KCA
crowa001,Crow,Aaron,R,R,KCA
davik002,Davies,Kyle,R,R,KCA
duffd001,Duffy,Danny,L,L,KCA
dysoj001,Dyson,Jarrod,L,R,KCA
escoa003,Escobar,Alcides,R,R,KCA
franj003,Francis,Jeff,L,L,KCA
franj004,Francoeur,Jeff,R,R,KCA
getzc001,Getz,Chris,L,R,KCA
giavj001,Giavotella,Johnny,R,R,KCA
gorda001,Gordon,Alex,L,R,KCA
herrk001,Herrera,Kelvin,R,R,KCA
hochl001,Hochevar,Luke,R,R,KCA
hollg001,Holland,Greg,R,R,KCA
hosme001,Hosmer,Eric,L,L,KCA
jeffj001,Jeffress,Jeremy,R,R,KCA
kaaik001,Ka'aihue,Kila,L,R,KCA
maiem001,Maier,Mitch,L,R,KCA
mazzv001,Mazzaro,Vin,R,R,KCA
mendl001,Mendoza,Luis,R,R,KCA
mousm001,Moustakas,Mike,L,R,KCA
navay001,Navarro,Yamaico,R,R,KCA
osuls001,O'Sullivan,Sean,R,R,KCA
paulf001,Paulino,Felipe,R,R,KCA
penab002,Pena,Brayan,B,R,KCA
peres002,Perez,Salvador,R,R,KCA
pinam001,Pina,Manny,R,R,KCA
sorij001,Soria,Joakim,R,R,KCA
teafe001,Teaford,Everett,L,L,KCA
tejer001,Tejeda,Rob,R,R,KCA
texek001,Texeira,Kanekoa,R,R,KCA
tream001,Treanor,Matt,R,R,KCA
woodb004,Wood,Blake,R,R,KCA
barar001,Barajas,Rod,R,R,LAN
billc001,Billingsley,Chad,R,R,LAN
blakc001,Blake,Casey,R,R,LAN
broxj001,Broxton,Jonathan,R,R,LAN
carrj001,Carroll,Jamey,R,R,LAN
castj004,Castro,Juan,R,R,LAN
corml001,Cormier,Lance,R,R,LAN
dejei002,De Jesus,Ivan,R,R,LAN
delar003,de la Rosa,Rubby,R,R,LAN
elbes001,Elbert,Scott,L,L,LAN
ellia001,Ellis,A.J.,R,R,LAN
ely-j001,Ely,John,R,R,LAN
eovan001,Eovaldi,Nathan,R,R,LAN
ethia001,Ethier,Andre,L,L,LAN
eveld001,Eveland,Dana,L,L,LAN
fedet001,Federowicz,Tim,R,R,LAN
furcr001,Furcal,Rafael,B,R,LAN
garlj001,Garland,Jon,R,R,LAN
gibbj002,Gibbons,Jay,L,L,LAN
gimeh001,Gimenez,Hector,B,R,LAN
gordd002,Gordon,Dee,L,R,LAN
guerj002,Guerra,Javy,R,R,LAN
guerm001,Guerrier,Matt,R,R,LAN
gwynt002,Gwynn,Tony,L,R,LAN
hawkb001,Hawksworth,Blake,R,R,LAN
hoffj001,Hoffmann,Jamie,R,R,LAN
jansk001,Jansen,Kenley,B,R,LAN
kempm001,Kemp,Matt,R,R,LAN
kersc001,Kershaw,Clayton,L,L,LAN
kuo-h001,Kuo,Hong-Chih,L,L,LAN
kuroh001,Kuroda,Hiroki,R,R,LAN
lillt001,Lilly,Ted,L,L,LAN
lindj004,Lindblom,Josh,R,R,LAN
lonej001,Loney,James,L,L,LAN
macdm001,MacDougal,Mike,B,R,LAN
milea001,Miles,Aaron,B,R,LAN
mitcr001,Mitchell,Russ,R,R,LAN
navad001,Navarro,Dioner,B,R,LAN
oeltt001,Oeltjen,Trent,L,L,LAN
padiv001,Padilla,Vicente,R,R,LAN
paulx001,Paul,Xavier,L,R,LAN
rivej001,Rivera,Juan,R,R,LAN
sandj002,Sands,Jerry,R,R,LAN
sellj002,Sellers,Justin,R,R,LAN
thamm001,Thames,Marcus,R,R,LAN
tronr001,Troncoso,Ramon,R,R,LAN
uribj002,Uribe,Juan,R,R,LAN
velee001,Velez,Eugenio,B,R,LAN
almoe001,Almonte,Erick,R,R,MIL
axfoj001,Axford,John,R,R,MIL
betay001,Betancourt,Yuniesky,R,R,MIL
boggb001,Boggs,Brandon,B,R,MIL
bradz001,Braddock,Zach,L,L,MIL
braur002,Braun,Ryan,R,R,MIL
carrb001,Carroll,Brett,R,R,MIL
counc001,Counsell,Craig,L,R,MIL
delae001,de la Cruz,Eulogio,R,R,MIL
difem002,DiFelice,Mark,R,R,MIL
dillt001,Dillard,Tim,R,R,MIL
estrm001,Estrada,Marco,R,R,MIL
farre001,Farris,Eric,R,R,MIL
fielp001,Fielder,Prince,L,R,MIL
fierm001,Fiers,Michael,R,R,MIL
gally001,Gallardo,Yovani,R,R,MIL
gamem001,Gamel,Mat,L,R,MIL
gomec002,Gomez,Carlos,R,R,MIL
grees004,Green,Sean,R,R,MIL
greet005,Green,Taylor,L,R,MIL
greiz001,Greinke,Zack,R,R,MIL
hairj002,Hairston,Jerry,R,R,MIL
hartc001,Hart,Corey,R,R,MIL
hawkl001,Hawkins,LaTroy,R,R,MIL
herrd001,Herrera,Danny,L,L,MIL
kintb001,Kintzler,Brandon,R,R,MIL
kotsm001,Kotsay,Mark,L,L,MIL
kottg001,Kottaras,George,L,R,MIL
loe-k001,Loe,Kameron,R,R,MIL
lopef001,Lopez,Felipe,B,R,MIL
lucrj001,Lucroy,Jonathan,R,R,MIL
maldm001,Maldonado,Martin,R,R,MIL
marcs001,Marcum,Shaun,R,R,MIL
mcclm001,McClendon,Mike,R,R,MIL
mcgec001,McGehee,Casey,R,R,MIL
mitrs001,Mitre,Sergio,R,R,MIL
morgn001,Morgan,Nyjer,L,L,MIL
narvc001,Narveson,Chris,L,L,MIL
nievw001,Nieves,Wil,R,R,MIL
reedj004,Reed,Jeremy,L,L,MIL
rivem003,Rivera,Mike,R,R,MIL
rodrf003,Rodriguez,Francisco,R,R,MIL
saitt001,Saito,Takashi,L,R,MIL
schal001,Schafer,Logan,L,L,MIL
stetm001,Stetter,Mitch,L,L,MIL
weekr001,Weeks,Rickie,R,R,MIL
wilsj003,Wilson,Josh,R,R,MIL
wolfr001,Wolf,Randy,L,L,MIL
bakes002,Baker,Scott,R,R,MIN
bensj001,Benson,Joe,R,R,MIN
blacn001,Blackburn,Nick,R,R,MIN
burna002,Burnett,Alex,R,R,MIN
buted001,Butera,Drew,R,R,MIN
cappm001,Capps,Matt,R,R,MIN
casia001,Casilla,Alexi,B,R,MIN
cuddm001,Cuddyer,Michael,R,R,MIN
diams001,Diamond,Scott,L,L,MIN
dinkb001,Dinkelman,Brian,L,R,MIN
duenb001,Duensing,Brian,L,L,MIN
dumap001,Dumatrait,Phil,R,L,MIN
hacke001,Hacker,Eric,B,R,MIN
hendl001,Hendriks,Liam,R,R,MIN
hoeyj001,Hoey,Jim,R,R,MIN
holms002,Holm,Steve,R,R,MIN
hughd001,Hughes,Dusty,L,L,MIN
hughl001,Hughes,Luke,R,R,MIN
jamec002,James,Chuck,L,L,MIN
kubej002,Kubel,Jason,L,R,MIN
lirif001,Liriano,Francisco,L,L,MIN
mansj001,Manship,Jeff,R,R,MIN
mauej001,Mauer,Joe,L,R,MIN
mijaj001,Mijares,Jose,L,L,MIN
mornj001,Morneau,Justin,L,R,MIN
nathj001,Nathan,Joe,R,R,MIN
nisht001,Nishioka,Tsuyoshi,B,R,MIN
olivl001,Oliveros,Lester,R,R,MIN
parmc001,Parmelee,Chris,L,L,MIN
pavac001,Pavano,Carl,R,R,MIN
perkg001,Perkins,Glen,L,L,MIN
plout001,Plouffe,Trevor,R,R,MIN
repkj001,Repko,Jason,R,R,MIN
reveb001,Revere,Ben,L,R,MIN
river003,Rivera,Rene,R,R,MIN
slama001,Slama,Anthony,R,R,MIN
slowk001,Slowey,Kevin,R,R,MIN
spand001,Span,Denard,L,L,MIN
swara001,Swarzak,Anthony,R,R,MIN
thomj002,Thome,Jim,L,R,MIN
tolbm001,Tolbert,Matt,B,R,MIN
tosor001,Tosoni,Rene,L,R,MIN
valed001,Valencia,Danny,R,R,MIN
waldk001,Waldrop,Kyle,R,R,MIN
yound003,Young,Delmon,R,R,MIN
ayall001,Ayala,Luis,R,R,NYA
betad001,Betances,Dellin,R,R,NYA
braca001,Brackman,Andrew,R,R,NYA
burna001,Burnett,A.J.,R,R,NYA
canor001,Cano,Robinson,L,R,NYA
carlb001,Carlyle,Buddy,L,R,NYA
cervf001,Cervelli,Francisco,R,R,NYA
chamj002,Chamberlain,Joba,R,R,NYA
chave001,Chavez,Eric,L,R,NYA
colob001,Colon,Bartolo,R,R,NYA
dickc001,Dickerson,Chris,L,L,NYA
garcf002,Garcia,Freddy,R,R,NYA
gardb001,Gardner,Brett,L,L,NYA
garrs002,Garrison,Steve,B,L,NYA
golsg001,Golson,Greg,R,R,NYA
gordb001,Gordon,Brian,L,R,NYA
granc001,Granderson,Curtis,L,R,NYA
hughp001,Hughes,Phil,R,R,NYA
jeted001,Jeter,Derek,R,R,NYA
jonea002,Jones,Andruw,R,R,NYA
kontg001,Kontos,George,R,R,NYA
laffa001,Laffey,Aaron,L,L,NYA
lairb001,Laird,Brandon,R,R,NYA
logab001,Logan,Boone,R,L,NYA
marqj002,Marquez,Jeffrey,R,R,NYA
martr004,Martin,Russell,R,R,NYA
mitrs001,Mitre,Sergio,R,R,NYA
molig002,Molina,Gustavo,R,R,NYA
montj003,Montero,Jesus,R,R,NYA
noesh001,Noesi,Hector,R,R,NYA
novai001,Nova,Ivan,R,R,NYA
nunee002,Nunez,Eduardo,R,R,NYA
penar002,Pena,Ramiro,B,R,NYA
pendl001,Pendleton,Lance,L,R,NYA
posaj001,Posada,Jorge,B,R,NYA
procs001,Proctor,Scott,R,R,NYA
rivem002,Rivera,Mariano,R,R,NYA
robed002,Robertson,David,R,R,NYA
rodra001,Rodriguez,Alex,R,R,NYA
romia002,Romine,Austin,R,R,NYA
sabac001,Sabathia,CC,L,L,NYA
sania001,Sanit,Amauri,R,R,NYA
sorir001,Soriano,Rafael,R,R,NYA
swisn001,Swisher,Nick,B,L,NYA
teixm001,Teixeira,Mark,B,R,NYA
valdr002,Valdes,Raul,L,L,NYA
wadec001,Wade,Cory,R,R,NYA
whelk001,Whelan,Kevin,R,R,NYA
acosm001,Acosta,Manny,R,R,NYN
batim001,Batista,Miguel,R,R,NYN
baxtm001,Baxter,Mike,L,R,NYN
bay-j001,Bay,Jason,R,R,NYN
beatp001,Beato,Pedro,R,R,NYN
beltc001,Beltran,Carlos,B,R,NYN
boyeb001,Boyer,Blaine,R,R,NYN
bucht001,Buchholz,Taylor,R,R,NYN
byrdt001,Byrdak,Tim,L,L,NYN
capuc001,Capuano,Chris,L,L,NYN
carrd001,Carrasco,D.J.,R,R,NYN
davii001,Davis,Ike,L,L,NYN
dickr001,Dickey,R.A.,R,R,NYN
dudal001,Duda,Lucas,L,R,NYN
emaub001,Emaus,Brad,R,R,NYN
evann001,Evans,Nick,R,R,NYN
gee-d001,Gee,Dillon,R,R,NYN
hairs001,Hairston,Scott,R,R,NYN
harrw001,Harris,Willie,L,R,NYN
herrd001,Herrera,Danny,L,L,NYN
hu--c001,Hu,Chin-lung,R,R,NYN
igarr001,Igarashi,Ryota,R,R,NYN
isrij001,Isringhausen,Jason,R,R,NYN
martf002,Martinez,Fernando,L,R,NYN
miscp001,Misch,Pat,R,L,NYN
murpd006,Murphy,Daniel,L,R,NYN
nickm001,Nickeas,Mike,R,R,NYN
niesj001,Niese,Jon,L,L,NYN
oconm001,O'Connor,Mike,L,L,NYN
pagaa001,Pagan,Angel,B,R,NYN
parnb001,Parnell,Bobby,R,R,NYN
pascv001,Pascucci,Val,R,R,NYN
paulr001,Paulino,Ronny,R,R,NYN
pelfm001,Pelfrey,Mike,R,R,NYN
pridj001,Pridie,Jason,L,R,NYN
reyej001,Reyes,Jose,B,R,NYN
rodrf003,Rodriguez,Francisco,R,R,NYN
satij001,Satin,Josh,R,R,NYN
schwc001,Schwinden,Chris,R,R,NYN
stinj001,Stinson,Josh,R,R,NYN
tejar001,Tejada,Ruben,R,R,NYN
thayd001,Thayer,Dale,R,R,NYN
tholj001,Thole,Josh,L,R,NYN
turnj001,Turner,Justin,R,R,NYN
wrigd002,Wright,David,R,R,NYN
younc003,Young,Chris,R,R,NYN
alleb001,Allen,Brandon,L,R,OAK
andeb004,Anderson,Brett,L,L,OAK
baila001,Bailey,Andrew,R,R,OAK
balfg001,Balfour,Grant,R,R,OAK
bartd001,Barton,Daric,L,R,OAK
billb002,Billings,Bruce,R,R,OAK
blevj001,Blevins,Jerry,L,L,OAK
bradd002,Braden,Dallas,L,L,OAK
bresc001,Breslow,Craig,L,L,OAK
cahit001,Cahill,Trevor,R,R,OAK
caria001,Carignan,Andrew,R,R,OAK
cartc002,Carter,Chris,R,R,OAK
cramb001,Cramer,Bobby,L,L,OAK
crisc001,Crisp,Coco,B,R,OAK
dejed001,DeJesus,David,L,L,OAK
delof001,de los Santos,Fautino,R,R,OAK
devij001,Devine,Joey,R,R,OAK
ellim001,Ellis,Mark,R,R,OAK
fuenb001,Fuentes,Brian,L,L,OAK
godfg001,Godfrey,Graham,R,R,OAK
gonzg003,Gonzalez,Gio,R,L,OAK
hardr001,Harden,Rich,L,R,OAK
jackc002,Jackson,Conor,R,R,OAK
kouzk001,Kouzmanoff,Kevin,R,R,OAK
laroa002,LaRoche,Andy,R,R,OAK
magnt001,Magnuson,Trystan,L,R,OAK
matsh001,Matsui,Hideki,L,R,OAK
mccab001,McCarthy,Brandon,R,R,OAK
millj004,Miller,Jai,R,R,OAK
moscg001,Moscoso,Guillermo,R,R,OAK
norbj001,Norberto,Jordan,L,L,OAK
outmj001,Outman,Josh,L,L,OAK
pennc001,Pennington,Cliff,B,R,OAK
powel001,Powell,Landon,B,R,OAK
purcd001,Purcey,David,L,L,OAK
recka001,Recker,Anthony,R,R,OAK
rosaa001,Rosales,Adam,R,R,OAK
rosst001,Ross,Tyson,R,R,OAK
sizes001,Sizemore,Scott,R,R,OAK
sogae001,Sogard,Eric,L,R,OAK
suzuk001,Suzuki,Kurt,R,R,OAK
sweer001,Sweeney,Ryan,L,L,OAK
taylm001,Taylor,Michael,R,R,OAK
wagnn001,Wagner,Neil,R,R,OAK
weekj001,Weeks,Jemile,B,R,OAK
willj004,Willingham,Josh,R,R,OAK
wuerm001,Wuertz,Michael,R,R,OAK
ziegb001,Ziegler,Brad,R,R,OAK
baezd001,Baez,Danys,R,R,PHI
basta001,Bastardo,Antonio,R,L,PHI
blanj001,Blanton,Joe,R,R,PHI
bowkj001,Bowker,John,L,L,PHI
browd004,Brown,Domonic,L,L,PHI
carpa001,Carpenter,Andrew,R,R,PHI
contj002,Contreras,Jose,R,R,PHI
defrj001,De Fratus,Justin,B,R,PHI
franb001,Francisco,Ben,R,R,PHI
gloar001,Gload,Ross,L,L,PHI
hallr001,Halladay,Roy,R,R,PHI
hamec001,Hamels,Cole,L,L,PHI
hernd003,Herndon,David,R,R,PHI
howar001,Howard,Ryan,L,L,PHI
ibanr001,Ibanez,Raul,L,R,PHI
kendk001,Kendrick,Kyle,R,R,PHI
krate001,Kratz,Erik,R,R,PHI
lee-c003,Lee,Cliff,L,L,PHI
lidgb001,Lidge,Brad,R,R,PHI
madsr001,Madson,Ryan,L,R,PHI
martm003,Martinez,Michael,B,R,PHI
maths001,Mathieson,Scott,R,R,PHI
maybj001,Mayberry,John,R,R,PHI
mossb001,Moss,Brandon,L,R,PHI
orr-p001,Orr,Pete,L,R,PHI
oswar001,Oswalt,Roy,R,R,PHI
pench001,Pence,Hunter,R,R,PHI
perej001,Perez,Juan,R,L,PHI
polap001,Polanco,Placido,R,R,PHI
rollj001,Rollins,Jimmy,B,R,PHI
romej001,Romero,J.C.,B,L,PHI
ruizc001,Ruiz,Carlos,R,R,PHI
sardd001,Sardinha,Dane,R,R,PHI
savej001,Savery,Joe,L,L,PHI
schnb001,Schneider,Brian,L,R,PHI
schwm002,Schwimer,Michael,R,R,PHI
stutm001,Stutes,Michael,R,R,PHI
utlec001,Utley,Chase,L,R,PHI
valdw001,Valdez,Wilson,R,R,PHI
victs001,Victorino,Shane,B,R,PHI
worlv001,Worley,Vance,R,R,PHI
zagum001,Zagurski,Mike,L,L,PHI
alvap001,Alvarez,Pedro,L,R,PIT
ascaj001,Ascanio,Jose,R,R,PIT
beimj001,Beimel,Joe,L,L,PIT
bowkj001,Bowker,John,L,L,PIT
browd003,Brown,Dusty,R,R,PIT
burrb001,Burres,Brian,L,L,PIT
ceder002,Cedeno,Ronny,R,R,PIT
cirip001,Ciriaco,Pedro,R,R,PIT
corrk001,Correia,Kevin,R,R,PIT
crotm001,Crotta,Michael,R,R,PIT
darnc001,d'Arnaud,Chase,R,R,PIT
diazm003,Diaz,Matt,R,R,PIT
doumr001,Doumit,Ryan,B,R,PIT
fryee001,Fryer,Eric,R,R,PIT
grilj001,Grilli,Jason,R,R,PIT
hanrj001,Hanrahan,Joel,R,R,PIT
harrj002,Harrison,Josh,R,R,PIT
hughj001,Hughes,Jared,R,R,PIT
jaraj001,Jaramillo,Jason,B,R,PIT
joneg002,Jones,Garrett,L,L,PIT
karsj001,Karstens,Jeff,R,R,PIT
lee-d002,Lee,Derrek,R,R,PIT
leroc001,Leroux,Chris,L,R,PIT
lincb001,Lincoln,Brad,L,R,PIT
lockj001,Locke,Jeff,L,L,PIT
ludwr001,Ludwick,Ryan,R,L,PIT
mahop002,Maholm,Paul,L,L,PIT
mccua001,McCutchen,Andrew,R,R,PIT
mccud001,McCutchen,Daniel,R,R,PIT
mcdoj004,McDonald,James,L,R,PIT
mckem001,McKenry,Michael,R,R,PIT
meeke001,Meek,Evan,R,R,PIT
mortc002,Morton,Charlie,R,R,PIT
moskd001,Moskos,Daniel,R,L,PIT
ohler001,Ohlendorf,Ross,R,R,PIT
olsog003,Olson,Garrett,R,L,PIT
overl001,Overbay,Lyle,L,L,PIT
pagnm001,Pagnozzi,Matt,R,R,PIT
paulx001,Paul,Xavier,L,R,PIT
pears001,Pearce,Steve,R,R,PIT
presa001,Presley,Alex,L,L,PIT
resoc001,Resop,Chris,R,R,PIT
rodrj003,Rodriguez,Josh,R,R,PIT
snydc002,Snyder,Chris,R,R,PIT
tabaj002,Tabata,Jose,R,R,PIT
thoma003,Thompson,Aaron,L,L,PIT
torew001,Toregas,Wyatt,R,R,PIT
veraj001,Veras,Jose,R,R,PIT
walkn001,Walker,Neil,B,R,PIT
watst001,Watson,Tony,L,L,PIT
woodb003,Wood,Brandon,R,R,PIT
woodt003,Wood,Tim,R,R,PIT
adamm001,Adams,Mike,R,R,SDN
bartj001,Bartlett,Jason,R,R,SDN
bassa001,Bass,Anthony,R,R,SDN
bellh001,Bell,Heath,R,R,SDN
blank002,Blanks,Kyle,R,R,SDN
bracb001,Brach,Brad,R,R,SDN
cabre001,Cabrera,Everth,B,R,SDN
cantj001,Cantu,Jorge,R,R,SDN
carpa001,Carpenter,Andrew,R,R,SDN
cunna001,Cunningham,Aaron,R,R,SDN
darnj001,Darnell,James,R,R,SDN
dedus001,Deduno,Samuel,R,R,SDN
denoc001,Denorfia,Chris,R,R,SDN
forsl001,Forsythe,Logan,R,R,SDN
friee001,Frieri,Ernesto,R,R,SDN
fulcj001,Fulchino,Jeff,R,R,SDN
gonza005,Gonzalez,Alberto,R,R,SDN
gregl001,Gregerson,Luke,L,R,SDN
guzmj005,Guzman,Jesus,R,R,SDN
hamre001,Hamren,Erik,R,R,SDN
haraa001,Harang,Aaron,R,R,SDN
hawpb001,Hawpe,Brad,L,L,SDN
headc001,Headley,Chase,B,R,SDN
hermj001,Hermida,Jeremy,L,R,SDN
hudso001,Hudson,Orlando,B,R,SDN
hundn001,Hundley,Nick,R,R,SDN
huntc001,Hunter,Cedric,L,L,SDN
johnr009,Johnson,Rob,R,R,SDN
latom001,Latos,Mat,R,R,SDN
leblw001,LeBlanc,Wade,L,L,SDN
ludwr001,Ludwick,Ryan,R,L,SDN
luebc001,Luebke,Cory,R,L,SDN
martl002,Martinez,Luis,R,R,SDN
maybc001,Maybin,Cameron,R,R,SDN
mosed001,Moseley,Dustin,R,R,SDN
neshp001,Neshek,Pat,B,R,SDN
parra001,Parrino,Andy,B,R,SDN
patte001,Patterson,Eric,L,R,SDN
philk001,Phillips,Kyle,L,R,SDN
qualc001,Qualls,Chad,R,R,SDN
richc002,Richard,Clayton,L,L,SDN
rizza001,Rizzo,Anthony,L,L,SDN
scrie001,Scribner,Evan,R,R,SDN
spenj001,Spence,Josh,L,L,SDN
staut001,Stauffer,Tim,R,R,SDN
tekob001,Tekotte,Blake,L,R,SDN
thatj001,Thatcher,Joe,L,L,SDN
venaw001,Venable,Will,L,L,SDN
ackld001,Ackley,Dustin,L,R,SEA
bardj001,Bard,Josh,B,R,SEA
beavb001,Beavan,Blake,R,R,SEA
bedae001,Bedard,Erik,L,L,SEA
bradm001,Bradley,Milton,B,R,SEA
carpm001,Carp,Mike,L,R,SEA
cortd002,Cortes,Dan,R,R,SEA
custj001,Cust,Jack,L,R,SEA
delas001,Delabar,Steve,R,R,SEA
figgc001,Figgins,Chone,B,R,SEA
fistd001,Fister,Doug,L,R,SEA
furbc001,Furbush,Charlie,L,L,SEA
gimec001,Gimenez,Chris,R,R,SEA
grayj002,Gray,Jeff,R,R,SEA
gutif001,Gutierrez,Franklin,R,R,SEA
halmg001,Halman,Greg,R,R,SEA
hernf002,Hernandez,Felix,R,R,SEA
jimec002,Jimenez,Cesar,L,L,SEA
kells001,Kelley,Shawn,R,R,SEA
kenna001,Kennedy,Adam,L,R,SEA
laffa001,Laffey,Aaron,L,L,SEA
langr002,Langerhans,Ryan,L,L,SEA
leagb001,League,Brandon,R,R,SEA
lidda001,Liddi,Alex,R,R,SEA
luekj001,Lueke,Josh,R,R,SEA
moora001,Moore,Adam,R,R,SEA
olivm001,Olivo,Miguel,R,R,SEA
pauld001,Pauley,David,R,R,SEA
peguc001,Peguero,Carlos,L,L,SEA
penaw001,Pena,Wily Mo,R,R,SEA
pinem001,Pineda,Michael,R,R,SEA
ray-c001,Ray,Chris,R,R,SEA
robit001,Robinson,Trayvon,B,R,SEA
rodrl002,Rodriguez,Luis,B,R,SEA
ruffc001,Ruffin,Chance,R,R,SEA
ryanb002,Ryan,Brendan,R,R,SEA
saunm001,Saunders,Michael,L,R,SEA
seagk001,Seager,Kyle,L,R,SEA
smoaj001,Smoak,Justin,B,L,SEA
suzui001,Suzuki,Ichiro,L,R,SEA
vargj001,Vargas,Jason,L,L,SEA
vasqa001,Vasquez,Anthony,L,L,SEA
wellc001,Wells,Casper,R,R,SEA
wilht001,Wilhelmsen,Tom,R,R,SEA
wilsj002,Wilson,Jack,R,R,SEA
wilsm002,Wilson,Mike,R,R,SEA
wrigj001,Wright,Jamey,R,R,SEA
affej001,Affeldt,Jeremy,L,L,SFN
beltb001,Belt,Brandon,L,L,SFN
beltc001,Beltran,Carlos,B,R,SFN
bumgm001,Bumgarner,Madison,R,L,SFN
burre001,Burriss,Emmanuel,B,R,SFN
burrp001,Burrell,Pat,R,R,SFN
cabro001,Cabrera,Orlando,R,R,SFN
cainm001,Cain,Matt,R,R,SFN
chrij003,Christian,Justin,R,R,SFN
crawb001,Crawford,Brandon,L,R,SFN
derom001,DeRosa,Mark,R,R,SFN
edles001,Edlefsen,Steve,B,R,SFN
fontm001,Fontenot,Mike,L,R,SFN
fordd002,Ford,Darren,R,R,SFN
garcj002,Casilla,Santiago,R,R,SFN
gillc001,Gillaspie,Conor,L,R,SFN
hallb001,Hall,Bill,R,R,SFN
huffa001,Huff,Aubrey,L,R,SFN
joaqw001,Joaquin,Waldis,R,R,SFN
keppj001,Keppinger,Jeff,R,R,SFN
linct001,Lincecum,Tim,L,R,SFN
lopej002,Lopez,Javier,L,L,SFN
motag001,Mota,Guillermo,R,R,SFN
pillb001,Pill,Brett,R,R,SFN
poseb001,Posey,Buster,R,R,SFN
ramir003,Ramirez,Ramon,R,R,SFN
rohlr001,Rohlinger,Ryan,R,R,SFN
romos001,Romo,Sergio,R,R,SFN
rossc001,Ross,Cody,R,L,SFN
rowaa001,Rowand,Aaron,R,R,SFN
runzd001,Runzler,Dan,L,L,SFN
sancf001,Sanchez,Freddy,R,R,SFN
sanch002,Sanchez,Hector,B,R,SFN
sancj002,Sanchez,Jonathan,L,L,SFN
sandp001,Sandoval,Pablo,B,R,SFN
schin001,Schierholtz,Nate,L,R,SFN
stewc001,Stewart,Chris,R,R,SFN
surke001,Surkamp,Eric,L,L,SFN
tejam001,Tejada,Miguel,R,R,SFN
torra001,Torres,Andres,B,R,SFN
voger001,Vogelsong,Ryan,R,R,SFN
white004,Whiteside,Eli,R,R,SFN
wilsb001,Wilson,Brian,R,R,SFN
zitob001,Zito,Barry,L,L,SFN
augeb001,Augenstein,Bryan,R,R,SLN
batim001,Batista,Miguel,R,R,SLN
berkl001,Berkman,Lance,B,L,SLN
boggm001,Boggs,Mitchell,R,R,SLN
browa003,Brown,Andrew,R,R,SLN
carpc002,Carpenter,Chris,R,R,SLN
carpm002,Carpenter,Matt,L,R,SLN
chama002,Chambers,Adron,L,L,SLN
cletm001,Cleto,Maikel,R,R,SLN
craia001,Craig,Allen,R,R,SLN
cruzt002,Cruz,Tony,R,R,SLN
descd001,Descalso,Daniel,L,R,SLN
dickb001,Dickson,Brandon,R,R,SLN
doteo001,Dotel,Octavio,R,R,SLN
franr001,Franklin,Ryan,R,R,SLN
freed001,Freese,David,R,R,SLN
furcr001,Furcal,Rafael,B,R,SLN
garcj004,Garcia,Jaime,L,L,SLN
greet004,Greene,Tyler,R,R,SLN
hamim001,Hamilton,Mark,L,L,SLN
hollm001,Holliday,Matt,R,R,SLN
jacke001,Jackson,Edwin,R,R,SLN
jay-j001,Jay,Jon,L,L,SLN
kozmp001,Kozma,Pete,R,R,SLN
lairg001,Laird,Gerald,R,R,SLN
lohsk001,Lohse,Kyle,R,R,SLN
lynnl001,Lynn,Lance,R,R,SLN
mcclk001,McClellan,Kyle,R,R,SLN
millt002,Miller,Trever,R,L,SLN
moliy001,Molina,Yadier,R,R,SLN
mottj001,Motte,Jason,R,R,SLN
pattc001,Patterson,Corey,L,R,SLN
pujoa001,Pujols,Albert,R,R,SLN
puntn001,Punto,Nick,B,R,SLN
rasmc001,Rasmus,Colby,L,L,SLN
rhoda001,Rhodes,Arthur,L,L,SLN
robis001,Robinson,Shane,R,R,SLN
rzepm001,Rzepczynski,Marc,L,L,SLN
salaf001,Salas,Fernando,R,R,SLN
sance001,Sanchez,Eduardo,R,R,SLN
schus001,Schumaker,Skip,L,R,SLN
tallb001,Tallet,Brian,L,L,SLN
therr001,Theriot,Ryan,R,R,SLN
valdr002,Valdes,Raul,L,L,SLN
waltp001,Walters,P.J.,R,R,SLN
westj001,Westbrook,Jake,R,R,SLN
brigr001,Brignac,Reid,L,R,TBA
buenj001,Buente,Jay,R,R,TBA
canzr001,Canzler,Russ,R,R,TBA
chirr001,Chirinos,Robinson,R,R,TBA
cobba001,Cobb,Alex,R,R,TBA
cruzj005,Cruz,Juan,R,R,TBA
damoj001,Damon,Johnny,L,L,TBA
daviw001,Davis,Wade,R,R,TBA
delad001,de la Rosa,Dane,R,R,TBA
delar002,Delaney,Rob,L,R,TBA
ekstm001,Ekstrom,Mike,R,R,TBA
farnk001,Farnsworth,Kyle,R,R,TBA
fulds001,Fuld,Sam,L,L,TBA
gomeb001,Gomes,Brandon,R,R,TBA
guyeb001,Guyer,Brandon,R,R,TBA
hellj001,Hellickson,Jeremy,R,R,TBA
howej003,Howell,J.P.,L,L,TBA
jasoj001,Jaso,John,L,R,TBA
jennd002,Jennings,Desmond,R,R,TBA
johnd004,Johnson,Dan,L,R,TBA
johne002,Johnson,Elliot,B,R,TBA
joycm001,Joyce,Matthew,L,R,TBA
kotcc001,Kotchman,Casey,L,L,TBA
lobaj001,Lobaton,Jose,B,R,TBA
longe001,Longoria,Evan,R,R,TBA
lopef001,Lopez,Felipe,B,R,TBA
mcgej001,McGee,Jake,L,L,TBA
moorm003,Moore,Matt,L,L,TBA
niemj001,Niemann,Jeff,R,R,TBA
peraj002,Peralta,Joel,R,R,TBA
pricd001,Price,David,L,L,TBA
ramim002,Ramirez,Manny,R,R,TBA
ramoc001,Ramos,Cesar,L,L,TBA
rodrs002,Rodriguez,Sean,R,R,TBA
ruggj001,Ruggiano,Justin,R,R,TBA
russa001,Russell,Adam,R,R,TBA
shiej002,Shields,James,R,R,TBA
shopk001,Shoppach,Kelly,R,R,TBA
sonna001,Sonnanstine,Andy,L,R,TBA
torra002,Torres,Alex,L,L,TBA
uptob001,Upton,Melvin,R,R,TBA
zobrb001,Zobrist,Ben,B,R,TBA
adamm001,Adams,Mike,R,R,TEX
andre001,Andrus,Elvis,R,R,TEX
belta001,Beltre,Adrian,R,R,TEX
blana001,Blanco,Andres,B,R,TEX
borbj001,Borbon,Julio,L,L,TEX
bushd001,Bush,David,R,R,TEX
chave002,Chavez,Endy,L,L,TEX
cruzn002,Cruz,Nelson,R,R,TEX
davic003,Davis,Chris,L,R,TEX
epplc001,Eppley,Cody,R,R,TEX
felds001,Feldman,Scott,L,R,TEX
felin001,Feliz,Neftali,R,R,TEX
gentc001,Gentry,Craig,R,R,TEX
germe001,German,Esteban,R,R,TEX
gonzm001,Gonzalez,Mike,R,L,TEX
hambm001,Hamburger,Mark,R,R,TEX
hamij003,Hamilton,Josh,L,L,TEX
harrm001,Harrison,Matt,L,L,TEX
holld003,Holland,Derek,B,L,TEX
huntt002,Hunter,Tommy,R,R,TEX
kinsi001,Kinsler,Ian,R,R,TEX
kirkm001,Kirkman,Michael,L,L,TEX
lewic001,Lewis,Colby,R,R,TEX
lowem002,Lowe,Mark,L,R,TEX
martl004,Martin,Leonys,L,R,TEX
morem001,Moreland,Mitch,L,L,TEX
murpd005,Murphy,David,L,L,TEX
napom001,Napoli,Mike,R,R,TEX
odayd001,O'Day,Darren,R,R,TEX
ogana001,Ogando,Alexi,R,R,TEX
olivd001,Oliver,Darren,R,L,TEX
quino001,Quintanilla,Omar,L,R,TEX
rhoda001,Rhodes,Arthur,L,L,TEX
strop001,Strop,Pedro,R,R,TEX
tatey001,Tateyama,Yoshinori,R,R,TEX
teagt001,Teagarden,Taylor,R,R,TEX
tobim001,Tobin,Mason,R,R,TEX
tomkb001,Tomko,Brett,R,R,TEX
torry001,Torrealba,Yorvit,R,R,TEX
tream001,Treanor,Matt,R,R,TEX
tuckr001,Tucker,Ryan,R,R,TEX
uehak001,Uehara,Koji,R,R,TEX
valdm003,Valdez,Merkin,R,R,TEX
wilsc004,Wilson,C.J.,L,L,TEX
younm003,Young,Michael,R,R,TEX
alvah001,Alvarez,Henderson,R,R,TOR
arenj001,Arencibia,J.P.,R,R,TOR
bautj002,Bautista,Jose,R,R,TOR
beckc001,Beck,Chad,R,R,TOR
camps002,Camp,Shawn,R,R,TOR
carrj002,Carreno,Joel,R,R,TOR
cecib001,Cecil,Brett,R,L,TOR
coopd002,Cooper,David,L,L,TOR
davir003,Davis,Rajai,R,R,TOR
doteo001,Dotel,Octavio,R,R,TOR
drabk001,Drabek,Kyle,R,R,TOR
encae001,Encarnacion,Edwin,R,R,TOR
escoy001,Escobar,Yunel,R,R,TOR
farqd001,Farquhar,Danny,R,R,TOR
franf001,Francisco,Frank,R,R,TOR
frasj002,Frasor,Jason,R,R,TOR
hilla001,Hill,Aaron,R,R,TOR
jansc001,Janssen,Casey,R,R,TOR
johnk003,Johnson,Kelly,L,R,TOR
lawrb002,Lawrie,Brett,R,R,TOR
ledew001,Ledezma,Wil,L,L,TOR
lewir002,Lewis,Rommie,L,L,TOR
linda001,Lind,Adam,L,L,TOR
litsj001,Litsch,Jesse,R,R,TOR
loewa001,Loewen,Adam,L,L,TOR
mastd002,Mastroianni,Darin,R,R,TOR
mccom001,McCoy,Mike,R,R,TOR
mcdoj003,McDonald,John,R,R,TOR
mcgod001,McGowan,Dustin,R,R,TOR
millb001,Mills,Brad,R,L,TOR
millt002,Miller,Trever,R,L,TOR
molij001,Molina,Jose,R,R,TOR
morrb001,Morrow,Brandon,R,R,TOR
nix-j001,Nix,Jayson,R,R,TOR
pattc001,Patterson,Corey,L,R,TOR
perel001,Perez,Luis,L,L,TOR
purcd001,Purcey,David,L,L,TOR
rasmc001,Rasmus,Colby,L,L,TOR
raucj001,Rauch,Jon,R,R,TOR
reyej003,Reyes,Jo-Jo,L,L,TOR
richs001,Richmond,Scott,R,R,TOR
rivej001,Rivera,Juan,R,R,TOR
romer002,Romero,Ricky,R,L,TOR
rzepm001,Rzepczynski,Marc,L,L,TOR
snidt001,Snider,Travis,L,L,TOR
stewz001,Stewart,Zach,R,R,TOR
tallb001,Tallet,Brian,L,L,TOR
teahm001,Teahen,Mark,L,R,TOR
thame001,Thames,Eric,L,R,TOR
villc001,Villanueva,Carlos,R,R,TOR
waltp001,Walters,P.J.,R,R,TOR
wised001,Wise,Dewayne,L,L,TOR
woodc001,Woodward,Chris,R,R,TOR
ankir001,Ankiel,Rick,L,L,WAS
balec001,Balester,Collin,R,R,WAS
bernr001,Bernadina,Roger,L,L,WAS
bixlb001,Bixler,Brian,R,R,WAS
brodb001,Broderick,Brian,R,R,WAS
browc003,Brown,Corey,L,L,WAS
burns001,Burnett,Sean,L,L,WAS
clipt001,Clippard,Tyler,R,R,WAS
cofft001,Coffey,Todd,R,R,WAS
coraa001,Cora,Alex,L,R,WAS
desmi001,Desmond,Ian,R,R,WAS
detwr001,Detwiler,Ross,R,L,WAS
espid001,Espinosa,Danny,B,R,WAS
florj002,Flores,Jesus,R,R,WAS
gaudc001,Gaudin,Chad,R,R,WAS
gomej001,Gomes,Jonny,R,R,WAS
gorzt001,Gorzelanny,Tom,L,L,WAS
hairj002,Hairston,Jerry,R,R,WAS
hernl003,Hernandez,Livan,R,R,WAS
kimbc002,Kimball,Cole,R,R,WAS
lannj001,Lannan,John,L,L,WAS
laroa001,LaRoche,Adam,L,L,WAS
lombs002,Lombardozzi,Steve,B,R,WAS
marqj001,Marquis,Jason,L,R,WAS
marrc001,Marrero,Chris,R,R,WAS
mattr001,Mattheus,Ryan,R,R,WAS
mayay001,Maya,Yuniesky,R,R,WAS
milot001,Milone,Tom,L,L,WAS
morsm001,Morse,Michael,R,R,WAS
nix-l001,Nix,Laynce,L,L,WAS
peacb001,Peacock,Brad,R,R,WAS
ramow001,Ramos,Wilson,R,R,WAS
rodrh002,Rodriguez,Henry,R,R,WAS
rodri001,Rodriguez,Ivan,R,R,WAS
sevea001,Severino,Atahualpa,L,L,WAS
slatd001,Slaten,Doug,L,L,WAS
staim001,Stairs,Matt,L,R,WAS
stamc001,Stammen,Craig,R,R,WAS
stord001,Storen,Drew,B,R,WAS
stras001,Strasburg,Stephen,R,R,WAS
wangc001,Wang,Chien-Ming,R,R,WAS
wertj001,Werth,Jayson,R,R,WAS
zimmj003,Zimmermann,Jordan,R,R,WAS
zimmr001,Zimmerman,Ryan,R,R,WAS
