PlayerID,LastName,FirstName,Bats,Pitches,Team
allec002,Allen,Cody,R,R,ANA
andej005,Anderson,Justin,L,R,ANA
bardl001,Bard,Luke,R,R,ANA
barrj003,Barria,Jaime,R,R,ANA
bedrc001,Bedrosian,Cam,R,R,ANA
bemba001,Bemboom,Anthony,L,R,ANA
bourj002,Bour,Justin,L,R,ANA
bourp001,Bourjos,Peter,R,R,ANA
buttt001,Buttrey,Ty,L,R,ANA
cahit001,Cahill,Trevor,R,R,ANA
calhk001,Calhoun,Kole,L,L,ANA
canng001,Canning,Griffin,R,R,ANA
colet001,Cole,Taylor,R,R,ANA
cowak001,Cowart,Kaleb,B,R,ANA
cozaz001,Cozart,Zack,R,R,ANA
curtj003,Curtiss,John,R,R,ANA
delpm001,Del Pozo,Miguel,L,L,ANA
fletd002,Fletcher,David,R,R,ANA
frees001,Freeman,Sam,R,L,ANA
garcl005,Garcia,Luis,R,R,ANA
garnd001,Garneau,Dustin,R,R,ANA
goodb001,Goodwin,Brian,L,R,ANA
harvm001,Harvey,Matt,R,R,ANA
heana001,Heaney,Andrew,L,L,ANA
hermm001,Hermosillo,Michael,R,R,ANA
jewej001,Jewell,Jake,R,R,ANA
lastt001,La Stella,Tommy,L,R,ANA
lucrj001,Lucroy,Jonathan,R,R,ANA
mejia001,Mejia,Adalberto,R,L,ANA
middk001,Middleton,Keynan,R,R,ANA
ohtas001,Ohtani,Shohei,L,R,ANA
parkj002,Parker,Jarrett,L,L,ANA
penaf002,Pena,Felix,R,R,ANA
peted001,Peters,Dillon,L,L,ANA
puelc001,Puello,Cesar,R,R,ANA
pujoa001,Pujols,Albert,R,R,ANA
ramij002,Ramirez,J.C.,R,R,ANA
ramin002,Ramirez,Noe,R,R,ANA
ramsm003,Ramsey,Matt,R,R,ANA
rengl001,Rengifo,Luis,B,R,ANA
roblh001,Robles,Hansel,R,R,ANA
rodrj006,Rodriguez,Jose,R,R,ANA
sandp002,Sandoval,Patrick,L,L,ANA
simma001,Simmons,Andrelton,R,R,ANA
skagt001,Skaggs,Tyler,L,L,ANA
smitk002,Smith,Kevan,R,R,ANA
stasm001,Stassi,Max,R,R,ANA
strac001,Stratton,Chris,R,R,ANA
suarj001,Suarez,Jose,L,L,ANA
thaim001,Thaiss,Matt,L,R,ANA
tovaw001,Tovar,Wilfredo,R,R,ANA
tropn001,Tropeano,Nick,R,R,ANA
troum001,Trout,Mike,R,R,ANA
uptoj001,Upton,Justin,R,R,ANA
walsj001,Walsh,Jared,L,L,ANA
wardt002,Ward,Taylor,R,R,ANA
wongk002,Wong,Kean,L,R,ANA
ahmen001,Ahmed,Nick,R,R,ARI
almoa001,Almonte,Abraham,B,R,ARI
andrm001,Andriese,Matt,R,R,ARI
avila001,Avila,Alex,L,R,ARI
brada001,Bradley,Archie,R,R,ARI
chafa001,Chafin,Andrew,R,L,ARI
clart003,Clarke,Taylor,R,R,ARI
crics001,Crichton,Stefan,R,R,ARI
cronk001,Cron,Kevin,R,R,ARI
duplj001,Duplantier,Jon,L,R,ARI
dysoj001,Dyson,Jarrod,L,R,ARI
escoe001,Escobar,Eduardo,B,R,ARI
florw001,Flores,Wilmer,R,R,ARI
gallz001,Gallen,Zac,R,R,ARI
ginkk001,Ginkel,Kevin,L,R,ARI
godlz001,Godley,Zack,R,R,ARI
greiz001,Greinke,Zack,R,R,ARI
hiray001,Hirano,Yoshihisa,R,R,ARI
hollg001,Holland,Greg,R,R,ARI
jonea003,Jones,Adam,R,R,ARI
josec002,Joseph,Caleb,R,R,ARI
kellc002,Kelly,Carson,R,R,ARI
kellm002,Kelly,Merrill,R,R,ARI
kochm001,Koch,Matt,L,R,ARI
lambj001,Lamb,Jake,L,R,ARI
leakm001,Leake,Mike,R,R,ARI
leybd001,Leyba,Domingo,B,R,ARI
locat001,Locastro,Tim,R,R,ARI
lopey001,Lopez,Yoan,R,R,ARI
martk001,Marte,Ketel,B,R,ARI
mcfat001,McFarland,T.J.,L,L,ARI
murpj001,Murphy,John Ryan,R,R,ARI
robed004,Robertson,Daniel,R,R,TBA
payaj001,Payamps,Joel,R,R,ARI
perad001,Peralta,David,L,L,ARI
ray-r002,Ray,Robbie,L,L,ARI
rojaj001,Rojas,Josh,L,R,ARI
scotr001,Scott,Robby,B,L,ARI
sherj001,Sherfy,Jimmie,R,R,ARI
swihb001,Swihart,Blake,B,R,ARI
tomay001,Tomas,Yasmany,R,R,ARI
vargi001,Vargas,Ildemaro,B,R,ARI
walkc002,Walker,Christian,R,R,ARI
walkt004,Walker,Taijuan,R,R,ARI
weavl001,Weaver,Luke,R,R,ARI
youna002,Young,Alex,L,L,ARI
acunr001,Acuna,Ronald,R,R,ATL
albio001,Albies,Ozzie,B,R,ATL
biddj001,Biddle,Jesse,L,L,ATL
blevj001,Blevins,Jerry,L,L,ATL
camaj001,Camargo,Johan,B,R,ATL
carls002,Carle,Shane,R,R,ATL
cervf001,Cervelli,Francisco,R,R,ATL
culbc001,Culberson,Charlie,R,R,ATL
daytg001,Dayton,Grant,L,L,ATL
donaj001,Donaldson,Josh,R,R,ATL
duvaa001,Duvall,Adam,R,R,ATL
flowt001,Flowers,Tyler,R,R,ATL
foltm001,Foltynewicz,Mike,R,R,ATL
freef001,Freeman,Freddie,L,R,ATL
friem001,Fried,Max,L,L,ATL
gausk001,Gausman,Kevin,L,R,ATL
grees005,Greene,Shane,R,R,ATL
hamib001,Hamilton,Billy,B,R,ATL
hecha001,Hechavarria,Adeiny,R,R,ATL
incie001,Inciarte,Ender,L,L,ATL
jacka002,Jackson,Alex,R,R,ATL
jackl001,Jackson,Luke,R,R,ATL
joycm001,Joyce,Matt,L,R,ATL
keucd001,Keuchel,Dallas,L,L,ATL
markn001,Markakis,Nick,L,L,ATL
martc007,Martin,Chris,R,R,ATL
mccab002,McCann,Brian,L,R,ATL
melam001,Melancon,Mark,R,R,ATL
minta001,Minter,A.J.,L,L,ATL
murpj001,Murphy,John Ryan,R,R,ATL
newcs001,Newcomb,Sean,L,L,ATL
odayd001,O'Day,Darren,R,R,ATL
orter001,Ortega,Rafael,L,R,ATL
parsw001,Parsons,Wes,R,R,ATL
rilea001,Riley,Austin,R,R,ATL
soboc001,Sobotka,Chad,R,R,ATL
sorom001,Soroka,Mike,R,R,ATL
swand001,Swanson,Dansby,R,R,ATL
swara001,Swarzak,Anthony,R,R,ATL
tehej001,Teheran,Julio,R,R,ATL
tomlj001,Tomlin,Josh,R,R,ATL
toust001,Toussaint,Touki,R,R,ATL
ventj001,Venters,Jonny,L,L,ATL
vizca001,Vizcaino,Arodys,R,R,ATL
walkj002,Walker,Jeremy,R,R,ATL
webbj002,Webb,Jacob,R,R,ATL
wilsb003,Wilson,Bryse,R,R,ATL
winkd001,Winkler,Daniel,R,R,ATL
wrigk001,Wright,Kyle,R,R,ATL
ynoah001,Ynoa,Huascar,R,R,ATL
albeh001,Alberto,Hanser,R,R,BAL
araup001,Araujo,Pedro,R,R,BAL
armss001,Armstrong,Shawn,R,R,BAL
blact002,Blach,Ty,R,L,BAL
bleir001,Bleier,Richard,L,L,BAL
brooa001,Brooks,Aaron,R,R,BAL
broxk001,Broxton,Keon,R,R,BAL
bundd001,Bundy,Dylan,B,R,BAL
casha001,Cashner,Andrew,R,R,BAL
castm002,Castro,Miguel,R,R,BAL
cobba001,Cobb,Alex,R,R,BAL
davic003,Davis,Chris,L,R,BAL
eader001,Eades,Ryan,R,R,BAL
eshet001,Eshelman,Tom,R,R,BAL
fry-p001,Fry,Paul,L,L,BAL
gilms001,Gilmartin,Sean,L,L,BAL
givem001,Givens,Mychal,R,R,BAL
harvh001,Harvey,Hunter,R,R,BAL
haysa001,Hays,Austin,R,R,BAL
hessd001,Hess,David,R,R,BAL
jackd004,Jackson,Drew,R,R,BAL
karnn001,Karns,Nate,R,R,BAL
klinb001,Kline,Branden,R,R,BAL
lucaj001,Lucas,Josh,R,R,BAL
manct001,Mancini,Trey,R,R,BAL
martr006,Martin,Richie,R,R,BAL
meanj001,Means,John,L,L,BAL
mullc002,Mullins,Cedric,B,L,BAL
nuner001,Nunez,Renato,R,R,BAL
ortil002,Ortiz,Luis,R,R,BAL
petej002,Peterson,Jace,L,R,BAL
phile001,Phillips,Evan,R,R,BAL
ramiy001,Ramirez,Yefry,R,R,BAL
rickj001,Rickard,Joey,R,L,BAL
rogej003,Rogers,Josh,L,L,BAL
rondj002,Rondon,Jose,R,R,BAL
ruizr002,Ruiz,Rio,L,R,BAL
santa003,Santander,Anthony,B,R,BAL
scott003,Scott,Tanner,R,L,BAL
scott004,Scott,Tayler,R,R,BAL
sevep001,Severino,Pedro,R,R,BAL
shepc001,Shepherd,Chandler,R,R,BAL
siscc001,Sisco,Chance,L,R,BAL
smitd007,Smith,Dwight,L,R,BAL
stewd002,Stewart,DJ,L,R,BAL
strad003,Straily,Dan,R,R,BAL
sucrj001,Sucre,Jesus,R,R,BAL
tated001,Tate,Dillon,R,R,BAL
trumm001,Trumbo,Mark,R,R,BAL
villj001,Villar,Jonathan,B,R,BAL
wilks001,Wilkerson,Steve,B,R,BAL
willm007,Williams,Mason,L,R,BAL
wojca001,Wojciechowski,Asher,R,R,BAL
wothm001,Wotherspoon,Matt,R,R,BAL
wrigm001,Wright,Mike,R,R,BAL
wynna001,Wynns,Austin,R,R,BAL
yacaj001,Yacabonis,Jimmy,R,R,BAL
ynoag001,Ynoa,Gabriel,R,R,BAL
barnm001,Barnes,Matt,R,R,BOS
benia002,Benintendi,Andrew,L,L,BOS
bettm001,Betts,Mookie,R,R,BOS
bogax001,Bogaerts,Xander,R,R,BOS
bradj001,Bradley,Jackie,L,R,BOS
brasr001,Brasier,Ryan,R,R,BOS
brewc002,Brewer,Colten,R,R,BOS
casha001,Cashner,Andrew,R,R,BOS
centj001,Centeno,Juan,L,R,BOS
chacj001,Chacin,Jhoulys,R,R,BOS
chavm001,Chavis,Michael,R,R,BOS
dever001,Devers,Rafael,L,R,BOS
eovan001,Eovaldi,Nathan,R,R,BOS
hembh001,Hembree,Heath,R,R,BOS
hernd004,Hernandez,Darwinzon,L,L,BOS
herng001,Hernandez,Gorkys,R,R,BOS
hernm003,Hernandez,Marco,L,R,BOS
holtb002,Holt,Brock,L,R,BOS
johnb004,Johnson,Brian,L,L,BOS
kellt002,Kelley,Trevor,R,R,BOS
leons001,Leon,Sandy,B,R,BOS
lakit001,Lakins,Travis,R,R,BOS
lin-t001,Lin,Tzu-Wei,L,R,BOS
martj006,Martinez,J.D.,R,R,BOS
morem001,Moreland,Mitch,L,L,BOS
nunee002,Nunez,Eduardo,R,R,BOS
owinc001,Owings,Chris,R,R,BOS
pears001,Pearce,Steve,R,R,BOS
pedrd001,Pedroia,Dustin,R,R,BOS
porcr001,Porcello,Rick,R,R,BOS
poynb001,Poyner,Bobby,L,L,BOS
pricd001,Price,David,L,L,BOS
ramie004,Ramirez,Erasmo,R,R,BOS
rodre004,Rodriguez,Eduardo,L,L,BOS
salec001,Sale,Chris,L,L,BOS
shawm001,Shawaryn,Mike,R,R,BOS
smitj004,Smith,Josh,R,R,BOS
swihb001,Swihart,Blake,B,R,BOS
taylj001,Taylor,Josh,L,L,BOS
thort001,Thornburg,Tyler,R,R,BOS
travs001,Travis,Sam,R,R,BOS
vazqc001,Vazquez,Christian,R,R,BOS
velah001,Velazquez,Hector,R,R,BOS
waldm002,Walden,Marcus,R,R,BOS
weber001,Weber,Ryan,R,R,BOS
workb001,Workman,Brandon,R,R,BOS
wrigs001,Wright,Steven,R,R,BOS
abrej003,Abreu,Jose,R,R,CHA
alony001,Alonso,Yonder,L,R,CHA
andet001,Anderson,Tim,R,R,CHA
banum001,Banuelos,Manny,R,L,CHA
bumma001,Bummer,Aaron,L,L,CHA
burrr002,Burr,Ryan,R,R,CHA
castw002,Castillo,Welington,R,R,CHA
ceasd001,Cease,Dylan,R,R,CHA
collz001,Collins,Zack,L,R,CHA
coloa001,Colome,Alex,R,R,CHA
cordr001,Cordell,Ryan,R,R,CHA
cordj001,Cordero,Jimmy,R,R,CHA
coved001,Covey,Dylan,R,R,CHA
delmn001,Delmonico,Nicky,L,R,CHA
despo001,Despaigne,Odrisamer,R,R,CHA
detwr001,Detwiler,Ross,R,L,CHA
engea001,Engel,Adam,R,R,CHA
frarc001,Frare,Caleb,L,L,CHA
fry-j001,Fry,Jace,L,L,CHA
fulmc001,Fulmer,Carson,R,R,CHA
garcl004,Garcia,Leury,B,R,CHA
gioll001,Giolito,Lucas,R,R,CHA
goinr001,Goins,Ryan,L,R,CHA
herrk001,Herrera,Kelvin,R,R,CHA
jay-j001,Jay,Jon,L,L,CHA
jimee001,Jimenez,Eloy,R,R,CHA
jonen001,Jones,Nate,R,R,CHA
loper003,Lopez,Reynaldo,R,R,CHA
marse001,Marshall,Evan,R,R,CHA
mccaj001,McCann,James,R,R,CHA
mendd002,Mendick,Danny,R,R,CHA
minaj001,Minaya,Juan,R,R,CHA
moncy001,Moncada,Yoan,B,R,CHA
novai001,Nova,Ivan,R,R,CHA
osicj001,Osich,Josh,L,L,CHA
palkd001,Palka,Daniel,L,L,CHA
reeda002,Reed,A.J.,L,L,CHA
rodoc001,Rodon,Carlos,L,L,CHA
rondj002,Rondon,Jose,R,R,CHA
ruizj001,Ruiz,Jose,R,R,CHA
sancc001,Sanchez,Yolmer,B,R,CHA
sante001,Santana,Ervin,R,R,CHA
santh001,Santiago,Hector,R,L,CHA
skolm001,Skole,Matt,L,R,CHA
tilsc001,Tilson,Charlie,L,L,CHA
vieit001,Vieira,Thyago,R,R,CHA
zavas001,Zavala,Seby,R,R,CHA
adduj002,Adduci,Jim,L,L,CHN
almoa002,Almora,Albert,R,R,CHN
alzoa001,Alzolay,Adbert,R,R,CHN
baezj001,Baez,Javier,R,R,CHN
barnt002,Barnette,Tony,R,R,CHN
boted002,Bote,David,R,R,CHN
bracb001,Brach,Brad,R,R,CHN
bryak001,Bryant,Kris,R,R,CHN
carav001,Caratini,Victor,B,R,CHN
castn001,Castellanos,Nick,R,R,CHN
cedex001,Cedeno,Xavier,L,L,CHN
chatt001,Chatwood,Tyler,R,R,CHN
cishs001,Cishek,Steve,R,R,CHN
collt001,Collins,Tim,L,L,CHN
contw001,Contreras,Willson,R,R,CHN
darvy001,Darvish,Yu,R,R,CHN
davit004,Davis,Taylor,R,R,CHN
descd001,Descalso,Daniel,L,R,CHN
edwac001,Edwards,Carl,R,R,CHN
garcr005,Garcia,Robel,B,R,CHN
gonzc001,Gonzalez,Carlos,L,L,CHN
hamec001,Hamels,Cole,L,L,CHN
happi001,Happ,Ian,B,R,CHN
hendk001,Hendricks,Kyle,R,R,CHN
heywj001,Heyward,Jason,L,L,CHN
hoern001,Hoerner,Nico,R,R,CHN
holld003,Holland,Derek,B,L,CHN
hultd001,Hultzen,Danny,L,L,CHN
kempt001,Kemp,Tony,L,R,CHN
kimbc001,Kimbrel,Craig,R,R,CHN
kintb001,Kintzler,Brandon,R,R,CHN
lestj001,Lester,Jon,L,L,CHN
lucrj001,Lucroy,Jonathan,R,R,CHN
maldm001,Maldonado,Martin,R,R,CHN
mapld001,Maples,Dillon,R,R,CHN
milla003,Mills,Alec,R,R,CHN
montm002,Montgomery,Mike,L,L,CHN
norwj001,Norwood,James,R,R,CHN
pheld001,Phelps,David,R,R,CHN
quinj001,Quintana,Jose,R,L,CHN
rizza001,Rizzo,Anthony,L,L,CHN
rosar002,Rosario,Randy,L,L,CHN
russa002,Russell,Addison,R,R,CHN
ryank002,Ryan,Kyle,L,L,CHN
schwk001,Schwarber,Kyle,L,R,CHN
strop001,Strop,Pedro,R,R,CHN
unded001,Underwood,Duane,R,R,CHN
websa001,Webster,Allen,R,R,CHN
wickr001,Wick,Rowan,L,R,CHN
wiecb001,Wieck,Brad,L,L,CHN
zagum002,Zagunis,Mark,R,R,CHN
zobrb001,Zobrist,Ben,B,R,CHN
alanr001,Alaniz,R.J.,R,R,CIN
aquia001,Aquino,Aristides,R,R,CIN
barnt001,Barnhart,Tucker,B,R,CIN
bauet001,Bauer,Trevor,R,R,CIN
blana002,Blandino,Alex,R,R,CIN
bowmm001,Bowman,Matt,R,R,CIN
casac001,Casali,Curt,R,R,CIN
castl003,Castillo,Luis,R,R,CIN
coloc002,Colon,Christian,R,R,CIN
desca001,DeSclafani,Anthony,R,R,CIN
dietd001,Dietrich,Derek,L,R,CIN
dukez001,Duke,Zach,L,L,CIN
ervip001,Ervin,Phillip,R,R,CIN
farmk001,Farmer,Kyle,R,R,CIN
garra001,Garrett,Amir,R,L,CIN
galvf001,Galvis,Freddy,B,R,CIN
gausk001,Gausman,Kevin,L,R,CIN
genns001,Gennett,Scooter,L,R,CIN
gratj001,Graterol,Juan,R,R,CIN
grays001,Gray,Sonny,R,R,CIN
hergj001,Herget,Jimmy,R,R,CIN
hernd002,Hernandez,David,R,R,CIN
hughj001,Hughes,Jared,R,R,CIN
iglej001,Iglesias,Jose,R,R,CIN
igler001,Iglesias,Raisel,R,R,CIN
kempm001,Kemp,Matt,R,R,CIN
kuhnj001,Kuhnel,Joel,R,R,CIN
lavar001,Lavarnway,Ryan,R,R,CIN
lorem002,Lorenzen,Michael,R,R,CIN
mahlt001,Mahle,Tyler,R,R,CIN
mellk001,Mella,Keury,R,R,CIN
ograb001,O'Grady,Brian,L,R,CIN
peraj003,Peraza,Jose,R,R,CIN
peraw002,Peralta,Wandy,L,L,CIN
puigy001,Puig,Yasiel,R,R,CIN
reedc002,Reed,Cody,L,L,CIN
roart001,Roark,Tanner,R,R,CIN
romas001,Romano,Sal,L,R,CIN
sches001,Schebler,Scott,L,R,CIN
senzn001,Senzel,Nick,R,R,CIN
simsl001,Sims,Lucas,R,R,CIN
stepr002,Stephenson,Robert,R,R,CIN
suare001,Suarez,Eugenio,R,R,CIN
vanmj001,VanMeter,Josh,L,R,CIN
vottj001,Votto,Joey,L,R,CIN
winkj002,Winker,Jesse,L,L,CIN
wooda002,Wood,Alex,R,L,CIN
alleg002,Allen,Greg,B,R,CLE
allel002,Allen,Logan,R,L,CLE
andec002,Anderson,Cody,R,R,CLE
bauej001,Bauers,Jake,L,L,CLE
bauet001,Bauer,Trevor,R,R,CLE
biebs001,Bieber,Shane,R,R,CLE
bradb002,Bradley,Bobby,L,R,CLE
carrc003,Carrasco,Carlos,R,R,CLE
chany001,Chang,Yu,R,R,CLE
cimba001,Cimber,Adam,R,R,CLE
civaa001,Civale,Aaron,R,R,CLE
clevm001,Clevinger,Mike,R,R,CLE
clipt001,Clippard,Tyler,R,R,CLE
colea002,Cole,A.J.,R,R,CLE
edwaj001,Edwards,Jon,R,R,CLE
flahr001,Flaherty,Ryan,L,R,CLE
freem002,Freeman,Mike,L,R,CLE
gonzc001,Gonzalez,Carlos,L,L,CLE
goodn001,Goody,Nick,R,R,CLE
haase001,Haase,Eric,R,R,CLE
handb001,Hand,Brad,L,L,CLE
hoytj001,Hoyt,James,R,R,CLE
karij001,Karinchak,James,R,R,CLE
kipnj001,Kipnis,Jason,L,R,CLE
klubc001,Kluber,Corey,R,R,CLE
lindf001,Lindor,Francisco,B,R,CLE
luplj001,Luplow,Jordan,R,R,CLE
martl004,Martin,Leonys,L,R,CLE
matop002,Maton,Phil,R,R,CLE
merco003,Mercado,Oscar,R,R,CLE
millb002,Miller,Brad,L,R,CLE
morom001,Moroff,Max,B,R,CLE
naqut001,Naquin,Tyler,L,R,CLE
olsot002,Olson,Tyler,R,L,CLE
oterd001,Otero,Dan,R,R,CLE
pereo002,Perez,Oliver,L,L,CLE
perer003,Perez,Roberto,R,R,CLE
plawk001,Plawecki,Kevin,R,R,CLE
plesz001,Plesac,Zach,R,R,CLE
pluta001,Plutko,Adam,R,R,CLE
puigy001,Puig,Yasiel,R,R,CLE
ramih003,Ramirez,Hanley,R,R,CLE
ramij003,Ramirez,Jose,B,R,CLE
ramin001,Ramirez,Neil,R,R,CLE
reyef001,Reyes,Franmil,R,R,CLE
rodrj005,Rodriguez,Jefry,R,R,CLE
salad001,Salazar,Danny,R,R,CLE
santc002,Santana,Carlos,B,R,CLE
smitj006,Smith,Josh,L,L,CLE
stame001,Stamets,Eric,R,R,CLE
velaa001,Velazquez,Andrew,B,R,CLE
wittn001,Wittgren,Nick,R,R,CLE
woodh001,Wood,Hunter,R,R,CLE
zimmb001,Zimmer,Bradley,L,R,CLE
almoy001,Almonte,Yency,B,R,COL
alony001,Alonso,Yonder,L,R,COL
andet002,Anderson,Tyler,L,L,COL
arenn001,Arenado,Nolan,R,R,COL
bettc001,Bettis,Chad,R,R,COL
blacc001,Blackmon,Charlie,L,L,COL
buted001,Butera,Drew,R,R,COL
cuevn001,Cuevas,Noel,R,R,COL
dahld001,Dahl,David,L,R,COL
daviw001,Davis,Wade,R,R,COL
dazay001,Daza,Yonathan,R,R,COL
desmi001,Desmond,Ian,R,R,COL
diazj006,Diaz,Jairo,R,R,COL
diehp001,Diehl,Phillip,L,L,COL
dunnm002,Dunn,Michael,L,L,COL
estec001,Estevez,Carlos,R,R,COL
freek001,Freeland,Kyle,L,L,COL
fuenj001,Fuentes,Josh,R,R,COL
garcr006,Garcia,Rico,R,R,COL
gonzc002,Gonzalez,Chi Chi,R,R,COL
grayj003,Gray,Jon,R,R,COL
hampg001,Hampson,Garrett,R,R,COL
harvj001,Harvey,Joe,R,R,COL
hills005,Hilliard,Sam,L,L,COL
hoffj003,Hoffman,Jeff,R,R,COL
howas002,Howard,Sam,R,L,COL
iannc001,Iannetta,Chris,R,R,COL
johnd005,Johnson,D.J.,L,R,COL
lambp001,Lambert,Peter,R,R,COL
marqg001,Marquez,German,R,R,COL
mcgej001,McGee,Jake,L,L,COL
mcmar001,McMahon,Ryan,L,R,COL
melvt001,Melville,Tim,R,R,COL
murpd006,Murphy,Daniel,L,R,COL
musgh001,Musgrave,Harrison,L,L,COL
nuned001,Nunez,Dom,L,R,COL
obers001,Oberg,Scott,R,R,COL
oh--s001,Oh,Seung Hwan,R,R,COL
parsw001,Parsons,Wes,R,R,COL
pazoj001,Pazos,James,R,L,COL
reynm001,Reynolds,Mark,R,R,COL
rodgb002,Rodgers,Brendan,R,R,COL
rusic001,Rusin,Chris,L,L,COL
senza001,Senzatela,Antonio,R,R,COL
shawb001,Shaw,Bryan,B,R,COL
stort001,Story,Trevor,R,R,COL
tapir001,Tapia,Raimel,L,L,COL
tinoj001,Tinoco,Jesus,R,R,COL
valap001,Valaika,Pat,R,R,COL
woltt001,Wolters,Tony,L,R,COL
adama001,Adams,Austin,R,R,DET
alcav001,Alcantara,Victor,R,R,DET
alext001,Alexander,Tyler,R,L,DET
baezs001,Baez,Sandy,R,R,DET
beckg001,Beckham,Gordon,R,R,DET
boydm001,Boyd,Matt,L,L,DET
cabrm001,Cabrera,Miguel,R,R,DET
candj002,Candelario,Jeimer,B,R,DET
carpr001,Carpenter,Ryan,L,L,DET
castn001,Castellanos,Nick,R,R,DET
casth001,Castro,Harold,L,R,DET
castw003,Castro,Willi,B,R,DET
cisnj001,Cisnero,Jose,R,R,DET
demet001,Demeritte,Travis,R,R,DET
dixob001,Dixon,Brandon,R,R,DET
farmb001,Farmer,Buck,L,R,DET
fernj005,Fernandez,Jose,L,L,DET
garcb001,Garcia,Bryan,R,R,DET
garrr001,Garrett,Reed,R,R,DET
goodn002,Goodrum,Niko,B,R,DET
grees005,Greene,Shane,R,R,DET
greig001,Greiner,Grayson,R,R,DET
hallm002,Hall,Matt,L,L,DET
hardb001,Hardy,Blaine,L,L,DET
harrj002,Harrison,Josh,R,R,DET
hickj001,Hicks,John,R,R,DET
jacke001,Jackson,Edwin,R,R,DET
jimee002,Jimenez,Eduardo,R,R,DET
jimej003,Jimenez,Joe,R,R,DET
jonej006,Jones,JaCoby,R,R,DET
lugod001,Lugo,Dawel,R,R,DET
mahtm001,Mahtook,Mikie,R,R,DET
mckad001,McKay,David,R,R,DET
mercj002,Mercer,Jordy,R,R,DET
moorm003,Moore,Matt,L,L,DET
norrd002,Norris,Daniel,L,L,DET
peted002,Peterson,Dustin,R,R,DET
ramin003,Ramirez,Nick,L,L,DET
reinz001,Reininger,Zac,B,R,DET
reyev001,Reyes,Victor,B,R,DET
rodrr009,Rodriguez,Ronny,R,R,DET
rogej004,Rogers,Jake,R,R,DET
roset001,Rosenthal,Trevor,R,R,DET
rosst001,Ross,Tyson,R,R,DET
schrj001,Schreiber,John,R,R,DET
sotog003,Soto,Gregory,L,L,DET
stewc002,Stewart,Christin,L,R,DET
stumd001,Stumpf,Daniel,L,L,DET
torrc001,Torres,Carlos,R,R,DET
turns003,Turnbull,Spencer,R,R,DET
verhd001,VerHagen,Drew,R,R,DET
wilsb002,Wilson,Bobby,R,R,DET
zimmj003,Zimmermann,Jordan,R,R,DET
abreb002,Abreu,Bryan,R,R,HOU
altuj001,Altuve,Jose,R,R,HOU
alvay001,Alvarez,Yordan,L,R,HOU
armer001,Armenteros,Rogelio,R,R,HOU
biagj001,Biagini,Joe,R,R,HOU
branm003,Brantley,Michael,L,L,HOU
brega001,Bregman,Alex,R,R,HOU
chirr001,Chirinos,Robinson,R,R,HOU
coleg001,Cole,Gerrit,R,R,HOU
corrc001,Correa,Carlos,R,R,HOU
devec001,Devenski,Chris,R,R,HOU
diaza003,Diaz,Aledmys,R,R,HOU
fishd001,Fisher,Derek,L,R,HOU
greiz001,Greinke,Zack,R,R,HOU
gudur001,Guduan,Reymin,L,L,HOU
gurry001,Gurriel,Yulieski,R,R,HOU
harrw002,Harris,Will,R,R,HOU
jamej002,James,Josh,R,R,HOU
kempt001,Kemp,Tony,L,R,HOU
maldm001,Maldonado,Martin,R,R,HOU
marij002,Marisnick,Jake,R,R,HOU
martc009,Martin,Corbin,R,R,HOU
mayfj001,Mayfield,Jack,R,R,HOU
mchuc001,McHugh,Collin,R,R,HOU
milew001,Miley,Wade,L,L,HOU
osunr001,Osuna,Roberto,R,R,HOU
peacb001,Peacock,Brad,R,R,HOU
perec004,Perez,Cionel,L,L,HOU
presr001,Pressly,Ryan,R,R,HOU
reddj001,Reddick,Josh,L,R,HOU
rodgb001,Rodgers,Brady,R,R,HOU
rondh001,Rondon,Hector,R,R,HOU
sanca006,Sanchez,Aaron,R,R,HOU
smitj002,Smith,Joe,R,R,HOU
sneec001,Sneed,Cy,R,R,HOU
sprig001,Springer,George,R,R,HOU
stasm001,Stassi,Max,R,R,HOU
stram002,Straw,Myles,R,R,HOU
stubg001,Stubbs,Garrett,L,R,HOU
toroa001,Toro,Abraham,B,R,HOU
tuckk001,Tucker,Kyle,L,R,HOU
urquj001,Urquidy,Jose,R,R,HOU
valdf001,Valdez,Framber,L,L,HOU
verlj001,Verlander,Justin,R,R,HOU
whitt002,White,Tyler,R,R,HOU
arteh001,Arteaga,Humberto,R,R,KCA
bailh001,Bailey,Homer,R,R,KCA
barls001,Barlow,Scott,R,R,KCA
barnj002,Barnes,Jacob,R,R,KCA
bonij002,Bonifacio,Jorge,R,R,KCA
boxbb001,Boxberger,Brad,R,R,KCA
cuthc001,Cuthbert,Cheslor,R,R,KCA
diekj001,Diekman,Jake,L,L,KCA
dinin001,Dini,Nick,R,R,KCA
dozih001,Dozier,Hunter,R,R,KCA
dudal001,Duda,Lucas,L,R,KCA
duffd001,Duffy,Danny,L,L,KCA
ellic001,Ellis,Chris,L,R,KCA
fillh001,Fillmyer,Heath,R,R,KCA
flynb001,Flynn,Brian,L,L,KCA
gallc001,Gallagher,Cam,R,R,KCA
gorda001,Gordon,Alex,L,R,KCA
goret001,Gore,Terrance,R,R,KCA
gutik001,Gutierrez,Kelvin,R,R,KCA
hamib001,Hamilton,Billy,B,R,KCA
hahnj001,Hahn,Jesse,R,R,KCA
hillt002,Hill,Tim,L,L,KCA
junij001,Junis,Jake,R,R,KCA
kellb003,Keller,Brad,R,R,KCA
kenni001,Kennedy,Ian,R,R,KCA
liveb001,Lively,Ben,R,R,KCA
lopej004,Lopez,Jorge,R,R,KCA
lopen001,Lopez,Nicky,L,R,KCA
lover001,Lovelady,Richard,L,L,KCA
maldm001,Maldonado,Martin,R,R,KCA
mcbrr001,McBroom,Ryan,R,L,KCA
mccak002,McCarthy,Kevin,R,R,KCA
mejie001,Mejia,Erick,B,R,KCA
merrw001,Merrifield,Whit,R,R,KCA
mondr003,Mondesi,Adalberto,B,R,KCA
montm002,Montgomery,Mike,L,L,KCA
newbj001,Newberry,Jake,R,R,KCA
ohear001,O'Hearn,Ryan,L,L,KCA
owinc001,Owings,Chris,R,R,KCA
peraw001,Peralta,Wily,R,R,KCA
philb002,Phillips,Brett,L,R,KCA
rosar002,Rosario,Randy,L,L,KCA
schwf001,Schwindel,Frank,R,R,KCA
skoge001,Skoglund,Eric,L,L,KCA
solej001,Soler,Jorge,R,R,KCA
sparg001,Sparkman,Glenn,B,R,KCA
speig001,Speier,Gabe,L,L,KCA
starb001,Starling,Bubba,R,R,KCA
stauj001,Staumont,Josh,R,R,KCA
vilom001,Viloria,Meibrys,L,R,KCA
zimmk001,Zimmer,Kyle,R,R,KCA
alexs001,Alexander,Scott,L,L,LAN
baezp001,Baez,Pedro,R,R,LAN
barna001,Barnes,Austin,R,R,LAN
beatm001,Beaty,Matt,L,R,LAN
bellc002,Bellinger,Cody,L,L,LAN
buehw001,Buehler,Walker,R,R,LAN
charj001,Chargois,J.T.,B,R,LAN
darnt001,d'Arnaud,Travis,R,R,LAN
fergc001,Ferguson,Caleb,R,L,LAN
flord002,Floro,Dylan,L,R,LAN
freed001,Freese,David,R,R,LAN
galer002,Gale,Rocky,R,R,LAN
garcy001,Garcia,Yimi,R,R,LAN
garlk001,Garlick,Kyle,R,R,LAN
gonst001,Gonsolin,Tony,R,R,LAN
gyorj001,Gyorko,Jedd,R,R,LAN
herne001,Hernandez,Enrique,R,R,LAN
hillr001,Hill,Rich,L,L,LAN
jansk001,Jansen,Kenley,B,R,LAN
kellj001,Kelly,Joe,R,R,LAN
kersc001,Kershaw,Clayton,L,L,LAN
kolaa001,Kolarek,Adam,L,L,LAN
lux-g001,Lux,Gavin,L,R,LAN
maedk001,Maeda,Kenta,R,R,LAN
martr004,Martin,Russell,R,R,LAN
may-d003,May,Dustin,R,R,LAN
muncm001,Muncy,Max,L,R,LAN
negrk001,Negron,Kristopher,R,R,LAN
pedej001,Pederson,Joc,L,L,LAN
polla001,Pollock,A.J.,R,R,LAN
riose001,Rios,Edwin,L,R,LAN
rossz001,Rosscup,Zac,R,L,LAN
ryu-h001,Ryu,Hyun-Jin,R,L,LAN
sadlc002,Sadler,Casey,R,R,LAN
santd003,Santana,Dennis,R,R,LAN
sborj002,Sborz,Josh,R,R,LAN
schuj002,Schultz,Jaime,R,R,LAN
seagc001,Seager,Corey,L,R,LAN
smitw003,Smith,Will,R,R,LAN
stewb001,Stewart,Brock,L,R,LAN
strir001,Stripling,Ross,R,R,LAN
taylc001,Taylor,Chris,R,R,LAN
turnj001,Turner,Justin,R,R,LAN
uriaj001,Urias,Julio,L,L,LAN
verda001,Verdugo,Alex,L,L,LAN
whitt002,White,Tyler,R,R,LAN
alcas001,Alcantara,Sandy,R,R,MIA
alfaj002,Alfaro,Jorge,R,R,MIA
andeb006,Anderson,Brian,R,R,MIA
anden001,Anderson,Nick,R,R,MIA
bertj001,Berti,Jon,R,R,MIA
brica001,Brice,Austin,R,R,MIA
brigj002,Brigham,Jeff,R,R,MIA
brinl001,Brinson,Lewis,R,R,MIA
casts001,Castro,Starlin,R,R,MIA
castw001,Castillo,Wilkin,B,R,MIA
chenw001,Chen,Wei-Yin,R,L,MIA
conla001,Conley,Adam,L,L,MIA
coopg002,Cooper,Garrett,R,R,MIA
deana001,Dean,Austin,R,R,MIA
diazi001,Diaz,Isan,L,R,MIA
duggr001,Dugger,Robert,R,R,MIA
gallz001,Gallen,Zac,R,R,MIA
galli001,Galloway,Isaac,R,R,MIA
garcj006,Garcia,Jarlin,L,L,MIA
granc001,Granderson,Curtis,L,R,MIA
guert001,Guerrero,Tayron,R,R,MIA
heint001,Heineman,Tyler,B,R,MIA
herne002,Hernandez,Elieser,R,R,MIA
herrr002,Herrera,Rosell,B,R,MIA
holab001,Holaday,Bryan,R,R,MIA
kellk003,Keller,Kyle,R,R,MIA
kinlt001,Kinley,Tyler,R,R,MIA
lopep002,Lopez,Pablo,L,R,MIA
marrd001,Marrero,Deven,R,R,MIA
morab001,Moran,Brian,L,L,MIA
noesh001,Noesi,Hector,R,R,MIA
obrip002,O'Brien,Peter,R,R,MIA
pradm001,Prado,Martin,R,R,MIA
puelc001,Puello,Cesar,R,R,MIA
quijj001,Quijada,Jose,L,L,MIA
ramih004,Ramirez,Harold,R,R,MIA
richt001,Richards,Trevor,R,R,MIA
riddj001,Riddle,J.T.,L,R,MIA
rivey001,Rivera,Yadiel,R,R,MIA
rojam002,Rojas,Miguel,R,R,MIA
romos001,Romo,Sergio,R,R,MIA
sierm002,Sierra,Magneuris,L,L,MIA
smitc006,Smith,Caleb,R,L,MIA
smitj006,Smith,Josh,L,L,MIA
stanr002,Stanek,Ryne,R,R,MIA
stecd001,Steckenrider,Drew,R,R,MIA
urenj001,Urena,Jose,R,R,MIA
walkn001,Walker,Neil,B,R,MIA
wallc001,Wallach,Chad,R,R,MIA
yamaj001,Yamamoto,Jordan,R,R,MIA
aguij001,Aguilar,Jesus,R,R,MIL
albem001,Albers,Matt,L,R,MIL
andec001,Anderson,Chase,R,R,MIL
arcio002,Arcia,Orlando,R,R,MIL
austt001,Austin,Tyler,R,R,MIL
barnj002,Barnes,Jacob,R,R,MIL
blacr001,Black,Ray,R,R,MIL
braur002,Braun,Ryan,R,R,MIL
burnc002,Burnes,Corbin,R,R,MIL
cainl001,Cain,Lorenzo,R,R,MIL
chacj001,Chacin,Jhoulys,R,R,MIL
claua001,Claudio,Alex,L,L,MIL
daviz001,Davies,Zach,R,R,MIL
dubom001,Dubon,Mauricio,R,R,MIL
farij001,Faria,Jacob,R,R,MIL
freid001,Freitas,David,R,R,MIL
gameb001,Gamel,Ben,L,L,MIL
gonzg003,Gonzalez,Gio,R,L,MIL
grany001,Grandal,Yasmani,B,R,MIL
grist001,Grisham,Trent,L,L,MIL
guerd001,Guerra,Deolis,R,R,MIL
guerj003,Guerra,Junior,R,R,MIL
hadej001,Hader,Josh,L,L,MIL
hartd002,Hart,Donnie,L,L,MIL
hiurk001,Hiura,Keston,R,R,MIL
housa001,Houser,Adrian,R,R,MIL
jackj001,Jackson,Jay,R,R,MIL
jeffj001,Jeffress,Jeremy,R,R,MIL
lylej001,Lyles,Jordan,R,R,MIL
mousm001,Moustakas,Mike,L,R,MIL
nelsj004,Nelson,Jimmy,R,R,MIL
nottj001,Nottingham,Jacob,R,R,MIL
peraf001,Peralta,Freddy,R,R,MIL
pereh001,Perez,Hernan,R,R,MIL
petrj001,Petricka,Jake,R,R,MIL
pinam001,Pina,Manny,R,R,MIL
pomed001,Pomeranz,Drew,R,L,MIL
salat001,Saladino,Tyler,R,R,MIL
shawt001,Shaw,Travis,L,R,MIL
smitb005,Smith,Burch,R,R,MIL
spanc001,Spangenberg,Cory,L,R,MIL
suteb001,Suter,Brent,L,L,MIL
taylt002,Taylor,Tyrone,R,R,MIL
thame001,Thames,Eric,L,R,MIL
wilka003,Wilkerson,Aaron,R,R,MIL
willd004,Williams,Devin,R,R,MIL
willt003,Williams,Taylor,B,R,MIL
wilsa001,Wilson,Alex,R,R,MIL
woodb005,Woodruff,Brandon,L,R,MIL
yelic001,Yelich,Christian,L,R,MIL
adama001,Adams,Austin,R,R,MIN
adrie001,Adrianza,Ehire,B,R,MIN
alcaj001,Alcala,Jorge,R,R,MIN
arral001,Arraez,Luis,L,R,MIN
astuw001,Astudillo,Willians,R,R,MIN
austt001,Austin,Tyler,R,R,MIN
berrj001,Berrios,Jose,R,R,MIN
buxtb001,Buxton,Byron,R,R,MIN
castj006,Castro,Jason,L,R,MIN
cavej001,Cave,Jake,L,L,MIN
cronc002,Cron,C.J.,R,R,MIN
cruzn002,Cruz,Nelson,R,R,MIN
dejoc001,De Jong,Chase,L,R,MIN
dobnr001,Dobnak,Randy,R,R,MIN
dufft001,Duffey,Tyler,R,R,MIN
dysos001,Dyson,Sam,R,R,MIN
eader001,Eades,Ryan,R,R,MIN
garvm001,Garver,Mitch,R,R,MIN
gibsk002,Gibson,Kyle,R,R,MIN
gonzm002,Gonzalez,Marwin,B,R,MIN
gratb002,Graterol,Brusdar,R,R,MIN
harpr001,Harper,Ryne,R,R,MIN
hildt001,Hildenberger,Trevor,R,R,MIN
keplm001,Kepler,Max,L,L,MIN
lamar001,LaMarre,Ryan,R,L,MIN
littz001,Littell,Zack,R,R,MIN
magim001,Magill,Matt,R,R,MIN
may-t001,May,Trevor,R,R,MIN
mejia001,Mejia,Adalberto,R,L,MIN
milli001,Miller,Ian,L,R,MIN
morim002,Morin,Mike,R,R,MIN
odorj001,Odorizzi,Jake,R,R,MIN
parkb001,Parker,Blake,R,R,MIN
perem004,Perez,Martin,L,L,MIN
pinem001,Pineda,Michael,R,R,MIN
polaj001,Polanco,Jorge,B,R,MIN
popps001,Poppen,Sean,R,R,MIN
roget001,Rogers,Taylor,L,L,MIN
romef001,Romero,Fernando,R,R,MIN
romos001,Romo,Sergio,R,R,MIN
rosae001,Rosario,Eddie,L,R,MIN
sanom001,Sano,Miguel,R,R,MIN
schoj001,Schoop,Jonathan,R,R,MIN
smeld001,Smeltzer,Devin,R,L,MIN
stasc001,Stashak,Cody,R,R,MIN
stewk001,Stewart,Kohl,R,R,MIN
thorl002,Thorpe,Lewis,R,L,MIN
torrr001,Torreyes,Ronald,R,R,MIN
vasqa002,Vasquez,Andrew,L,L,MIN
wadel001,Wade,LaMonte,L,L,MIN
adamc002,Adams,Chance,R,R,NYA
andum001,Andujar,Miguel,R,R,NYA
barrj002,Barrett,Jake,R,R,NYA
betad001,Betances,Dellin,R,R,NYA
birdg001,Bird,Greg,L,R,NYA
britz001,Britton,Zack,L,L,NYA
cessl001,Cessa,Luis,R,R,NYA
chapa001,Chapman,Aroldis,L,L,NYA
cortn001,Cortes,Nestor,R,L,NYA
dullr001,Dull,Ryan,R,R,NYA
encae001,Encarnacion,Edwin,R,R,NYA
estrt001,Estrada,Thairo,R,R,NYA
fordm002,Ford,Mike,L,R,NYA
frazc001,Frazier,Clint,R,R,NYA
gardb001,Gardner,Brett,L,L,NYA
gearc001,Gearrin,Cory,R,R,NYA
germd001,German,Domingo,R,R,NYA
greec003,Green,Chad,L,R,NYA
gregd001,Gregorius,Didi,L,R,NYA
haled001,Hale,David,R,R,NYA
happj001,Happ,J.A.,L,L,NYA
harvj001,Harvey,Joe,R,R,NYA
hellb001,Heller,Ben,R,R,NYA
hicka001,Hicks,Aaron,B,R,NYA
higak001,Higashioka,Kyle,R,R,NYA
holdj002,Holder,Jonathan,R,R,NYA
judga001,Judge,Aaron,R,R,NYA
kahnt001,Kahnle,Tommy,R,R,NYA
kingm002,King,Michael,R,R,NYA
lailb001,Lail,Brady,R,R,NYA
lemad001,LeMahieu,DJ,R,R,NYA
loaij001,Loaisiga,Jonathan,R,R,NYA
lyont001,Lyons,Tyler,B,L,NYA
mantj002,Mantiply,Joe,R,L,NYA
maybc001,Maybin,Cameron,R,R,NYA
montj004,Montgomery,Jordan,L,L,NYA
morak001,Morales,Kendrys,B,R,NYA
ottaa001,Ottavino,Adam,B,R,NYA
paxtj001,Paxton,James,L,L,NYA
romia002,Romine,Austin,R,R,NYA
rosaa004,Rosa,Adonis,R,R,NYA
sabac001,Sabathia,CC,L,L,NYA
sancg002,Sanchez,Gary,R,R,NYA
sevel001,Severino,Luis,R,R,NYA
stanm004,Stanton,Giancarlo,R,R,NYA
tanam001,Tanaka,Masahiro,R,R,NYA
taucm001,Tauchman,Mike,L,L,NYA
tarps001,Tarpley,Stephen,R,L,NYA
torrg001,Torres,Gleyber,R,R,NYA
tulot001,Tulowitzki,Troy,R,R,NYA
urshg001,Urshela,Gio,R,R,NYA
valeb001,Valera,Breyvic,B,R,NYA
voitl001,Voit,Luke,R,R,NYA
wadet002,Wade,Tyler,L,R,NYA
alonp001,Alonso,Pete,R,R,NYN
altha001,Altherr,Aaron,R,R,NYN
avill001,Avilan,Luis,L,L,NYN
basht001,Bashlor,Tyler,R,R,NYN
bracb001,Brach,Brad,R,R,NYN
broxk001,Broxton,Keon,R,R,NYN
canor001,Cano,Robinson,L,R,NYN
confm001,Conforto,Michael,L,R,NYN
darnt001,d'Arnaud,Travis,R,R,NYN
davij006,Davis,J.D.,R,R,NYN
degrj001,deGrom,Jacob,L,R,NYN
diaze006,Diaz,Edwin,R,R,NYN
davir003,Davis,Rajai,R,R,NYN
famij001,Familia,Jeurys,R,R,NYN
flexc001,Flexen,Chris,R,R,NYN
fontw001,Font,Wilmer,R,R,NYN
frazt001,Frazier,Todd,R,R,NYN
gagnd001,Gagnon,Drew,R,R,NYN
gomec002,Gomez,Carlos,R,R,NYN
gselr001,Gsellman,Robert,R,R,NYN
guill001,Guillorme,Luis,L,R,NYN
haggs001,Haggerty,Sam,B,R,NYN
hartd002,Hart,Donnie,L,L,NYN
hecha001,Hechavarria,Adeiny,R,R,NYN
lagaj001,Lagares,Juan,R,R,NYN
lockw001,Lockett,Walker,R,R,NYN
lowrj001,Lowrie,Jed,B,R,NYN
lugos001,Lugo,Seth,R,R,NYN
matzs001,Matz,Steven,R,L,NYN
mazzc002,Mazza,Chris,R,R,NYN
mcnej002,McNeil,Jeff,L,R,NYN
nidot001,Nido,Tomas,R,R,NYN
nimmb001,Nimmo,Brandon,L,R,NYN
nogos001,Nogosek,Stephen,R,R,NYN
orour001,O'Rourke,Ryan,R,L,NYN
oswac001,Oswalt,Corey,R,R,NYN
panij002,Panik,Joe,L,R,NYN
petet001,Peterson,Tim,R,R,NYN
pounb001,Pounders,Brooks,R,R,NYN
ramow001,Ramos,Wilson,R,R,NYN
rhamj001,Rhame,Jacob,R,R,NYN
river003,Rivera,Rene,R,R,NYN
rosaa003,Rosario,Amed,R,R,NYN
santh001,Santiago,Hector,R,L,NYN
sewap001,Sewald,Paul,R,R,NYN
smitd008,Smith,Dominic,L,L,NYN
strom001,Stroman,Marcus,R,R,NYN
syndn001,Syndergaard,Noah,L,R,NYN
tejar001,Tejada,Ruben,R,R,NYN
vargj001,Vargas,Jason,L,L,NYN
wheez001,Wheeler,Zack,L,R,NYN
wilsj004,Wilson,Justin,L,L,NYN
zamod001,Zamora,Daniel,L,L,NYN
andeb004,Anderson,Brett,L,L,OAK
andet003,Anderson,Tanner,R,R,OAK
bailh001,Bailey,Homer,R,R,OAK
barrf001,Barreto,Franklin,R,R,OAK
bassc001,Bassitt,Chris,R,R,OAK
blacp001,Blackburn,Paul,R,R,OAK
bolts001,Bolt,Skye,B,R,OAK
brooa001,Brooks,Aaron,R,R,OAK
brows003,Brown,Seth,L,L,OAK
buchr001,Buchter,Ryan,L,L,OAK
canhm001,Canha,Mark,R,R,OAK
chapm001,Chapman,Matt,R,R,OAK
davik003,Davis,Khris,R,R,OAK
diekj001,Diekman,Jake,L,L,OAK
dullr001,Dull,Ryan,R,R,OAK
estrm001,Estrada,Marco,R,R,OAK
fierm001,Fiers,Mike,R,R,OAK
garnd001,Garneau,Dustin,R,R,OAK
grosr001,Grossman,Robbie,B,L,OAK
hendl001,Hendriks,Liam,R,R,OAK
herrc001,Herrmann,Chris,L,R,OAK
hundn001,Hundley,Nick,R,R,OAK
josec001,Joseph,Corban,L,R,OAK
laurr001,Laureano,Ramon,R,R,OAK
luzaj001,Luzardo,Jesus,L,L,OAK
manas001,Manaea,Sean,R,L,OAK
martn003,Martini,Nick,L,L,OAK
mengd001,Mengden,Daniel,R,R,OAK
montf001,Montas,Frankie,R,R,OAK
morak001,Morales,Kendrys,B,R,OAK
murps001,Murphy,Sean,R,R,OAK
neuss001,Neuse,Sheldon,R,R,OAK
olsom001,Olson,Matt,L,R,OAK
petiy001,Petit,Yusmeiro,R,R,OAK
phegj001,Phegley,Josh,R,R,OAK
pindc001,Pinder,Chad,R,R,OAK
piscs001,Piscotty,Stephen,R,R,OAK
profj001,Profar,Jurickson,B,R,OAK
puk-a001,Puk,A.J.,L,L,OAK
roart001,Roark,Tanner,R,R,OAK
rodnf001,Rodney,Fernando,R,R,OAK
schlb001,Schlitter,Brian,R,R,OAK
semim001,Semien,Marcus,R,R,OAK
sorij001,Soria,Joakim,R,R,OAK
taylb003,Taylor,Beau,L,R,OAK
treib001,Treinen,Blake,R,R,OAK
trivl001,Trivino,Lou,R,R,OAK
wangw001,Wang,Wei-Chung,L,L,OAK
wendj001,Wendelken,J.B.,R,R,OAK
altha001,Altherr,Aaron,R,R,PHI
alvaj003,Alvarez,Jose,L,L,PHI
anded003,Anderson,Drew,R,R,PHI
aranv001,Arano,Victor,R,R,PHI
arrij001,Arrieta,Jake,R,R,PHI
branr002,Brantly,Rob,L,R,PHI
brucj001,Bruce,Jay,L,L,PHI
cozed001,Cozens,Dylan,L,L,PHI
davia003,Davis,Austin,L,L,PHI
deloe001,De Los Santos,Enyel,R,R,PHI
dickc002,Dickerson,Corey,L,R,PHI
domis001,Dominguez,Seranthony,R,R,PHI
efliz001,Eflin,Zach,R,R,PHI
eickj001,Eickhoff,Jerad,R,R,PHI
franm004,Franco,Maikel,R,R,PHI
garce001,Garcia,Edgar,R,R,PHI
gossp001,Gosselin,Phil,R,R,PHI
gruld001,Grullon,Deivy,R,R,PHI
hammj003,Hammer,JD,R,R,PHI
harpb003,Harper,Bryce,L,R,PHI
hasea001,Haseley,Adam,L,L,PHI
hernc005,Hernandez,Cesar,B,R,PHI
herro001,Herrera,Odubel,L,R,PHI
hoskr001,Hoskins,Rhys,R,R,PHI
hughj001,Hughes,Jared,R,R,PHI
huntt002,Hunter,Tommy,R,R,PHI
irvic001,Irvin,Cole,L,L,PHI
kings001,Kingery,Scott,R,R,PHI
knapa001,Knapp,Andrew,B,R,PHI
mccua001,McCutchen,Andrew,R,R,PHI
millb002,Miller,Brad,L,R,PHI
morga001,Morgan,Adam,L,L,PHI
morim002,Morin,Mike,R,R,PHI
morrl001,Morrison,Logan,L,L,PHI
nerih001,Neris,Hector,R,R,PHI
neshp001,Neshek,Pat,B,R,PHI
nicaj001,Nicasio,Juan,R,R,PHI
nolaa001,Nola,Aaron,R,R,PHI
parkb001,Parker,Blake,R,R,PHI
pirej001,Pirela,Jose,R,R,PHI
piven001,Pivetta,Nick,R,R,PHI
quinr003,Quinn,Roman,B,R,PHI
ramoe002,Ramos,Edubray,R,R,PHI
realj001,Realmuto,J.T.,R,R,PHI
robed002,Robertson,David,R,R,PHI
rodrs002,Rodriguez,Sean,R,R,PHI
riosy001,Rios,Yacksel,R,R,PHI
salaf001,Salas,Fernando,R,R,PHI
seguj002,Segura,Jean,R,R,PHI
smyld001,Smyly,Drew,L,L,PHI
suarr001,Suarez,Ranger,L,L,PHI
vargj001,Vargas,Jason,L,L,PHI
velav001,Velasquez,Vincent,R,R,PHI
vincn001,Vincent,Nick,R,R,PHI
waldm001,Walding,Mitch,L,R,PHI
willn001,Williams,Nick,L,L,PHI
archc001,Archer,Chris,R,R,PIT
agrad001,Agrazal,Dario,R,R,PIT
baros002,Baron,Steve,R,R,PIT
bellj005,Bell,Josh,B,R,PIT
braus002,Brault,Steven,L,L,PIT
burdn001,Burdi,Nick,R,R,PIT
cabrm002,Cabrera,Melky,B,L,PIT
cervf001,Cervelli,Francisco,R,R,PIT
crick001,Crick,Kyle,L,R,PIT
davir004,Davis,Rookie,R,R,PIT
diaze005,Diaz,Elias,R,R,PIT
dickc002,Dickerson,Corey,L,R,PIT
duram002,DuRapau,Montana,R,R,PIT
elmoj001,Elmore,Jake,R,R,PIT
escol001,Escobar,Luis,R,R,PIT
felim001,Feliz,Michael,R,R,PIT
fraza001,Frazier,Adam,L,R,PIT
gonze004,Gonzalez,Erik,R,R,PIT
hartg001,Hartlieb,Geoff,R,R,PIT
holmc001,Holmes,Clay,R,R,PIT
jerew001,Jerez,Williams,L,L,PIT
josec001,Joseph,Corban,L,R,PIT
kangj001,Kang,Jung Ho,R,R,PIT
kelak001,Kela,Keone,R,R,PIT
kellm003,Keller,Mitch,R,R,PIT
kingn001,Kingham,Nick,R,R,PIT
kramk001,Kramer,Kevin,L,R,PIT
lirif001,Liriano,Francisco,L,L,PIT
lylej001,Lyles,Jordan,R,R,PIT
lyont001,Lyons,Tyler,B,L,PIT
markp001,Markel,Parker,R,R,PIT
marts002,Marte,Starling,R,R,PIT
martj009,Martin,Jason,L,R,PIT
marvj001,Marvel,James,R,R,PIT
mcraa001,McRae,Alex,R,R,PIT
morac001,Moran,Colin,L,R,PIT
musgj001,Musgrove,Joe,R,R,PIT
neved001,Neverauskas,Dovydas,R,R,PIT
newmk001,Newman,Kevin,R,R,PIT
osunj001,Osuna,Jose,R,R,PIT
polag001,Polanco,Gregory,L,L,PIT
ramiy001,Ramirez,Yefry,R,R,PIT
reyep001,Reyes,Pablo,R,R,PIT
reynb001,Reynolds,Bryan,B,R,PIT
riosy001,Rios,Yacksel,R,R,PIT
rodrr008,Rodriguez,Richard,R,R,PIT
shucj001,Shuck,J.B.,L,L,PIT
stalj001,Stallings,Jacob,R,R,PIT
strac001,Stratton,Chris,R,R,PIT
tailj001,Taillon,Jameson,R,R,PIT
tuckc001,Tucker,Cole,B,R,PIT
rivef001,Vazquez,Felipe,L,L,PIT
wangw001,Wang,Wei-Chung,L,L,PIT
willt002,Williams,Trevor,R,R,PIT
allea001,Allen,Austin,L,R,SDN
allel002,Allen,Logan,R,L,SDN
avilp001,Avila,Pedro,R,R,SDN
baezm001,Baez,Michel,R,R,SDN
bednd001,Bednar,David,L,R,SDN
bolar001,Bolanos,Ronald,R,R,SDN
castj007,Castillo,Jose,L,L,SDN
cordf003,Cordero,Franchy,L,R,SDN
diazm004,Diaz,Miguel,R,R,SDN
dicka001,Dickerson,Alex,L,L,SDN
edwac001,Edwards,Carl,R,R,SDN
erlir001,Erlin,Robbie,R,L,SDN
frant002,France,Ty,R,R,SDN
garcg002,Garcia,Greg,L,R,SDN
guerj004,Guerra,Javy,L,R,SDN
hedga001,Hedges,Austin,R,R,SDN
hosme001,Hosmer,Eric,L,L,SDN
jankt001,Jankowski,Travis,L,R,SDN
kinsi001,Kinsler,Ian,R,R,SDN
lamed001,Lamet,Dinelson,R,R,SDN
lauee001,Lauer,Eric,R,L,SDN
loupa001,Loup,Aaron,L,L,SDN
luccj001,Lucchesi,Joey,L,L,SDN
machm001,Machado,Manny,R,R,SDN
margn001,Margevicius,Nick,L,L,SDN
margm001,Margot,Manuel,R,R,SDN
martn003,Martini,Nick,L,L,SDN
matop002,Maton,Phil,R,R,SDN
mejif001,Mejia,Francisco,B,R,SDN
mejis001,Mejias-Brean,Seth,R,R,SDN
morea001,Morejon,Adrian,L,L,SDN
munoa002,Munoz,Andres,R,R,SDN
myerw001,Myers,Wil,R,R,SDN
naylj001,Naylor,Josh,L,L,SDN
paddc001,Paddack,Chris,R,R,SDN
perdl002,Perdomo,Luis,R,R,SDN
pirej001,Pirela,Jose,R,R,SDN
quanc001,Quantrill,Cal,L,R,SDN
renfh001,Renfroe,Hunter,R,R,SDN
reyef001,Reyes,Franmil,R,R,SDN
reyeg002,Reyes,Gerardo,R,R,SDN
richg002,Richards,Garrett,R,R,SDN
stamc001,Stammen,Craig,R,R,SDN
stocr001,Stock,Robert,L,R,SDN
stram001,Strahm,Matt,R,L,SDN
tatif002,Tatis,Fernando,R,R,SDN
torrl001,Torrens,Luis,R,R,SDN
urial001,Urias,Luis,R,R,SDN
warra001,Warren,Adam,R,R,SDN
wiecb001,Wieck,Brad,L,L,SDN
wingt001,Wingenter,Trey,R,R,SDN
wislm001,Wisler,Matt,R,R,SDN
yarde001,Yardley,Eric,R,R,SDN
yatek001,Yates,Kirby,L,R,SDN
adama002,Adams,Austin,R,R,SEA
alanr001,Alaniz,R.J.,R,R,SEA
altad001,Altavilla,Dan,R,R,SEA
armss001,Armstrong,Shawn,R,R,SEA
bassa001,Bass,Anthony,R,R,SEA
bautg001,Bautista,Gerson,R,R,SEA
beckt001,Beckham,Tim,R,R,SEA
biddj001,Biddle,Jesse,L,L,SEA
bishb001,Bishop,Braden,R,R,SEA
bradc002,Bradford,Chasen,R,R,SEA
brenb003,Brennan,Brandon,R,R,SEA
broxk001,Broxton,Keon,R,R,SEA
brucj001,Bruce,Jay,L,L,SEA
caram001,Carasiti,Matt,R,R,SEA
courr001,Court,Ryan,R,R,SEA
crawj002,Crawford,J.P.,L,R,SEA
eliar001,Elias,Roenis,L,L,SEA
dunnj002,Dunn,Justin,R,R,SEA
encae001,Encarnacion,Edwin,R,R,SEA
festm001,Festa,Matt,R,R,SEA
fralj001,Fraley,Jake,L,L,SEA
freid001,Freitas,David,R,R,SEA
gartr001,Garton,Ryan,R,R,SEA
gearc001,Gearrin,Cory,R,R,SEA
gonzm005,Gonzales,Marco,L,L,SEA
gordd002,Gordon,Dee,L,R,SEA
grotz001,Grotz,Zac,R,R,SEA
guilt001,Guilbeau,Taylor,L,L,SEA
hanim001,Haniger,Mitch,R,R,SEA
healr001,Healy,Ryon,R,R,SEA
hernf002,Hernandez,Felix,R,R,SEA
kikuy001,Kikuchi,Yusei,L,L,SEA
leakm001,Leake,Mike,R,R,SEA
leblw001,LeBlanc,Wade,L,L,SEA
lewik001,Lewis,Kyle,R,R,SEA
longs001,Long,Shed,L,R,SEA
lopet001,Lopes,Tim,R,R,SEA
magim001,Magill,Matt,R,R,SEA
markp001,Markel,Parker,R,R,SEA
mcclr001,McClain,Reggie,R,R,SEA
mckad001,McKay,David,R,R,SEA
milot001,Milone,Tom,L,L,SEA
moora002,Moore,Andrew,R,R,SEA
moord002,Moore,Dylan,R,R,SEA
murpt002,Murphy,Tom,R,R,SEA
narvo001,Narvaez,Omar,L,R,SEA
negrk001,Negron,Kristopher,R,R,SEA
nolaa002,Nola,Austin,R,R,SEA
rossz001,Rosscup,Zac,R,L,SEA
rumbn001,Rumbelow,Nick,R,R,SEA
sadzc001,Sadzeck,Connor,R,R,SEA
santd002,Santana,Domingo,R,R,SEA
scott004,Scott,Tayler,R,R,SEA
seagk001,Seager,Kyle,L,R,SEA
shefj001,Sheffield,Justus,L,L,SEA
smitm007,Smith,Mallex,L,R,SEA
strih001,Strickland,Hunter,R,R,SEA
suzui001,Suzuki,Ichiro,L,R,SEA
swane001,Swanson,Erik,R,R,SEA
swara001,Swarzak,Anthony,R,R,SEA
tuivs001,Tuivailala,Sam,R,R,SEA
voged001,Vogelbach,Daniel,L,R,SEA
waltd002,Walton,Donnie,L,R,SEA
warra002,Warren,Art,R,R,SEA
willm008,Williamson,Mac,R,R,SEA
wislm001,Wisler,Matt,R,R,SEA
wrigm001,Wright,Mike,R,R,SEA
abadf001,Abad,Fernando,L,L,SFN
adamc001,Adames,Cristhian,B,R,SFN
altha001,Altherr,Aaron,R,R,SFN
andes002,Anderson,Shaun,R,R,SFN
austt001,Austin,Tyler,R,R,SFN
avela001,Avelino,Abiatal,R,R,SFN
barrk002,Barraclough,Kyle,R,R,SFN
beedt001,Beede,Tyler,R,R,SFN
beltb001,Belt,Brandon,L,L,SFN
bergt001,Bergen,Travis,L,L,SFN
blacr001,Black,Ray,R,R,SFN
blact002,Blach,Ty,R,L,SFN
bumgm001,Bumgarner,Madison,R,L,SFN
coons001,Coonrod,Sam,R,R,SFN
crawb001,Crawford,Brandon,L,R,SFN
cuetj001,Cueto,Johnny,R,R,SFN
davij008,Davis,Jaylin,R,R,SFN
dicka001,Dickerson,Alex,L,L,SFN
dubom001,Dubon,Mauricio,R,R,SFN
duggs001,Duggar,Steven,L,R,SFN
dysos001,Dyson,Sam,R,R,SFN
frane001,Franco,Enderson,R,R,SFN
garca006,Garcia,Aramis,R,R,SFN
genns001,Gennett,Scooter,L,R,SFN
gerbm001,Gerber,Mike,L,R,SFN
gottt001,Gott,Trevor,R,R,SFN
greez001,Green,Zach,R,R,SFN
gustj001,Gustave,Jandel,R,R,SFN
holld003,Holland,Derek,B,L,SFN
jerew001,Jerez,Williams,L,L,SFN
joe-c001,Joe,Connor,R,R,SFN
josec001,Joseph,Corban,L,R,SFN
krate001,Kratz,Erik,R,R,SFN
longe001,Longoria,Evan,R,R,SFN
melam001,Melancon,Mark,R,R,SFN
menec001,Menez,Conner,L,L,SFN
moror001,Moronta,Reyes,R,R,SFN
panij002,Panik,Joe,L,R,SFN
parrg001,Parra,Gerardo,L,L,SFN
peraw002,Peralta,Wandy,L,L,SFN
pillk001,Pillar,Kevin,R,R,SFN
pomed001,Pomeranz,Drew,R,L,SFN
poseb001,Posey,Buster,R,R,SFN
reedm001,Reed,Michael,R,R,SFN
rickj001,Rickard,Joey,R,L,SFN
rodrd001,Rodriguez,Dereck,R,R,SFN
roget002,Rogers,Tyler,R,R,SFN
samaj001,Samardzija,Jeff,R,R,SFN
sandp001,Sandoval,Pablo,B,R,SFN
selms001,Selman,Sam,R,L,SFN
shawc001,Shaw,Chris,L,R,SFN
slata001,Slater,Austin,R,R,SFN
smitb005,Smith,Burch,R,R,SFN
smitw002,Smith,Will,R,L,SFN
solad001,Solano,Donovan,R,R,SFN
solay001,Solarte,Yangervis,B,R,SFN
suara002,Suarez,Andrew,L,L,SFN
vendp001,Venditte,Pat,L,L,SFN
vincn001,Vincent,Nick,R,R,SFN
vogts001,Vogt,Stephen,L,R,SFN
watst001,Watson,Tony,L,L,SFN
webbl001,Webb,Logan,R,R,SFN
willm008,Williamson,Mac,R,R,SFN
yastm001,Yastrzemski,Mike,L,L,SFN
arozr001,Arozarena,Randy,R,R,SLN
badeh001,Bader,Harrison,R,R,SLN
brebj001,Brebbia,John,L,R,SLN
cabrg001,Cabrera,Genesis,L,L,SLN
carpm002,Carpenter,Matt,L,R,SLN
dejop001,DeJong,Paul,R,R,SLN
edmat001,Edman,Tommy,B,R,SLN
fernj006,Fernandez,Junior,R,R,SLN
flahj002,Flaherty,Jack,R,R,SLN
fowld001,Fowler,Dexter,B,R,SLN
gallg001,Gallegos,Giovanny,R,R,SLN
gantj002,Gant,John,R,R,SLN
goldp001,Goldschmidt,Paul,R,R,SLN
gregl001,Gregerson,Luke,L,R,SLN
gyorj001,Gyorko,Jedd,R,R,SLN
helsr001,Helsley,Ryan,R,R,SLN
hickj002,Hicks,Jordan,R,R,SLN
hudsd002,Hudson,Dakota,R,R,SLN
hudsj002,Hudson,Joe,R,R,SLN
kniza001,Knizner,Andrew,R,R,SLN
leond003,Leone,Dominic,R,R,SLN
martc006,Martinez,Carlos,R,R,SLN
martj008,Martinez,Jose,R,R,SLN
mayem001,Mayers,Mike,R,R,SLN
mejia001,Mejia,Adalberto,R,L,SLN
mikom001,Mikolas,Miles,R,R,SLN
milla002,Miller,Andrew,L,L,SLN
moliy001,Molina,Yadier,R,R,SLN
munoy001,Munoz,Yairo,R,R,SLN
oneit001,O'Neill,Tyler,R,R,SLN
ozunm001,Ozuna,Marcell,R,R,SLN
poncd001,Ponce de Leon,Daniel,R,R,SLN
raver001,Ravelo,Rangel,R,R,SLN
reyea004,Reyes,Alex,R,R,SLN
robid003,Robinson,Drew,L,R,SLN
shrec001,Shreve,Chasen,L,L,SLN
sosae001,Sosa,Edmundo,R,R,SLN
thoml002,Thomas,Lane,R,R,SLN
wachm001,Wacha,Michael,R,R,SLN
waina001,Wainwright,Adam,R,R,SLN
webbt001,Webb,Tyler,R,L,SLN
wietm001,Wieters,Matt,B,R,SLN
wongk001,Wong,Kolten,L,R,SLN
adamw002,Adames,Willy,R,R,TBA
aguij001,Aguilar,Jesus,R,R,TBA
alvaj004,Alvarado,Jose,L,L,TBA
anden001,Anderson,Nick,R,R,TBA
arroc001,Arroyo,Christian,R,R,TBA
banda001,Banda,Anthony,L,L,TBA
beekj001,Beeks,Jalen,L,L,TBA
bemba001,Bemboom,Anthony,L,R,TBA
brosm001,Brosseau,Michael,R,R,TBA
castd002,Castillo,Diego,R,R,TBA
chiry001,Chirinos,Yonny,R,R,TBA
choij001,Choi,Ji-Man,L,R,TBA
ciufn001,Ciuffo,Nick,L,R,TBA
darnt001,d'Arnaud,Travis,R,R,TBA
davij009,Davis,Johnny,B,R,TBA
delej003,De Leon,Jose,R,R,TBA
diazy001,Diaz,Yandy,R,R,TBA
drako001,Drake,Oliver,R,R,TBA
duffm002,Duffy,Matt,R,R,TBA
fairp001,Fairbanks,Peter,R,R,TBA
farij001,Faria,Jacob,R,R,TBA
fontw001,Font,Wilmer,R,R,TBA
garca003,Garcia,Avisail,R,R,TBA
gibai001,Gibaut,Ian,R,R,TBA
glast001,Glasnow,Tyler,L,R,TBA
hereg002,Heredia,Guillermo,R,L,TBA
kierk001,Kiermaier,Kevin,L,R,TBA
kitta001,Kittredge,Andrew,R,R,TBA
kolaa001,Kolarek,Adam,L,L,TBA
krate001,Kratz,Erik,R,R,TBA
loweb001,Lowe,Brandon,L,R,TBA
lowen001,Lowe,Nate,L,R,TBA
mckab001,McKay,Brendan,L,L,TBA
meada001,Meadows,Austin,L,L,TBA
milnh001,Milner,Hoby,L,L,TBA
mortc002,Morton,Charlie,R,R,TBA
pagae001,Pagan,Emilio,L,R,TBA
perem005,Perez,Michael,L,R,TBA
phamt001,Pham,Tommy,R,R,TBA
pintr002,Pinto,Ricardo,R,R,TBA
pochc001,Poche,Colin,L,L,TBA
pruia001,Pruitt,Austin,R,R,TBA
richt001,Richards,Trevor,R,R,TBA
robed004,Robertson,Daniel,R,R,TBA
roe-c001,Roe,Chaz,R,R,TBA
sadlc002,Sadler,Casey,R,R,TBA
slega001,Slegers,Aaron,R,R,TBA
snelb001,Snell,Blake,L,L,TBA
sogae001,Sogard,Eric,L,R,TBA
stanr002,Stanek,Ryne,R,R,TBA
sulsc001,Sulser,Cole,R,R,TBA
velaa001,Velazquez,Andrew,B,R,TBA
wendj002,Wendle,Joey,L,R,TBA
wongk002,Wong,Kean,L,R,TBA
woodh001,Wood,Hunter,R,R,TBA
yarbr001,Yarbrough,Ryan,R,L,TBA
zunim001,Zunino,Mike,R,R,TBA
allak001,Allard,Kolby,L,L,TEX
andre001,Andrus,Elvis,R,R,TEX
biddj001,Biddle,Jesse,L,L,TEX
birdk001,Bird,Kyle,L,L,TEX
burkb001,Burke,Brock,L,L,TEX
cabra002,Cabrera,Asdrubal,B,R,TEX
calhw001,Calhoun,Willie,L,R,TEX
carpd001,Carpenter,David,R,R,TEX
chavj001,Chavez,Jesse,R,R,TEX
choos001,Choo,Shin-Soo,L,L,TEX
clase001,Clase,Emmanuel,R,R,TEX
deshd002,DeShields,Delino,R,R,TEX
dowdk001,Dowdy,Kyle,R,R,TEX
fairp001,Fairbanks,Peter,R,R,TEX
farrl001,Farrell,Luke,L,R,TEX
fedet001,Federowicz,Tim,R,R,TEX
forsl001,Forsythe,Logan,R,R,TEX
gallj002,Gallo,Joey,L,R,TEX
gibai001,Gibaut,Ian,R,R,TEX
gomej002,Gomez,Jeanmar,R,R,TEX
guert002,Guerrieri,Taylor,R,R,TEX
guzmr001,Guzman,Ronald,L,L,TEX
heart001,Hearn,Taylor,L,L,TEX
heins001,Heineman,Scott,R,R,TEX
hernj004,Hernandez,Jonathan,R,R,TEX
huanw001,Huang,Wei-Chieh,R,R,TEX
juraa001,Jurado,Ariel,R,R,TEX
kells001,Kelley,Shawn,R,R,TEX
kinei001,Kiner-Falefa,Isiah,R,R,TEX
leclj001,Leclerc,Jose,R,R,TEX
lynnl001,Lynn,Lance,B,R,TEX
martb002,Martin,Brett,L,L,TEX
martc007,Martin,Chris,R,R,TEX
mathj001,Mathis,Jeff,R,R,TEX
mazan001,Mazara,Nomar,L,L,TEX
mendy001,Mendez,Yohander,L,L,TEX
mills001,Miller,Shelby,R,R,TEX
minom001,Minor,Mike,R,L,TEX
montr004,Montero,Rafael,R,R,TEX
odorr001,Odor,Rougned,L,R,TEX
paluj001,Palumbo,Joe,L,L,TEX
payap001,Payano,Pedro,R,R,TEX
pench001,Pence,Hunter,R,R,TEX
sampa001,Sampson,Adrian,R,R,TEX
santd001,Santana,Danny,B,R,TEX
smyld001,Smyly,Drew,L,L,TEX
solan001,Solak,Nick,R,R,TEX
sprij001,Springs,Jeffrey,L,L,TEX
stjol001,St. John,Locke,L,L,TEX
trevj001,Trevino,Jose,R,R,TEX
valdp002,Valdez,Phillips,R,R,TEX
volqe001,Volquez,Edinson,R,R,TEX
wisdp001,Wisdom,Patrick,R,R,TEX
adamj002,Adam,Jason,R,R,TOR
alfoa002,Alford,Anthony,R,R,TOR
biagj001,Biagini,Joe,R,R,TOR
bichb001,Bichette,Bo,R,R,TOR
biggc002,Biggio,Cavan,L,R,TOR
borur001,Borucki,Ryan,L,L,TOR
boshb001,Boshers,Buddy,L,L,TOR
brits001,Brito,Socrates,L,L,TOR
buchc001,Buchholz,Clay,L,R,TOR
cordj001,Cordero,Jimmy,R,R,TOR
davij007,Davis,Jonathan,R,R,TOR
diazy002,Diaz,Yennsy,R,R,TOR
drurb001,Drury,Brandon,R,R,TOR
dullr001,Dull,Ryan,R,R,TOR
feier001,Feierabend,Ryan,L,L,TOR
fishd001,Fisher,Derek,L,R,TOR
fontw001,Font,Wilmer,R,R,TOR
galvf001,Galvis,Freddy,B,R,TOR
gavis001,Gaviglio,Sam,R,R,TOR
gilek001,Giles,Ken,R,R,TOR
godlz001,Godley,Zack,R,R,TOR
gricr001,Grichuk,Randal,R,R,TOR
guerj002,Guerra,Javy,R,R,TOR
guerv002,Guerrero,Vladimir,R,R,TOR
gurrl001,Gurriel,Lourdes,R,R,TOR
hansa001,Hanson,Alen,B,R,TOR
hernt002,Hernandez,Teoscar,R,R,TOR
hudsd001,Hudson,Daniel,R,R,TOR
jacke001,Jackson,Edwin,R,R,TOR
jansd001,Jansen,Danny,R,R,TOR
kay-a001,Kay,Anthony,L,L,TOR
kingn001,Kingham,Nick,R,R,TOR
law-d001,Law,Derek,R,R,TOR
lucie001,Luciano,Elvis,R,R,TOR
maill001,Maile,Luke,R,R,TOR
mayzt001,Mayza,Tim,L,L,TOR
mcgur002,McGuire,Reese,L,R,TOR
mckib001,McKinney,Billy,L,L,TOR
pannt001,Pannone,Thomas,L,L,TOR
pheld001,Phelps,David,R,R,TOR
pillk001,Pillar,Kevin,R,R,TOR
ramin001,Ramirez,Neil,R,R,TOR
reids001,Reid-Foley,Sean,R,R,TOR
richc002,Richard,Clayton,L,L,TOR
romaj004,Romano,Jordan,R,R,TOR
rossz001,Rosscup,Zac,R,L,TOR
sanca006,Sanchez,Aaron,R,R,TOR
shafj001,Shafer,Justin,R,R,TOR
shoem001,Shoemaker,Matt,R,R,TOR
smoaj001,Smoak,Justin,B,L,TOR
sogae001,Sogard,Eric,L,R,TOR
stewb001,Stewart,Brock,L,R,TOR
strom001,Stroman,Marcus,R,R,TOR
taylb003,Taylor,Beau,L,R,TOR
tellr001,Tellez,Rowdy,L,L,TOR
teper001,Tepera,Ryan,R,R,TOR
thort002,Thornton,Trent,R,R,TOR
urenr001,Urena,Richard,B,R,TOR
valeb001,Valera,Breyvic,B,R,TOR
waguj001,Waguespack,Jacob,R,R,TOR
zeuct001,Zeuch,T.J.,R,R,TOR
adama002,Adams,Austin,R,R,WAS
adamm002,Adams,Matt,L,R,WAS
barra001,Barrett,Aaron,R,R,WAS
barrt004,Barrera,Tres,R,R,WAS
barrk002,Barraclough,Kyle,R,R,WAS
blazm001,Blazek,Michael,R,R,WAS
bourj003,Bourque,James,R,R,WAS
cabra002,Cabrera,Asdrubal,B,R,WAS
corbp001,Corbin,Patrick,L,L,WAS
difow001,Difo,Wilmer,B,R,WAS
dools001,Doolittle,Sean,L,L,WAS
dozib001,Dozier,Brian,R,R,WAS
eatoa002,Eaton,Adam,L,L,WAS
eliar001,Elias,Roenis,L,L,WAS
fedde001,Fedde,Erick,R,R,WAS
gomey001,Gomes,Yan,R,R,WAS
gracm003,Grace,Matt,L,L,WAS
guerj002,Guerra,Javy,R,R,WAS
hellj001,Hellickson,Jeremy,R,R,WAS
hudsd001,Hudson,Daniel,R,R,WAS
jennd003,Jennings,Dan,L,L,WAS
kendh001,Kendrick,Howie,R,R,WAS
kiebc001,Kieboom,Carter,R,R,WAS
mcgok002,McGowin,Kyle,R,R,WAS
millj006,Miller,Justin,R,R,WAS
nollj001,Noll,Jake,R,R,WAS
parrg001,Parra,Gerardo,L,L,WAS
raint003,Rainey,Tanner,R,R,WAS
readr002,Read,Raudy,R,R,WAS
renda001,Rendon,Anthony,R,R,WAS
roblv001,Robles,Victor,R,R,WAS
rodnf001,Rodney,Fernando,R,R,WAS
roset001,Rosenthal,Trevor,R,R,WAS
rossj002,Ross,Joe,R,R,WAS
sanca004,Sanchez,Anibal,R,R,WAS
sanca007,Sanchez,Adrian,R,R,WAS
schem001,Scherzer,Max,R,R,WAS
sippt001,Sipp,Tony,L,L,WAS
sotoj001,Soto,Juan,L,L,WAS
steva001,Stevenson,Andrew,L,L,WAS
stras001,Strasburg,Stephen,R,R,WAS
strih001,Strickland,Hunter,R,R,WAS
suerw002,Suero,Wander,R,R,WAS
suzuk001,Suzuki,Kurt,R,R,WAS
taylm002,Taylor,Michael,R,R,WAS
turnt001,Turner,Trea,R,R,WAS
ventj001,Venters,Jonny,L,L,WAS
votha001,Voth,Austin,R,R,WAS
willa003,Williams,Austen,R,R,WAS
zimmr001,Zimmerman,Ryan,R,R,WAS
